record_id,region_code,region_name,unit_code,unit_name,location_type,mapped_place,latitude,longitude,location_basis,title,description,fund_source
1,NER,Northeast,ACAD,Acadia National Park,park unit,Acadia National Park,44.3379,-68.2455,as listed,Fill Abandoned Culvert East Side of Cliffside Bridge,Title I and II A&E services to fill abandoned culvert on eastern side of Cliffside Bridge.,Other
2,NER,Northeast,ACAD,Acadia National Park,park unit,Acadia National Park,44.3379,-68.2455,as listed,"Move Office Furniture from Boston to Acadia, New Maintenance Facility","Inter-agency furniture move from Boston to Bar Harbor, ME, Acadia National Park. Furniture will be picked up, delivered and placed in new facility by moving company.",Interagency agreement
3,NER,Northeast,ACAD,Acadia National Park,park unit,Acadia National Park,44.3379,-68.2455,as listed,Purchase Rock/Stone Grab for Excavator,"To facilitate and improve efficiency when performing work on park carriage roads, this stone/rock grabble will be used to reset coping stones and remove downed trees.",Recreation fees (FLREA)
4,NER,Northeast,ACAD,Acadia National Park,park unit,Acadia National Park,44.3379,-68.2455,as listed,Resurface and Regrade Carriage Roads,Resurface and Regrade Carriage Roads,Recreation fees (FLREA)
5,WASO,National (WASO),AOC,Accounting Operations Center,"office, program, network, or trail","Herndon, Virginia",38.9594,-77.4147,as listed,AOC Mail Courier Service,"AOC Mail Courier Service - Option Year 4 - (SKYLANE SOLUTIONS, LLC)",Park operations (ONPS)
6,WASO,National (WASO),AOC,Accounting Operations Center,"office, program, network, or trail","Herndon, Virginia",38.9594,-77.4147,as listed,AOC Network Closet HVAC Maintenance,"AOC Network Closet HVAC maintenance includes AV equipment for conference rooms, etc.",Park operations (ONPS)
7,NER,Northeast,AFBG,African Burial Ground National Monument,park unit,African Burial Ground National Monument,40.7146,-74.0043,as listed,AFBG VIDEO EQUIPMENT REPAIR,AV EQUIPMENT REPAIR,Park operations (ONPS)
8,AKR,Alaska,AKRO,Alaska Regional Office,"office, program, network, or trail","Anchorage, Alaska",61.2172,-149.8862,as listed,AKR Update SPCC Plans & Provide SPCC Training,"This project will update SPCC Plans at Sitka National Historic Park, Lake Clark National Park, and Kenai Fjords National Park and provide initial training to park staff.",Other
9,AKR,Alaska,AKRO,Alaska Regional Office,"office, program, network, or trail","Anchorage, Alaska",61.2172,-149.8862,as listed,AKRO FY26 Computer & Peripheral Order,Replace all out of warranty computers and update peripheral devices.,Park operations (ONPS)
10,AKR,Alaska,AKRO,Alaska Regional Office,"office, program, network, or trail","Anchorage, Alaska",61.2172,-149.8862,as listed,Bunker C Cleanup,"This project will remove Bunker C from the powerhouse at Kennecott Mines National Historic Landmark in Wrangell- St. Elias National Park. This project includes removal of Bunker C from surfaces, transport, and final disposal.",Other
11,AKR,Alaska,AKRO,Alaska Regional Office,"office, program, network, or trail","Anchorage, Alaska",61.2172,-149.8862,as listed,Conduct Soil Testing at King Salmon Maintenance Facility,"This project will conduct soil testing at the Katmai National Park maintenance facility (B19) in King Salmon, AK in order to close a historic contaminated site.",Other
12,AKR,Alaska,AKRO,Alaska Regional Office,"office, program, network, or trail","Anchorage, Alaska",61.2172,-149.8862,as listed,Electrical Repairs at Eight Alaskan National Parks,This contract will make electrical repairs at up to 8 Alaskan National Parks. There will be a base bid with options.,Repair and rehabilitation
13,AKR,Alaska,AKRO,Alaska Regional Office,"office, program, network, or trail","Anchorage, Alaska",61.2172,-149.8862,as listed,FY26 Way Finding Signs Printing and Installation,PMIS Project 317114 fabrication of way finding signs and installing those signs in the park,Recreation fees (FLREA)
14,AKR,Alaska,AKRO,Alaska Regional Office,"office, program, network, or trail","Anchorage, Alaska",61.2172,-149.8862,as listed,Implement Phytoremediation at Brooks Lake,This project will execute a previously developed phytoremediation work plan at the Brooks Lake contaminated site.,Other
15,AKR,Alaska,AKRO,Alaska Regional Office,"office, program, network, or trail","Anchorage, Alaska",61.2172,-149.8862,as listed,Portable radios for use within AKRO/ All Parks as loners,"New BKR5000 portable radios to (1) replace end of life equipment within AKRO, (2) have portable radios available for use by AKRO personnel, (3) the ability to loan out portable radios to Parks that have had a high number of portable radio repairs.",To be determined
16,AKR,Alaska,AKRO,Alaska Regional Office,"office, program, network, or trail","Anchorage, Alaska",61.2172,-149.8862,as listed,Procure Two Inflatable Rafts,Acquisition of two inflatable rafts to replace two existing rafts. Existing rafts are aging and require frequent patching and repairs.,To be determined
17,AKR,Alaska,AKRO,Alaska Regional Office,"office, program, network, or trail","Anchorage, Alaska",61.2172,-149.8862,as listed,Repair and Repaint Structural Components of the Kelly River Ranger Station & Cook Building,"This is an AKR MAT Program project for NOAT. This project improves the structures at the Kelly River Ranger Station in Noatak National Preserve. The work that will be performed on the Kelly River Ranger Station will include replacing the exterior sheeting of both the sleeping cabin and the cook cabin, repairing the foundation, replacing the deck and deteriorated exterior components. Supplies Contract will cover materials >$10,000. AKR MAT",Legacy Restoration Fund (GAOA)
18,NER,Northeast,ALPO,Allegheny Portage Railroad National Historic Site,park unit,Allegheny Portage Railroad National Historic Site,40.4314,-78.5177,as listed,Address Env Audit Findings and Develop Env Mgmt. Pgm at ALPO NHS and Johnstown Flood NM,"This project will develop comprehensive environmental, health, and safety plans for Allegheny Portage Railroad National Historic Site and Johnstown Flood National Memorial. The project will improve environmental performance of NPS operations by providing technical assistance in the development and implementation of corrective actions, training requirements, and creation of Standard Operation Procedures to resolve non-compliance and Best Management Practice findings of 2021 Environmental Audit.",Other
19,NER,Northeast,ALPO,Allegheny Portage Railroad National Historic Site,park unit,Allegheny Portage Railroad National Historic Site,40.4314,-78.5177,as listed,"Prepare Cultural Landscape Report, Part I","Will produce a CLR for ALPO, a designated NHL. The 1,300-acre site is nationally significant for evidence of American engineering feats. The cultural landscape is fundamental to enabling legislation: Lemon House, summit level, Skew Arch Bridge, incline planes 6-10, Staple Bend Tunnel. Part 1: site history, existing conditions chapters document evolution of the landscape; analysis, evaluation chapter will discuss historical significance per National Register criteria, and evaluation.",Cultural resources
20,IMR,Intermountain,AMCH,Amache National Historic Site,park unit,Amache National Historic Site,38.0495,-102.329,as listed,Remove Hazard Trees,"Remove hazard trees at Amache NHS to ensure visitor and staff safety. Project includes assessment and removal of dead or unstable trees near roads, trails, and structures, reducing risk of injury or damage.",Recreation fees (FLREA)
21,IMR,Intermountain,AMCH,Amache National Historic Site,park unit,Amache National Historic Site,38.0495,-102.329,as listed,Upgrade and Paint AMCH Maintenance (Rodeo) Building,"Upgrade and paint the AMCH Maintenance (former Rodeo) Building to stabilize and preserve the structure. Work includes surface prep, exterior painting, minor repairs, and safety improvements including new doors and windows.",Cultural cyclic maintenance
22,PWR,Pacific West,AMME,American Memorial Park,park unit,American Memorial Park,15.215,145.724,as listed,AMME printer purchase,To purchase 3 each printer for American Memorial Park,Park operations (ONPS)
23,IMR,Intermountain,AMIS,Amistad National Recreation Area,park unit,Amistad National Recreation Area,29.5794,-101.2884,as listed,Black Brush Day Use Rehabilitation,"Black Brush Day Use Rehabilitation. New shelters, grills, tables. Supplies, materials only. In house labor.",Recreation fees (FLREA)
24,IMR,Intermountain,AMIS,Amistad National Recreation Area,park unit,Amistad National Recreation Area,29.5794,-101.2884,as listed,Copier Maintenance Service-Option Year 3,"Option Year 3 to PO 140P1323F0240: Monthly Onsite Service Contract Covering All Parts, Labor, and Supplies except paper for all (3) Xerox mfps. TERM: 9/20/2026 to 9/19/2027",Park operations (ONPS)
25,IMR,Intermountain,AMIS,Amistad National Recreation Area,park unit,Amistad National Recreation Area,29.5794,-101.2884,as listed,Play area at San Pedro Campground,"Install, and area preparation, playground/play area at San Pedro Campground",Recreation fees (FLREA)
26,IMR,Intermountain,AMIS,Amistad National Recreation Area,park unit,Amistad National Recreation Area,29.5794,-101.2884,as listed,Rehab Rough Canyon Pavilions,Rehab 2 Rough Canyon pavilions. Materials only. In house labor.,Park operations (ONPS)
27,IMR,Intermountain,AMIS,Amistad National Recreation Area,park unit,Amistad National Recreation Area,29.5794,-101.2884,as listed,Replacement of Diablo East Fish Cleaning Station Components.,"Replacement of Diablo East Fish Cleaning Station Components will remove the unsightly and damaged components of the fish cleaning station. Muffin Monster grinder, cutting boards, Nozzles shutoff switches, Sheet metal panels and electrical outlets will be removed and replaced in-kind.",Cyclic maintenance
28,IMR,Intermountain,AMIS,Amistad National Recreation Area,park unit,Amistad National Recreation Area,29.5794,-101.2884,as listed,Replacement of Rough Canyon Fish Cleaning Station Components.,"Replacement of Rough Canyon Fish Cleaning Station Components will remove the unsightly and damaged components of the fish cleaning station. Muffin Monster grinder, cutting boards, Nozzles shutoff switches, Sheet metal panels and electrical outlets will be removed and replaced in-kind.",Cyclic maintenance
29,IMR,Intermountain,AMIS,Amistad National Recreation Area,park unit,Amistad National Recreation Area,29.5794,-101.2884,as listed,Road base material for road maintenance,Road base material for road maintenance. Material only. In house labor,Park operations (ONPS)
30,IMR,Intermountain,AMIS,Amistad National Recreation Area,park unit,Amistad National Recreation Area,29.5794,-101.2884,as listed,Water Tank Removal x 3,Remove old fiberglass water tanks (Qty 3) from Rough Canyon,Park operations (ONPS)
31,SER,Southeast,ANJO,Andrew Johnson National Historic Site,park unit,Andrew Johnson National Historic Site,36.1555,-82.8381,as listed,Direct Bore & Install Conduit for data cable to support Early Home,"The work specified in this section consists of furnishing and installing underground utilities using the horizontal directional drilling (HDD) method of installation for two 2 (two” inch Polyvinyl Chloride (PVC), Schedule 80 conduit also commonly referred to as directional boring or guided horizontal boring at a minimum depth of ?? inches to not disturb the nearby tree/plant roots. The rough length of this run of conduit will be 150 LF through very rocky soil. The horizontal directional drilling",Other
32,SER,Southeast,ANJO,Andrew Johnson National Historic Site,park unit,Andrew Johnson National Historic Site,36.1555,-82.8381,as listed,Project A&E Services,The project will cover the A&E Services for the Flagpole in the Andrew Johnson National Cemetery.,Repair and rehabilitation
33,NCR,National Capital,ANTI,Antietam National Battlefield,park unit,Antietam National Battlefield,39.4624,-77.736,as listed,Black Powder,Black Powder for Living History Programs,Not specified
34,NCR,National Capital,ANTI,Antietam National Battlefield,park unit,Antietam National Battlefield,39.4624,-77.736,as listed,Custodial Services Contract,Custodial Services Contract for a majority of the occupied buildings throughout the park.,Park operations (ONPS)
35,NCR,National Capital,ANTI,Antietam National Battlefield,park unit,Antietam National Battlefield,39.4624,-77.736,as listed,Custodial Services Contract,Custodial Services Contract for a majority of the occupied buildings throughout the park.,Not specified
36,NCR,National Capital,ANTI,Antietam National Battlefield,park unit,Antietam National Battlefield,39.4624,-77.736,as listed,Parkwide Mowing Contract,"Exercise option year on parkwide mowing contract. In addition to ANTI, this contract includes options for MONO.",Park operations (ONPS)
37,NCR,National Capital,ANTI,Antietam National Battlefield,park unit,Antietam National Battlefield,39.4624,-77.736,as listed,Prepare Pry House Historic Structure Report,Prepare Pry House Historic Structure Report,Not specified
38,NCR,National Capital,ANTI,Antietam National Battlefield,park unit,Antietam National Battlefield,39.4624,-77.736,as listed,Remove and Prune Hazard Trees,The work will include the cutting and removal of hazardous trees and resulting debris. Removal of the trees will increase the safety of visitors and park staff as well as protect park resources.,Not specified
39,NCR,National Capital,ANTI,Antietam National Battlefield,park unit,Antietam National Battlefield,39.4624,-77.736,as listed,Remove and Prune Hazard Trees,The work will include the cutting and removal of hazardous trees and resulting debris. Removal of the trees will increase the safety of visitors and park staff as well as protect park resources.,Cultural cyclic maintenance
40,NCR,National Capital,ANTI,Antietam National Battlefield,park unit,Antietam National Battlefield,39.4624,-77.736,as listed,Replace Boiler at Shull Annex,Replace boiler at Shull annex,Not specified
41,NCR,National Capital,ANTI,Antietam National Battlefield,park unit,Antietam National Battlefield,39.4624,-77.736,as listed,Replace Portable Law Enforcement Radios,Replace existing law enforcement radios (Motorola APX 8000) with newer model (Motorola APX Next).,Not specified
42,NCR,National Capital,ANTI,Antietam National Battlefield,park unit,Antietam National Battlefield,39.4624,-77.736,as listed,Replace Wood Shop Equipment,Replacement of several pieces of equipment in the wood shop that are at the end of their life span and cannot be repaired.,Not specified
43,NCR,National Capital,ANTI,Antietam National Battlefield,park unit,Antietam National Battlefield,39.4624,-77.736,as listed,Road Edge Conditioning,The current pavement preservation project is leaving the park with issues on the road edges which will not be included in the current project.,Not specified
44,NCR,National Capital,ANTI,Antietam National Battlefield,park unit,Antietam National Battlefield,39.4624,-77.736,as listed,Road Edge Conditioning,The current pavement preservation project is leaving the park with issues on the road edges which will not be included in the current project.,Transportation fee revenue
45,MWR,Midwest,APIS,Apostle Islands National Lakeshore,park unit,Apostle Islands National Lakeshore,46.9386,-90.5819,as listed,Ashland Harbor Breakwater Light,"A&E task order for an extensive structural engineering assessment of the light structure and pier to identify interior and exterior deficiencies, and provide recommendations to park for rehab and preservation. Inspections to include engineering assessments for structure above water and dive inspection for concrete and wooden crib pier that serves and lighthouse foundation. This will inform the painting project to follow in FY27 and future projects to address structure/pier foundation.",Cyclic maintenance
46,MWR,Midwest,APIS,Apostle Islands National Lakeshore,park unit,Apostle Islands National Lakeshore,46.9386,-90.5819,as listed,ECCB Managed Project CERCLA EECA Hansen Farm Site EDL#5MWR2218,"Seeking to evaluate the Hansen Farm Site (EDL #5MWR2218) at Sand Island in APIS using the WASO CERCLA framework. Evaluation to include the following: site scoping, investigation, and lab analysis. Based on findings, the WASO ECCD will request cost recovery to determine if a responsible party will conduct a cleanup action at this location OR the Midwest Region will request funding for cleanup action, planning, and monitoring.",Other
47,MWR,Midwest,APIS,Apostle Islands National Lakeshore,park unit,Apostle Islands National Lakeshore,46.9386,-90.5819,as listed,"Perform activities required to develop and award concession contract, MWR/APIS",Perform activities required to develop and award concession contract MWR/APIS,Concession franchise fees
48,MWR,Midwest,APIS,Apostle Islands National Lakeshore,park unit,Apostle Islands National Lakeshore,46.9386,-90.5819,as listed,Task Order for Ancestral Lands Conservation Corp/ Conservation Legacy,Youth hire position for Interp Operations.,Park operations (ONPS)
49,NER,Northeast,APCO,Appomattox Court House National Historical Park,park unit,Appomattox Court House National Historical Park,37.3844,-78.7998,as listed,African American Archeology Sites at Appomattox Court House National Historical Park,"Appomattox Court House holds a critical place in the American consciousness as the site where the Civil War concluded. African American archeological sites at APCO provide a potent source of information about the dynamics of the African American experience in 19th-century Virginia. This project will examine four archeological sites: Back Lane, the Charles Duiguid blacksmith shop, the Forest Cemetery, and the Wright Cemetery.",Park operations (ONPS)
50,IMR,Intermountain,ARCH,Arches National Park,park unit,Arches National Park,38.7079,-109.5955,as listed,"ARCH Rehab Visitor Center Window Wall, Lighting and Ceiling","ARCH Rehab Visitor Center Window Wall, Lighting and Ceiling - new window gaskets, LED lightening in ceiling and ceiling tile replacement",Recreation fees (FLREA)
51,IMR,Intermountain,ARCH,Arches National Park,park unit,Arches National Park,38.7079,-109.5955,as listed,Armor Failing Road Shoulder on Main Park Road,Armor Failing Road Shoulder on Main Park Road - Material Purchase,Recreation fees (FLREA)
52,IMR,Intermountain,ARCH,Arches National Park,park unit,Arches National Park,38.7079,-109.5955,as listed,Repair Paved Roads,Repair Paved Roads FY26 - Supply Contract Material,Recreation fees (FLREA)
53,IMR,Intermountain,ARCH,Arches National Park,park unit,Arches National Park,38.7079,-109.5955,as listed,Repair Shoulders on Main Park Roads at Arches,Repair Shoulders on Main Park Roads at Arches - Material Supply Road Base,Recreation fees (FLREA)
54,IMR,Intermountain,ARCH,Arches National Park,park unit,Arches National Park,38.7079,-109.5955,as listed,Repair West Boundary Roads and Add Tread Material,Repair West Boundary Roads and Add Tread Material at Arches - Material Supply,Cyclic maintenance
55,AKR,Alaska,ARCN,Arctic Inventory and Monitoring Network,"office, program, network, or trail","Fairbanks, Alaska",64.8486,-147.8361,as listed,ARCN Stream and Lake Water Chemistry Analyses,"This PR is to support chemical analysis of stream and river samples from Arctic Network parks, and is associated with a blanket purchasing agreement (BPA). Regarding market research, it is in the governments interest to use this BPA. Vendor has performed satisfactorily based on prior IDIQ (P14 PC00350) and SOW.",Park operations (ONPS)
56,AKR,Alaska,ARCN,Arctic Inventory and Monitoring Network,"office, program, network, or trail","Fairbanks, Alaska",64.8486,-147.8361,as listed,ARCN Streams and Lakes Chemical Analyses,"This contract would support chemical analyses of stream, river, and lake water samples from ARCN parks.",Park operations (ONPS)
57,AKR,Alaska,ARCN,Arctic Inventory and Monitoring Network,"office, program, network, or trail","Fairbanks, Alaska",64.8486,-147.8361,as listed,ARCN/CAKN Shallow Lake Water Chemistry Analyses,"This PR is to support chemical analysis of shallow lake water samples from Arctic and Central Alaska Network parks, and is associated with a blanket purchasing agreement (BPA). Regarding market research, it is in the governments interest to use this BPA. Vendor has performed satisfactorily based on prior IDIQ (P14 PC00350) and SOW.",Park operations (ONPS)
58,MWR,Midwest,ARPO,Arkansas Post National Memorial,park unit,Arkansas Post National Memorial,34.0209,-91.3473,as listed,Renew Picnic Area by Replacing Outdated Amenities,"This project replaces 38 picnic tables (ten will be replaced with accessible tables), 15 grills, 3 benches, and 2 recycling containers in the Memorial’s picnic area and adds a pet station and a bicycle rack.",Other
59,MWR,Midwest,ARPO,Arkansas Post National Memorial,park unit,Arkansas Post National Memorial,34.0209,-91.3473,as listed,Replace Eight Hard-Wired Parking Lot Lights with Solar Ones,This project replaces eight streetlights located in the visitor center parking lot,Other
60,NER,Northeast,ASIS,Assateague Island National Seashore,park unit,Assateague Island National Seashore,38.0462,-75.2458,as listed,Repair and Refinish Exterior Wood and Trim On Barrier Island Visitor Center Building,Repair exposed roof rafters at the Visitor Center to prevent ongoing damage from outside elements.,Recreation fees (FLREA)
61,IMR,Intermountain,AZRU,Aztec Ruins National Monument,park unit,Aztec Ruins National Monument,36.8355,-108.0017,as listed,AZRU Trim and Remove Hazard Trees and Limbs in a Maintained Landscape,"This project will hire an arborist to trim hazardous limbs and remove hazard trees in two maintained landscapes. A non-permanent GS-7 will assist with project development and execution for 2 pay periods. The condition of two Maintained Landscapes will be improved by extending the life of trees that are trimmed, removal of large trees that are unhealthy and hazardous and reduce future hazards with targeted and timed management of the trees. By removing hazardous trees and limbs in the Historic",Cultural cyclic maintenance
62,IMR,Intermountain,AZRU,Aztec Ruins National Monument,park unit,Aztec Ruins National Monument,36.8355,-108.0017,as listed,Replace Exterior Doors on Visitor Center and Hydraulic Door Opener,"This Project will replace all exterior doors around the visitor center this includes the exterior door to the Chief of Interp, the front and rear doors to the main entrance of the Visitor Center, the rear steel hollow door as you exit the museum, both men and women’s restrooms doors and lastly the exiting door in the library room. This project will also replace the old aging hydraulic door opener in both the front and rear doors of the visitor center.",Cyclic maintenance
63,MWR,Midwest,BADL,Badlands National Park,park unit,Badlands National Park,43.8341,-102.394,as listed,Rehab Cedar Pass Lodge Cabin Road,"The existing granular surfaced roadway in the Cedar Pass Lodge Cabin area has aged sections and surface area that has been impacted by flooding from the Cedar Pass East Drainage. The goal of the project is to repair the roadway subgrade, base and surfacing and to improve drainage in the cabin area. The goal of this project is also to construct improvements to the Cedar Pass East Drainage to help mitigate the flooding issues in the cabin area.",Repair and rehabilitation
64,MWR,Midwest,BADL,Badlands National Park,park unit,Badlands National Park,43.8341,-102.394,as listed,"Replace Exterior Windows QMIS 135 A, B, C, and D",This component represents work covered by child work orders of FMSS Parent WO 25828583 with target start dates in FY 2023.,Cyclic maintenance
65,IMR,Intermountain,BAND,Bandelier National Monument,park unit,Bandelier National Monument,35.7843,-106.3127,inferred from title or description,CS - Condition Assessment – BAND002,"This contract is for professional services to assess the condition, maintenance, and capital improvement needs of NPS-owned facilities for the next concession contract. This is crucial for compliance with the 1998 Concession Management Improvement Act (54 U.S.C. §§ 101911–101926), which mandates safeguards for resource protection and reasonable profit opportunities. Specialized expertise is needed for objective assessments.",Concession franchise fees
66,AKR,Alaska,BELA,Bering Land Bridge National Preserve,park unit,Bering Land Bridge National Preserve,65.9227,-164.1741,as listed,BELA - FY26 - Aviation Fuel Trailer,"Bering Land Bridge National Preserve is seeking an over-the-road, DOT approved, 500-800gallon aviation rated double wall fuel tank with an attached fuel dispersing system, to transport aviation fuel from Nome to Quartz Creek Airstrip to supply aircraft with aviation fuel.",Park operations (ONPS)
67,AKR,Alaska,BELA,Bering Land Bridge National Preserve,park unit,Bering Land Bridge National Preserve,65.9227,-164.1741,as listed,"Remodel Kitchens, Bathrooms and Carpets in the Bunkhouse and Duplexes 203 & 205","Combined Duplex’s 203 & 205 have 4 kitchens and 8 bathrooms. Kitchen cabinets, countertops, and sinks will be replaced, new flooring and dishwasher will be installed and walls painted. Bathrooms will get new vanities/medicine cabinets, toilets, bathtub and surround, vinyl flooring and walls repainted. The Bunkhouse two kitchens will get new cabinets, countertops, sinks, vinyl flooring and walls repainted. The two bathrooms will get new vanity, toilet, shower, vinyl flooring and wall paint.",Repair and rehabilitation
68,IMR,Intermountain,BIBE,Big Bend National Park,park unit,Big Bend National Park,29.3338,-103.1941,as listed,"BIBE Emergency Water Haul, Chisos Basin",BIBE Emergency Chisos Basin Water Haul - Broken water pumps have depleted the potable water in the Chisos Basin area. Water hauling is necessary to maintain structure protection and provide drinking water until the water pumps can be repaired.,Park operations (ONPS)
69,IMR,Intermountain,BIBE,Big Bend National Park,park unit,Big Bend National Park,29.3338,-103.1941,as listed,Improve Entrance to Chisos Basin Campground for Increased Visitor Safety & Enjoyment,"This project includes redesign of and resurfacing 13,000 square feet of roadway and rerouting 6,000 square feet of roadway to improve the entrance to the Chisos Basin Campground. This work will be done by contract.",Recreation fees (FLREA)
70,IMR,Intermountain,BIBE,Big Bend National Park,park unit,Big Bend National Park,29.3338,-103.1941,as listed,Replace HVAC Systems in Five Chino Court Apartments,"This project will replace the HVAC (heating ventilation air conditioning) systems (furnace and condenser) in five park housing apartment units, to include 215B, 215C, 215D, 217E, and 217F. Work will be done via contract.",Cyclic maintenance
71,IMR,Intermountain,BIBE,Big Bend National Park,park unit,Big Bend National Park,29.3338,-103.1941,as listed,Replace roof and repair walls on Old Castolon Store Bldg No HO618 (Bats),"This project will repair the roof of the Old La Homronia Store (BBH-618). In February 2023, a windstorm severally damaged the roof, completely removing metal sheeting and breaking apart the wooden roof support structure (joists, rafters, etc). The Old La Harmonia Store is within the Castolon Historic District and is a publicly visited site including a wayside exhibit. Stabilization includes repairing a damaged section of the original roof and design and installation of a new roof system above t",Cultural cyclic maintenance
72,PWR,Pacific West,BIHO,Big Hole National Battlefield,park unit,Big Hole National Battlefield,45.6465,-113.6461,as listed,Mold Remediation in Housing Unit 202B,"Big Hole National Battlefield has identified mold growth and conditions conducive to mold development within Housing Unit #202B (FMSS Location 31491) in Wisdom, Montana. The affected area is approximately 75 square feet. The mold is suspected to be associated with moisture intrusion, elevated humidity, and/or ventilation deficiencies within the housing unit. This project is intended to remediate existing mold contamination, remove affected building materials as necessary.",Park housing
73,SER,Southeast,BISO,Big South Fork National River and Recreation Area,park unit,Big South Fork National River and Recreation Area,36.5227,-84.6755,as listed,BISO Eliminate Deferred Maintenance at Park Headquarters Building,"This project will replace and repair deficient components of the Park Headquarters Building. Work will include flooring replacement, window replacement, and painting all interior walls and trim.",Repair and rehabilitation
74,SER,Southeast,BISO,Big South Fork National River and Recreation Area,park unit,Big South Fork National River and Recreation Area,36.5227,-84.6755,as listed,BISO Replace 1991 Kubota L2650 Tractor NP5000047652,Replace Kubota L2650 tractor and factory mounted attachments. Attachments include the front-end loader bucket (Kubota LA 450A) and rear backhoe attachment (Kubota 4590).,Other
75,IMR,Intermountain,BICA,Bighorn Canyon National Recreation Area,park unit,Bighorn Canyon National Recreation Area,45.1036,-108.2347,as listed,Dive Team Contract,"Diving assistance will be required at Ok-A-Beh H-dock system; the six cables will be unhooked from their anchor points. 2. The docks and anchoring systems will be visually inspected to identify deficiencies in the anchoring system and dock structures. Deficiencies include: frayed, broken, or crimped cable, corroded attachment shackles, couplings, or hooks, and cracks, breaks, or misalignment in the underwater dock frame and structure. Deficiencies will be documented by photograph or video.",Park operations (ONPS)
76,IMR,Intermountain,BICA,Bighorn Canyon National Recreation Area,park unit,Bighorn Canyon National Recreation Area,45.1036,-108.2347,as listed,Pest Control,"Treat Buildings for Bugs, Rodents and Spiders",Park housing
77,IMR,Intermountain,BICA,Bighorn Canyon National Recreation Area,park unit,Bighorn Canyon National Recreation Area,45.1036,-108.2347,as listed,Replace existing electrical components and exposed fuel line on the Ok-a-beh fuel system,"Project will replace existing outdated and obsolete electrical components, monitoring systems, and fuel line.",Cyclic maintenance
78,IMR,Intermountain,BICA,Bighorn Canyon National Recreation Area,park unit,Bighorn Canyon National Recreation Area,45.1036,-108.2347,as listed,Service IDIQ Boat and Trailer repair,Boat and Trailer repair,Park operations (ONPS)
79,IMR,Intermountain,BICA,Bighorn Canyon National Recreation Area,park unit,Bighorn Canyon National Recreation Area,45.1036,-108.2347,as listed,Service IDIQ Fuel System Repairs,Fuel System Repairs,Park operations (ONPS)
80,IMR,Intermountain,BICA,Bighorn Canyon National Recreation Area,park unit,Bighorn Canyon National Recreation Area,45.1036,-108.2347,as listed,Service IDIQ HVAC Service and Repair,HVAC Service and Repair,Park operations (ONPS)
81,IMR,Intermountain,BICA,Bighorn Canyon National Recreation Area,park unit,Bighorn Canyon National Recreation Area,45.1036,-108.2347,as listed,Service IDIQ Light Truck Repair,Light Truck Repair,Park operations (ONPS)
82,IMR,Intermountain,BICA,Bighorn Canyon National Recreation Area,park unit,Bighorn Canyon National Recreation Area,45.1036,-108.2347,as listed,Service IDIQ Metal Fabrication,Metal Fabrication,Park operations (ONPS)
83,IMR,Intermountain,BICA,Bighorn Canyon National Recreation Area,park unit,Bighorn Canyon National Recreation Area,45.1036,-108.2347,as listed,Service IDIQ Program and Repair Radios,Program and Repair Radios,Park operations (ONPS)
84,IMR,Intermountain,BICA,Bighorn Canyon National Recreation Area,park unit,Bighorn Canyon National Recreation Area,45.1036,-108.2347,as listed,Service IDIQ Repair Heavy Equipment,Repair Heavy Equipment,Park operations (ONPS)
85,SER,Southeast,BICR,Birmingham Civil Rights National Monument,park unit,Birmingham Civil Rights National Monument,33.5154,-86.8147,as listed,City of Birmingham -Gaston - Reimbursement FY2026,Reimburse City of Birmingham for utility and expenses related to the Gaston Motel for FY2026,Park operations (ONPS)
86,SER,Southeast,BICR,Birmingham Civil Rights National Monument,park unit,Birmingham Civil Rights National Monument,33.5154,-86.8147,as listed,City of Birmingham -Gaston - Reimbursement FY24-25,Reimburse City of Birmingham for utility and expenses related to the Gaston Motel,Park operations (ONPS)
87,SER,Southeast,BISC,Biscayne National Park,park unit,Biscayne National Park,25.4697,-80.2183,as listed,BISC Repair 27' Boston Whaler,"BISC repair 27' Boston Whaler dive platform to include fiberglass, gel coat, and paint repair. Vessel is heavily used as dive platform and transportation for coral reef restoration and conservation work in the park, and repairs are needed to ensure continued operation. Project supports implementation of Coral Resource Stewardship Strategy (PMIS 332863).",Other
88,SER,Southeast,BISC,Biscayne National Park,park unit,Biscayne National Park,25.4697,-80.2183,as listed,Invasive Plant Management,"Continue to treat invasives such as latherleaf, Brazilian pepper, scaevola, mahoe and other problematic species",Park operations (ONPS)
89,SER,Southeast,BISC,Biscayne National Park,park unit,Biscayne National Park,25.4697,-80.2183,as listed,Marine Science Technical Services Support,"Contract to provide on-site scientific personnel for natural resource assessment, restoration, and monitoring services.",Other
90,SER,Southeast,BISC,Biscayne National Park,park unit,Biscayne National Park,25.4697,-80.2183,as listed,MAT - Repair and Repoint Historic Stone Seawall and Other Walls at Boca Chita,his project involves a repair and rehabilitation of a portion of a historic stone retaining/sea wall (LCS ID 91571) on the northern side of Boca Chita Key in the Boca Chita Key National Historic District. The low wall is both a decorative feature and a retaining bulkhead that holds the northern shoreline of the dredge-built island in place.,Repair and rehabilitation
91,SER,Southeast,BISC,Biscayne National Park,park unit,Biscayne National Park,25.4697,-80.2183,as listed,"MAT - Repair Masonry on Chapel, Garage, and Generator Building at Boca Chita Key Island","This project will repair three historic structures within the Boca Chita National Historic District at BISC. Work will be at the Barn (LCS ID 90193), Chapel (LCS ID 90191), and the Engine House (LCS ID 90194). The work will include repair and repointing of external masonry oolithic limestone veneers, repair and replacement of steel door and window lintels that are rusted, repair of rust jacked concrete structural components (spalling concrete due to rusted and expanding internal rebar)",Repair and rehabilitation
92,SER,Southeast,BISC,Biscayne National Park,park unit,Biscayne National Park,25.4697,-80.2183,as listed,Paint Exterior of Elliott Key Buildings,"Painting of exterior surfaces for eight park buildings located on the remote Elliott Key island. Work will include pressure washing the exterior envelopes of each building to remove all dirt and mildew; scraping and removing all loose or peeling paint or rust; applying caulking, wood filler, or masonry patch to repair and prepare surfaces around all doors, frames, windows and joints; applying primer to all metal surfaces, wooden surfaces and masonry units including railings, flashings, downspout",Cyclic maintenance
93,SER,Southeast,BISC,Biscayne National Park,park unit,Biscayne National Park,25.4697,-80.2183,as listed,"Rehabilitate Visitor-Use Island Adams Key Comfort Station partitions, fixtures, door hardware","This project is to rehabilitate and repair the Visitor-Use comfort stations located at Adams Key. They are in need of safety hardware on exterior doors, and stall partition doors for privacy. The plumbing fixtures will also be replaced.",Other
94,SER,Southeast,BISC,Biscayne National Park,park unit,Biscayne National Park,25.4697,-80.2183,as listed,Replace 316 SQ Yds. of Carpeting at CP Visitor Center,Carpet Tile Replacement: A total of 316 Square Yards (SY) of 24 IN X 24 IN carpeting tiles at Convoy Point. Replace 316 SY of carpet tiles at the Visitor Center. New carpet tiles will be 42 oz. commercial grade for durability.,Other
95,IMR,Intermountain,BLCA,Black Canyon of the Gunnison National Park,park unit,Black Canyon of the Gunnison National Park,38.5794,-107.7437,as listed,Fabricate and Acquire Trailhead Signs at Black Canyon National Park,This project will provide for the replacement of nine trailhead signs. Non-permanent NPS staff will complete the replacement of outdated and deteriorated trailhead informational signs at nine locations throughout the park. The project will provide for the fabrication and purchase of the new signage,Recreation fees (FLREA)
96,IMR,Intermountain,BLCA,Black Canyon of the Gunnison National Park,park unit,Black Canyon of the Gunnison National Park,38.5794,-107.7437,as listed,Refurbish South Rim Visitor Center for Increased Visitor Enjoyment,"This project will provide for the refurbishment on the South Rim Visitor Center to address deferred Maintenance needs and improve visitor enjoyment of the facility. Work will entail the replacement in kind of 5,000 sf of asphalt shingled roof as well as underlayment/ ice and water shield. The existing electric powered rooftop ice and snow melt system will also be replaced. The project will also include the re-chinking and re-staining of the exterior log surfaces. 45 windows to be replaced.",Recreation fees (FLREA)
97,IMR,Intermountain,BLCA,Black Canyon of the Gunnison National Park,park unit,Black Canyon of the Gunnison National Park,38.5794,-107.7437,as listed,Repair and Replace South Rim Campground Infrastructure Destroyed in S Rim Fire (BAR 2026),"This project will provide for the replacement of campground infrastructure in the S Rim Campground at Black Canyon of the Gunnison National Park. The project will provide for the purchase of new campground furnishings such as picnic tables, fire rings, and bear boxes to replace those destroyed by the S Rim Fire in July 2025. The project will also provide for replacement of 4 burned vault toilet structures and three water filling fountains.",Other
98,IMR,Intermountain,BLCA,Black Canyon of the Gunnison National Park,park unit,Black Canyon of the Gunnison National Park,38.5794,-107.7437,as listed,Replace Minor Recreation Infrastructure Lost in 2025 S Rim Fire (BAR Funds 2026),This project will provide for the replacement of minor recreational infrastructure at S Rim of BLCA. Project will replace 2 vault toilets structures as well as a picnic shelter and an observation deck that were destroyed in the S Rim Fire in July 2026. Project funding from Burned Area Restoration (BAR) funds.,Other
99,SER,Southeast,BLRI,Blue Ridge Parkway,park unit,Blue Ridge Parkway,36.4358,-81.0707,as listed,"Project Planning, Digitization, Automation RPPS",Hire 2 interns to continue to improve planning process and data management for PLC/NCR staff,To be determined
100,SER,Southeast,BLRI,Blue Ridge Parkway,park unit,Blue Ridge Parkway,36.4358,-81.0707,as listed,Repair and Rehabilitate Ridge District Comfort Stations- Design,Repair and Rehabilitate Ridge District Comfort Stations- Design,Repair and rehabilitation
101,SER,Southeast,BLRI,Blue Ridge Parkway,park unit,Blue Ridge Parkway,36.4358,-81.0707,as listed,Replace Fire Suppression System at Peaks of Otter Lodge,Replace Fire Suppression System at Peaks of Otter Lodge,Concession franchise fees
102,NER,Northeast,BOST,Boston National Historical Park,park unit,Boston National Historical Park,42.3733,-71.0554,as listed,BOST - Selective tree pruning and removal,"This contract covers the pruning of 3 dozen trees and removal of at least 2 trees. Scope of work covers work at Navy Yard, Bunker Hill and Dorchester Heights.",Park operations (ONPS)
103,NER,Northeast,BOST,Boston National Historical Park,park unit,Boston National Historical Park,42.3733,-71.0554,as listed,Purchase Loose Furniture for the Building 107 Renovation and Rehabilitation Project,To furnish loose furniture that are not covered under the GAOA funded Building 107 Renovation and Rehabilitation project at the Charlestown Navy Yard.,To be determined
104,NER,Northeast,BOST,Boston National Historical Park,park unit,Boston National Historical Park,42.3733,-71.0554,as listed,Traffic Study and transportation project reconfiguring the entrance to the Charlestown Navy Yard,Traffic Study and transportation project reconfiguring the entrance to the Charlestown Navy Yard,To be determined
105,MWR,Midwest,BRVB,Brown v. Board of Education National Historical Park,park unit,Brown v. Board of Education National Historical Park,39.0377,-95.6758,as listed,Historic Resource Study: Segregated Schools in South Carolina,The primary purpose of this project is directly related to the African American experience in the fight for equal educational opportunities. The special history study will support of the recently revised legislative purpose and historical significance of Brown v. Board of Education NHP. The Topeka case was only one of the five geographically dispersed cases. This special history study will focus on the African American fight for desegregation of schools in the case Briggs v. Elliott.,Cultural resources
106,MWR,Midwest,BRVB,Brown v. Board of Education National Historical Park,park unit,Brown v. Board of Education National Historical Park,39.0377,-95.6758,as listed,Replace Two Primary Circulating Pumps for Geothermal Heating and Cooling System,"The two primary circulating pumps for the Geothermal building and field glycol will be replaced. Pumps are Vertical in-line pumps, 15hp, 187 GPM capacity, 49.48 Maximum Pressure, 3-phase power.",Cyclic maintenance
107,MWR,Midwest,BRVB,Brown v. Board of Education National Historical Park,park unit,Brown v. Board of Education National Historical Park,39.0377,-95.6758,as listed,Youth Education Across Brown v. Board of Education NHP Sites in Kansas and Virginia,"This two-week leadership and career development program will connect youth from Brown v. Board of Education NHP sites in two states. The Moton Museum in Farmville, VA, a new NPS affiliated area, and the NPS site in Topeka, KS, will partner in a pilot program to recruit diverse high school and college students from each community, both of which were involved in the Brown court cases. During summer 2026, selected youth will travel between Topeka and Farmville to learn about a shared historic past.",Other
108,IMR,Intermountain,BRCA,Bryce Canyon National Park,park unit,Bryce Canyon National Park,37.5708,-112.1856,as listed,BRCA High-Wing Snow Plow,Purchase and installation of a 12ft High Wing snow plow for snow clearance operations,To be determined
109,IMR,Intermountain,BRCA,Bryce Canyon National Park,park unit,Bryce Canyon National Park,37.5708,-112.1856,as listed,BRCA Replace VC Carpet,Replace worn carpet in park visitor center and office spaces.,Cyclic maintenance
110,IMR,Intermountain,BRCA,Bryce Canyon National Park,park unit,Bryce Canyon National Park,37.5708,-112.1856,as listed,BRCA Wildlife Resistant Dumpsters,Acquisition of up to 8 wildlife resistant dumpsters,To be determined
111,IMR,Intermountain,BRCA,Bryce Canyon National Park,park unit,Bryce Canyon National Park,37.5708,-112.1856,as listed,PR 44034369 BRCA REINFORCE BAT EXCLUSION IN CABINS,BRCA Housing Units HS-4 is experiencing bat pest issues resulting in safety concerns for occupants. This project will include sealing off entry points during off season for bat activity to prevent re-entry.,Park housing
112,PWR,Pacific West,CABR,Cabrillo National Monument,park unit,Cabrillo National Monument,32.6722,-117.241,as listed,Clear Vegetation throughout park to restore historic Viewsheds,Clear Vegetation throughout park to restore historic viewsheds,Recreation fees (FLREA)
113,PWR,Pacific West,CABR,Cabrillo National Monument,park unit,Cabrillo National Monument,32.6722,-117.241,as listed,Remove shade structures Kelp Forest overlook,Remove shade structures Kelp Forest overlook,Recreation fees (FLREA)
114,SER,Southeast,CANE,Camp Nelson National Monument,park unit,Camp Nelson National Monument,37.7927,-84.5956,as listed,Complete Archeological (110) Survey of Newly Acquired Land at Camp Nelson NM,This project will complete an inventory of archeological resources within newly acquired land for a newly established park. The Brumfield Farm property (120 acres) was donated to the Park Service by the American Battlefield Trust in 2018 when the park was established and the Glass Farm (85 acres) property was acquired by the Park in 2021.,To be determined
115,SER,Southeast,CANE,Camp Nelson National Monument,park unit,Camp Nelson National Monument,37.7927,-84.5956,as listed,Enhance and Update Interpretive Exhibits at Visitor Center,"This project will update the interpretive exhibits in the visitor center at Camp Nelson National Monument. Over 3,900 square feet of exhibit space will be updated across 3 rooms. The park’s current exhibits were transferred to the NPS when it acquired the park and most (70%) will be repurposed. Exhibit spaces will be rehabilitated and enhanced, with new design elements integrated into existing infrastructure. Harpers Ferry Center (HFC) will provide project and contract management support.",To be determined
116,SER,Southeast,CANE,Camp Nelson National Monument,park unit,Camp Nelson National Monument,37.7927,-84.5956,as listed,"INCL: Replace Outdated, Dysfunctional Terrain Map at Camp Nelson NM","This project replaces an outdated and dysfunctional terrain map in the Camp Nelson Visitor Center with modern terrain map that includes accessibility features, models representative of the latest archeology and scholarship, and orientation to new NPS trails and buildings.",Other
117,SER,Southeast,CANE,Camp Nelson National Monument,park unit,Camp Nelson National Monument,37.7927,-84.5956,as listed,Purchase Replica US Army Supply Wagon for Interpretive Exhibit at CANE,The project will purchase a replica Civil War Era US Army Supply Wagon for display at an outdoor interpretive exhibit at Camp Nelson National Monument. The wagon will be displayed under an outdoor pavilion in the Warehouse District at the park.,Other
118,SER,Southeast,CANA,Canaveral National Seashore,park unit,Canaveral National Seashore,28.7782,-80.7478,as listed,,"Demolish and replace elevated Apollo District (AD) Boardwalk #5. Work to include all deteriorated structural components, pilings, framing, bracing, treadways and railings. Boardwalk will be ABA compliant.",Recreation fees (FLREA)
119,SER,Southeast,CANA,Canaveral National Seashore,park unit,Canaveral National Seashore,28.7782,-80.7478,as listed,CANA: Replace John Deere Cab Mower with Zero-Turn Mower,Replace John Deere Cab Mower model XXX property #NP50000XXXXX with more reliable open cab zero-turn mower.,Other
120,SER,Southeast,CANA,Canaveral National Seashore,park unit,Canaveral National Seashore,28.7782,-80.7478,as listed,CANA: Replace Obsolete John Deere Tractor 542 with Skid Loader,This project will replace the park’s Apollo District 20-year-old obsolete John Deere Tractor-Forklift 542 (Property Number NP5000062636/Equipment Number 10058343) with a new multi-functional tract loader to provide more versatility and utility over a single-use piece of equipment.,Other
121,SER,Southeast,CANA,Canaveral National Seashore,park unit,Canaveral National Seashore,28.7782,-80.7478,as listed,Cultural Landscape Inventory,Cultural Landscape Inventories (CLI) are the essential first step in documenting a cultural landscape and should precede a Cultural Landscape Report. CLIs identify for resource stewards those character features of a landscape that should be protected.,Cultural resources
122,SER,Southeast,CANA,Canaveral National Seashore,park unit,Canaveral National Seashore,28.7782,-80.7478,as listed,Environmental Hazards Survey,"The project will determine the presence of environmental hazards, specifically lead based paint and asbestos containing materials, in park facilities and produce an inventory of identified hazards in specific locations. This information will be used to protect staff and visitors from exposure to identified environmental hazards, identify the need for abatement, and advise future facilities maintenance and historic preservation projects.",Other
123,SER,Southeast,CANA,Canaveral National Seashore,park unit,Canaveral National Seashore,28.7782,-80.7478,as listed,Invasive Plant Management,Invasive Plant Management in the Playlinda District at Canaveral National Seashore,Park operations (ONPS)
124,SER,Southeast,CANA,Canaveral National Seashore,park unit,Canaveral National Seashore,28.7782,-80.7478,as listed,Replace HVAC System Eldora State House - Design Component,Remove existing HVAC system and install new HVAC is historic building.,Cyclic maintenance
125,SER,Southeast,CANA,Canaveral National Seashore,park unit,Canaveral National Seashore,28.7782,-80.7478,as listed,Upfitting of Law Enforcement Vehicles,"Three GSA Lease Law Enforcement vehicles have been ordered for replacement. Once they arrive, each will require upfitting to add required marking stripes, strobes and sirens, prisoner transport cage, long gun holder, and radio and computer mount installation. Vehicles have been ordered by GSA. Estimated delivery date is 120 days from order, but that varies widely so actual timeframe is unknown.",Park operations (ONPS)
126,IMR,Intermountain,CACH,Canyon de Chelly National Monument,park unit,Canyon de Chelly National Monument,36.0941,-109.3401,as listed,Construct Garbage Concrete Approach,Provide construction material to construct a concrete a 8 inch x 30 feet x 20 foot concrete Garbage Approach,Park housing
127,IMR,Intermountain,CACH,Canyon de Chelly National Monument,park unit,Canyon de Chelly National Monument,36.0941,-109.3401,as listed,Regrade Shoulders on Park Roads,"This project will focus on large-scale repair and rehabilitation needs of the park’s original headquarters building, commonly referred to as the Custodian’s Residence. The work specifically addresses critical needs deferred maintenance related to the infrastructure of the building. The foundation will be repointed and proximal drainage repairs in the amount of 2,900 square feet (SF). Approximately 1,750 SF of flooring will be repaired or replaced. The interior and exterior wall and ceiling finish",Repair and rehabilitation
128,IMR,Intermountain,CACH,Canyon de Chelly National Monument,park unit,Canyon de Chelly National Monument,36.0941,-109.3401,as listed,Rehabilitate Visitor Center West Brick Wall,"This project will address deferred maintenance by rehabilitation of the exterior masonry components of 142 linear feet of free-standing concrete brick wall that runs along the west patio of the visitor center. The wall has reddish color concrete brick deuterated from natural weathering, efflorescence, spalling, mortar joint deuteriation, loose, cracked, or displaced bricks, visible moisture damage, plant growth, lack of maintenance, and climatic weather such as extreme summer heat and freeze the",Cyclic maintenance
129,IMR,Intermountain,CACH,Canyon de Chelly National Monument,park unit,Canyon de Chelly National Monument,36.0941,-109.3401,as listed,Remove and Replace North Rim Repeater Box,"This project addresses Public Safety deficiencies in the Radio Communications System covering the Antelope Overlook Area of CACH. We will It will need to be installed using a crane in a remote site, where the builders will be contracted to install it. Equipment will protect the radio repeater equipment properly from the extreme elements and improving existing radio coverage deficiencies in visitor frequented front & backcountry areas Antelope Overlook. This project has received approval through",Cyclic maintenance
130,IMR,Intermountain,CACH,Canyon de Chelly National Monument,park unit,Canyon de Chelly National Monument,36.0941,-109.3401,as listed,Remove and Replace South Rim Repeater Box,"This project addresses Public Safety deficiencies in the Radio Communications System covering the Spider Rock Area of CACH. We will It will need to be installed using a crane in a remote site, where the builders will be contracted to install it. Equipment will protect the radio repeater equipment properly from the extreme elements and improving existing radio coverage deficiencies in visitor frequented front & backcountry areas Spider Rock. This project has received approval through the Regional",Cyclic maintenance
131,IMR,Intermountain,CACH,Canyon de Chelly National Monument,park unit,Canyon de Chelly National Monument,36.0941,-109.3401,as listed,Repair Fuel Management System,"Repair file management system by upgrading software, replace control panel, and renew components beyond life cycle.",Park operations (ONPS)
132,IMR,Intermountain,CACH,Canyon de Chelly National Monument,park unit,Canyon de Chelly National Monument,36.0941,-109.3401,as listed,Restripe Roads and Parking Lots Throughout Monument,"The work within this project will include the striping of roads and parking lots throughout Canyon de Chelly National Monument. Road stripes include centerlines, edge lines, crosswalks, stop lines, directional markings, diagonal crosshatches, and speed reduction markings. Parking lot work will include standard and accessible parking stall markings, directional markings, crosshatches, stop lines, and curb markings.",Cyclic maintenance
133,IMR,Intermountain,CANY,Canyonlands National Park,park unit,Canyonlands National Park,38.2721,-109.8832,as listed,Perform Cyclic Cleaning of Sewer Lines - Support Equipment,Perform Cyclic Cleaning of Sewer Lines - Support trailer mounted equipment,Cyclic maintenance
134,IMR,Intermountain,CANY,Canyonlands National Park,park unit,Canyonlands National Park,38.2721,-109.8832,as listed,Replace Roadway Direction and Guidance Signage at Island in the Sky District,Replace Roadway Direction and Guidance Signage at Island in the Sky District - Supply Purchase,Recreation fees (FLREA)
135,IMR,Intermountain,CANY,Canyonlands National Park,park unit,Canyonlands National Park,38.2721,-109.8832,as listed,Replace Salt Flat Trailhead Vault Toilet at Needles District & Replace Upheaval Dome Vault Toilets at Island in the Sky District,Replace Salt Flat Trailhead Vault Toilet at Needles District & Replace Upheaval Dome Vault Toilets at Island in the Sky District - Replace (2) Toilets,Recreation fees (FLREA)
136,NER,Northeast,CACO,Cape Cod National Seashore,park unit,Cape Cod National Seashore,42.0503,-70.0873,as listed,Aquatic ecology water monitoring device servicing.,Cape Cod National Seashore uses water monitoring sondes to capture data on the condition of aquatic resources. These instruments require regular replacement and servicing by certified technicians.,Park operations (ONPS)
137,NER,Northeast,CACO,Cape Cod National Seashore,park unit,Cape Cod National Seashore,42.0503,-70.0873,as listed,CACO - New ATV purchase,Purchase new ATV to support park operations,Park operations (ONPS)
138,NER,Northeast,CACO,Cape Cod National Seashore,park unit,Cape Cod National Seashore,42.0503,-70.0873,as listed,CACO - New UTV Purchase,Purchase new UTV to support park operations.,Park operations (ONPS)
139,NER,Northeast,CACO,Cape Cod National Seashore,park unit,Cape Cod National Seashore,42.0503,-70.0873,as listed,CACO - Purchase new UTV,Purchase new UTV to support park operations.,Park operations (ONPS)
140,NER,Northeast,CACO,Cape Cod National Seashore,park unit,Cape Cod National Seashore,42.0503,-70.0873,as listed,CACO - Repair/Replace Province Land Visitor Center Upper Deck & Scuppers,Repair/Replace Province Land Visitor Center Upper Deck & Scuppers,Other
141,NER,Northeast,CACO,Cape Cod National Seashore,park unit,Cape Cod National Seashore,42.0503,-70.0873,as listed,Final design plans for the removal of the Fresh Brook weir,"Fresh Brook is a spring fed stream in Wellfleet, MA that was the only native sea run brook trout spawning stream on Outer Cape Cod. The installation of control structures along the stream has made it impassible for migratory fish. This project would remove the primary impediment. The initial year of this contract is intended to be FY24 but the contract has not been awarded yet so I can't supply a contract number.",Other
142,NER,Northeast,CACO,Cape Cod National Seashore,park unit,Cape Cod National Seashore,42.0503,-70.0873,as listed,Maintenance of Boston Whaler,"The park's 21 ft Boston Whaler is in need of a new bumper and new paint. The foam bumper that lines the boat gunwale is deteriorating and no longer functioning as it should. In addition, the marine paint on the boat is chipping and creating a hazard for boat operators and passengers.",Park operations (ONPS)
143,NER,Northeast,CACO,Cape Cod National Seashore,park unit,Cape Cod National Seashore,42.0503,-70.0873,as listed,"Management of vegetation in the Herring River, Wellfleet, MA",The Herring River Restoration Project will reintroduce tidal flow to the Herring River. Tidal salt water will kill freshwater vegetation. Prior to this occurring the project will remove the freshwater vegetation and manage the resulting debris.,Other
144,NER,Northeast,CACO,Cape Cod National Seashore,park unit,Cape Cod National Seashore,42.0503,-70.0873,as listed,Purchase Mini Excavator,Purchase mini excavator,Recreation fees (FLREA)
145,NER,Northeast,CACO,Cape Cod National Seashore,park unit,Cape Cod National Seashore,42.0503,-70.0873,as listed,Radio purchase to support shorebird program communications,Shorebird management teams at CACO work in remote areas of the park where cell communications are not possible. They currently use older radios with poor performance. The new radios would provide shorebird monitoring staff with improved communication equipment which will improve safety.,Park operations (ONPS)
146,NER,Northeast,CACO,Cape Cod National Seashore,park unit,Cape Cod National Seashore,42.0503,-70.0873,as listed,Replace Key Cores & Keys Parkwide,"Procure new key cores and keys, and contract installation.",Park operations (ONPS)
147,NER,Northeast,CACO,Cape Cod National Seashore,park unit,Cape Cod National Seashore,42.0503,-70.0873,as listed,Replacement of Three Nauset Trail Pedestrian Bridges,Purchase supplies & materials for Nauset bridge project,Other
148,SER,Southeast,CAHA,Cape Hatteras National Seashore,park unit,Cape Hatteras National Seashore,35.237,-75.6035,as listed,Aerial Infrared Detection of White-tailed deer within the Outer Banks Group Parks in eastern North Carolina,"The National Park Service is requesting contracted aerial infrared detection services for the purpose of surveying White-tailed deer (Odocoileus virginianus) within the Outer Banks Group Parks in eastern North Carolina. The purpose of this project is to obtain an accurate, baseline White-tailed deer population census by conducting a wintertime forward-looking infrared aerial (FLIR) count, which will serve as the starting point for future management actions regarding deer in the park.",To be determined
149,SER,Southeast,CAHA,Cape Hatteras National Seashore,park unit,Cape Hatteras National Seashore,35.237,-75.6035,as listed,CAHA - Buxton - Remove Debris Pile,Remove the debris pile that is a result of Fall 2025 house collapses in Buxton,Park operations (ONPS)
150,SER,Southeast,CAHA,Cape Hatteras National Seashore,park unit,Cape Hatteras National Seashore,35.237,-75.6035,as listed,CAHA - Conduct CERCLA and Remediation at Inactive Buxton Firing Range,"This component will complete the PA/SI and PRP search for Buxton Inactive Firing Range. Perform combined PA/SI following CERCLA, NPS policy, guidance and best practices on CS Portal. Also, execute a PRP search to determine whether others are responsible and liable for any possible contamination.",Other
151,SER,Southeast,CAHA,Cape Hatteras National Seashore,park unit,Cape Hatteras National Seashore,35.237,-75.6035,as listed,CAHA - ORV - Shell Material Purchase,Purchase shell material for ORV ramp management,Other
152,SER,Southeast,CAHA,Cape Hatteras National Seashore,park unit,Cape Hatteras National Seashore,35.237,-75.6035,as listed,CAHA - ORV Construction Project,Specific project TBD - likely a parking lot expansion or new parking lot,Other
153,SER,Southeast,CAHA,Cape Hatteras National Seashore,park unit,Cape Hatteras National Seashore,35.237,-75.6035,as listed,CAHA – ORV – Sand/Clay Material Purchase,Purchase Sand and/or Clay material purchase for ORV ramp maintenance.,Other
154,SER,Southeast,CAHA,Cape Hatteras National Seashore,park unit,Cape Hatteras National Seashore,35.237,-75.6035,as listed,Purchase new speed measuring devices,Purchase 4 speed measuring devices (radar units) for law enforcement operations.,Park operations (ONPS)
155,SER,Southeast,CALO,Cape Lookout National Seashore,park unit,Cape Lookout National Seashore,34.8281,-76.3477,as listed,Emergency Repair to Cape Lookout Ferry Concession Dock,The Cape Lookout Ferry Concession Dock sustained damaged during the FY25 Storm Season. Repairs are needed for visitor safety due to this dock is used by our concessionaire and CUA operators to drop visitors off at the Cape Lookout Lighthouse area.,Concession franchise fees
156,SER,Southeast,CALO,Cape Lookout National Seashore,park unit,Cape Lookout National Seashore,34.8281,-76.3477,as listed,FY26 Replace outdated Computers,Replace IT Equipment to meet NPS IT Compliance Requirements.,Park operations (ONPS)
157,SER,Southeast,CALO,Cape Lookout National Seashore,park unit,Cape Lookout National Seashore,34.8281,-76.3477,as listed,FY26 Replace Unsafe/Broken ATV & UTV Equipment,FY26 Replace Unsafe/Broken ATV & UTV Equipment,Park operations (ONPS)
158,SER,Southeast,CALO,Cape Lookout National Seashore,park unit,Cape Lookout National Seashore,34.8281,-76.3477,as listed,Purchase 10 VRP Taser 7 with Cartridges & batteries,Purchase 10 VRP Taser 7 with Cartridges & batteries.,Park operations (ONPS)
159,SER,Southeast,CALO,Cape Lookout National Seashore,park unit,Cape Lookout National Seashore,34.8281,-76.3477,as listed,Purchase 2 Generators,Purchase a generator for the Cape LH for emergency events and a generator for housing dorm to use during power outages.,Park operations (ONPS)
160,SER,Southeast,CALO,Cape Lookout National Seashore,park unit,Cape Lookout National Seashore,34.8281,-76.3477,as listed,Purchase Ammo,Purchase 9mm124 grain lawman TMJRN,Park operations (ONPS)
161,SER,Southeast,CALO,Cape Lookout National Seashore,park unit,Cape Lookout National Seashore,34.8281,-76.3477,as listed,Purchase Replacement Boat Motors,Replace two outdated boat motors for resource division,Park operations (ONPS)
162,SER,Southeast,CALO,Cape Lookout National Seashore,park unit,Cape Lookout National Seashore,34.8281,-76.3477,as listed,Remodel VRP Office Space to accommodate more workspace.,Remodel VRP office space to better accommodate additional workstations and improve functionality.,Park operations (ONPS)
163,SER,Southeast,CALO,Cape Lookout National Seashore,park unit,Cape Lookout National Seashore,34.8281,-76.3477,as listed,Repair/Replace Electrical Outlets for the Visitor Center Patio Ceiling Fans,There is a safety concern regarding the current condition of the ceiling fan outlets on the visitor center patio. These outlets require a replacement/repair to address the hazard and ensure visitor and staff safety.,Park operations (ONPS)
164,SER,Southeast,CALO,Cape Lookout National Seashore,park unit,Cape Lookout National Seashore,34.8281,-76.3477,as listed,Replace Portsmouth Village Equipment Building Roof,Cyclic Roof Replacement of Portsmouth Village Equipment Building.,Cyclic maintenance
165,SER,Southeast,CALO,Cape Lookout National Seashore,park unit,Cape Lookout National Seashore,34.8281,-76.3477,as listed,Replace Visitor Center Front Doors,Replace Visitor Center Front Doors in Exhibit area.,Repair and rehabilitation
166,IMR,Intermountain,CARE,Capitol Reef National Park,park unit,Capitol Reef National Park,38.1706,-111.1427,as listed,Improve Orchard Soil Health - 2026 and 2027,This project accomplishes necessary deferred maintenance on critical systems within 21 of Capitol Reef’s historic fruit orchards. Work includes the fertilization of 61.5 acres of turf between 2026 and 2027. Work will be completed by contract and by orchard staff with assistance from conservation crews and volunteers. It reduces park deferred maintenance by initiating soil improvement needs in 21 Capitol Reef Orchards.,Recreation fees (FLREA)
167,SER,Southeast,CARL,Carl Sandburg Home National Historic Site,park unit,Carl Sandburg Home National Historic Site,35.2678,-82.4507,as listed,Maintain Barn and Main House Landscape Drainages,The project consists of three phases outlined below: improving grading between the Main House and the House Garage to divert stormwater into the bamboo forest; installing steps/water bars in front of the Tenant House and grading in order to feather water around the structure; and grading to divert stormwater from the ditch surrounding the vegetable garden into the stone drain along the Back Drive instead of the bucks’ pen where it currently pools.,Repair and rehabilitation
168,SER,Southeast,CARL,Carl Sandburg Home National Historic Site,park unit,Carl Sandburg Home National Historic Site,35.2678,-82.4507,as listed,Rehabilitate Tenant House and Main House Garage,"The Tenant House and Main House Garage are contributing structures to Carl Sandburg Home NHS in its listing on the National Register of Historic Places and National Historic Landmark status. An HSAR will provide recommended treatments, preservation maintenance, repair tasks, or other work needed to preserve the properties according to The Secretary of Interior Standards for the Treatment of Historic Properties. This information will then be used to guide the rehabilitation of the structures.",Repair and rehabilitation
169,SER,Southeast,CARL,Carl Sandburg Home National Historic Site,park unit,Carl Sandburg Home National Historic Site,35.2678,-82.4507,as listed,Repair Five Farm Structures,"Condition assessments of five structures were conducted by the Historic Preservation Training Center (HPTC) in August 2012. The assessment determined that all structures were in poor condition, with several critical structural members compromised. The structures evaluated included the Buck Kid Quarters, Milk House, Barn Garage, Cow Shed/Chicken Coop, and the Main Goat park will contract for comprehensive design services for all structures, with construction planned for FY 2027.",Repair and rehabilitation
170,IMR,Intermountain,CAVE,Carlsbad Caverns National Park,park unit,Carlsbad Caverns National Park,32.1201,-104.6013,as listed,CAVE Upgrade AV Systems in VC Theaters and Amphitheater,"This project will update the AV systems for the two park theaters, the Bat Flight Amphitheater, and visitor center exhibits.",Recreation fees (FLREA)
171,IMR,Intermountain,CAVE,Carlsbad Caverns National Park,park unit,Carlsbad Caverns National Park,32.1201,-104.6013,as listed,Purchase of New Cardboard Bailer,This project will be to purchase a new Cardboard Bailer for the Park,Park operations (ONPS)
172,IMR,Intermountain,CAVE,Carlsbad Caverns National Park,park unit,Carlsbad Caverns National Park,32.1201,-104.6013,as listed,Replace Carpeting in V.C,"Removal, disposal, and new installation of floor coverings- predicted to be carpeting, in the Visitor Center. Most likely SABER Contract",Cyclic maintenance
173,IMR,Intermountain,CAGR,Casa Grande Ruins National Monument,park unit,Casa Grande Ruins National Monument,32.9969,-111.5327,as listed,"Remove and Replace Security, Fire Alarm, and Camera System Components at CAGR & TUMA",Replace system components at both parks. See PMIS 347024A (CAGR) and PMIS 347092A (TUMA),Cyclic maintenance
174,SER,Southeast,CASA,Castillo de San Marcos National Monument,park unit,Castillo de San Marcos National Monument,29.8979,-81.3124,as listed,FY26 Black Powder Order,Black powder order to support historic weapons demonstrations at CASA and FOMA.,Park operations (ONPS)
175,SER,Southeast,CASA,Castillo de San Marcos National Monument,park unit,Castillo de San Marcos National Monument,29.8979,-81.3124,as listed,Paint Maintenance Buildings and Balley Building,"Paint Maintenance Buildings and Balley Building. This project includes pressure washing, preparing, and painting of the exterior of the Balley building, maintenance shop, and maintenance outbuilding. Preparation includes priming the paintable surfaces and caulking any areas that need caulking with exterior latex elastomeric caulking.",Cyclic maintenance
176,SER,Southeast,CASA,Castillo de San Marcos National Monument,park unit,Castillo de San Marcos National Monument,29.8979,-81.3124,as listed,Replace Deteriorated Nature Trail Boardwalk (River Side),Replace Deteriorated Nature Trail Boardwalk (River Side) at Fort Matanzas,Repair and rehabilitation
177,SER,Southeast,CASA,Castillo de San Marcos National Monument,park unit,Castillo de San Marcos National Monument,29.8979,-81.3124,as listed,Replacement of Maintenance Division Utility Terrain Vehicles,"The National Park Service has a need to replace two UTV€™s/Carts at the Castillo de San Marcos located at 1 S Castillo Dr, St. Augustine, FL 32084. This purchase will involve replacing two of the carts that are being used by the maintenance team. The new carts will be electric Club Car Carryall 500 or 502 which will be replacing a Club Car Carryall 300 and a Kawasaki Mule.",Park operations (ONPS)
178,SER,Southeast,CASA,Castillo de San Marcos National Monument,park unit,Castillo de San Marcos National Monument,29.8979,-81.3124,as listed,Sidewalk Replacement/Improvements,"The National Park Service has a need to repair, replace, and improve existing sidewalks around the Castillo de San Marcos, the Visitor€™s Parking Lot, surrounding area, and next to the headquarters building. The current sidewalks have been patched in multiple locations and had several joints grinded down to reduce trip hazards around the monument. St Augustine sees approximately 6.3 million visitors annually. While some 2 million visitors are drawn to the historic Castillo de San Marcos. The area",To be determined
179,SER,Southeast,CASA,Castillo de San Marcos National Monument,park unit,Castillo de San Marcos National Monument,29.8979,-81.3124,as listed,Upfit Law Enforcement Vehicle,"The project consists of upfitting a law enforcement vehicle with decals, lights, radios, computers, wiring harnesses, running boards, prisoner protection/restraint items, gun/ammo safes, etc.",Other
180,NCR,National Capital,CATO,Catoctin Mountain Park,park unit,Catoctin Mountain Park,39.6532,-77.4692,as listed,CATO LE Patrol Car Outfitting FY26,Outfit new patrol car for law enforcement use. Labor and equipment purchasing needed,Not specified
181,NCR,National Capital,CATO,Catoctin Mountain Park,park unit,Catoctin Mountain Park,39.6532,-77.4692,as listed,Complete an Archeological Identification and Evaluation Study of Lands Adjacent to Manahan Road,Complete an Archeological Identification and Evaluation Study of Lands Adjacent to Manahan Road,Not specified
182,NCR,National Capital,CATO,Catoctin Mountain Park,park unit,Catoctin Mountain Park,39.6532,-77.4692,as listed,Deer Management,To exercise option year number 4 for BPA 140P3023A0001,Not specified
183,NCR,National Capital,CATO,Catoctin Mountain Park,park unit,Catoctin Mountain Park,39.6532,-77.4692,as listed,Forest Restoration,To exercise Task Order #5 for IDIQ 140PS124D0001 to remove invasive plants and plant trees at Catoctin Mountain Park,Not specified
184,NCR,National Capital,CATO,Catoctin Mountain Park,park unit,Catoctin Mountain Park,39.6532,-77.4692,as listed,Materials purchase to replace multiple failing roofs at Misty Mount Cabin Camp.,The roofs are past their life cycle and are in need of repair. This acquisition is for construction material only; work will be performed by park staff.,Not specified
185,NCR,National Capital,CATO,Catoctin Mountain Park,park unit,Catoctin Mountain Park,39.6532,-77.4692,as listed,"Paint Exterior of Camp Greentop Dining and Recreation Halls, Environmental Classroom, and Warehouse","Cyclic painting of the exterior of Camp Greentop Dining Hall, Camp Recreation Hall, Environmental Classroom (Building #83) and the Warehouse at Camp Round Meadow.",Not specified
186,NCR,National Capital,CATO,Catoctin Mountain Park,park unit,Catoctin Mountain Park,39.6532,-77.4692,as listed,"Paint Exterior of Camp Greentop Dining and Recreation Halls, Environmental Classroom, and Warehouse","Cyclic painting of the exterior of Camp Greentop Dining Hall, Camp Recreation Hall, Environmental Classroom (Building #83) and the Warehouse at Camp Round Meadow.",Cyclic maintenance
187,NCR,National Capital,CATO,Catoctin Mountain Park,park unit,Catoctin Mountain Park,39.6532,-77.4692,as listed,Prepare a CLR Parts I and II,Prepare a CLR Parts I and II,Not specified
188,NCR,National Capital,CATO,Catoctin Mountain Park,park unit,Catoctin Mountain Park,39.6532,-77.4692,as listed,Rehabilitate East Utility Systems,Rehabilitate East Utility Systems,Legacy Restoration Fund (GAOA)
189,NCR,National Capital,CATO,Catoctin Mountain Park,park unit,Catoctin Mountain Park,39.6532,-77.4692,as listed,Rehabilitate East Utility Systems,Rehabilitate East Utility Systems,Not specified
190,NCR,National Capital,CATO,Catoctin Mountain Park,park unit,Catoctin Mountain Park,39.6532,-77.4692,as listed,Rehabilitate Lower Owens Creek Comfort Stations-Construction,Rehabilitate Lower Owens Creek Comfort Stations-Construction,Not specified
191,NCR,National Capital,CATO,Catoctin Mountain Park,park unit,Catoctin Mountain Park,39.6532,-77.4692,as listed,Replace Fuel System Components on Above Ground Storage Tank,"This project is to replace components of the existing diesel and gasoline fueling systems at the park to comply with all applicable federal, state, and local regulations. The work consists of replacement of the fuel management system (hardware and software) as well as the replacement of two fuel pumps on con-vault tanks (1 diesel and 1 gasoline). In addition, some minor cosmetic and component work will be completed, such as painting, signage, and hose replacement.",Cyclic maintenance
192,NCR,National Capital,CATO,Catoctin Mountain Park,park unit,Catoctin Mountain Park,39.6532,-77.4692,as listed,Replace Fuel System Components on Above Ground Storage Tank,"This project is to replace components of the existing diesel and gasoline fueling systems at the park to comply with all applicable federal, state, and local regulations. The work consists of replacement of the fuel management system (hardware and software) as well as the replacement of two fuel pumps on con-vault tanks (1 diesel and 1 gasoline). In addition, some minor cosmetic and component work will be completed, such as painting, signage, and hose replacement.",Not specified
193,NCR,National Capital,CATO,Catoctin Mountain Park,park unit,Catoctin Mountain Park,39.6532,-77.4692,as listed,"Visitor Services Office, Design for Stormwater Management, Structural, and Interior Design-Design","Visitor Services Office, Design for Stormwater Management, Structural, and Interior Design-Design",Not specified
194,NCR,National Capital,CATO,Catoctin Mountain Park,park unit,Catoctin Mountain Park,39.6532,-77.4692,as listed,"Visitor Services Office, Design for Stormwater Management, Structural, and Interior Design-Design","Visitor Services Office, Design for Stormwater Management, Structural, and Interior Design-Design",Repair and rehabilitation
195,IMR,Intermountain,CEBR,Cedar Breaks National Monument,park unit,Cedar Breaks National Monument,37.6338,-112.8447,as listed,Add Picnic Pavilions at Alpine Trailhead and Chessmen,"Alpine Loop Trail is one of the most popular trails at Cedar Breaks. The trail has two trailheads spanning two locations, Alpine Loop Parking Lot and the Chessman Parking Lot. With increased visitation, the need for picnic areas has also increased. Building two covered picnic pavilions at the two trailheads will enhance the recreation experience and safety for many visitors. Having these pavilions will also help minimize damage to the resources by elimination social trailing, reducing ground dis",Cyclic maintenance
196,IMR,Intermountain,CEBR,Cedar Breaks National Monument,park unit,Cedar Breaks National Monument,37.6338,-112.8447,as listed,North View Overlook Comfort Station,Replace rented porta-potties with a pre-fab comfort station. The small comfort station will be installed within the existing parking lot and provide necessary facilities for visitors year-round.,Cultural cyclic maintenance
197,IMR,Intermountain,CEBR,Cedar Breaks National Monument,park unit,Cedar Breaks National Monument,37.6338,-112.8447,as listed,Provide Visitor Services - Park Access through Snow Clearing Operations,"Contract to plow snow from park roads, overlooks and parking lots using various types of snow removal equipment such as truck w/plow attached, snow blower and snow cat with auger attachments.",Park operations (ONPS)
198,IMR,Intermountain,CEBR,Cedar Breaks National Monument,park unit,Cedar Breaks National Monument,37.6338,-112.8447,as listed,Replace road and safety signs along main park road.,"Design and fabrication of new road guide and safety signs along the 7.5 mile main park road. Replace warning, guide and regulatory signs and their posts.",Recreation fees (FLREA)
199,IMR,Intermountain,CEBR,Cedar Breaks National Monument,park unit,Cedar Breaks National Monument,37.6338,-112.8447,as listed,Snow plow operations within Monument,Conduct yearly snow clearing along SR-148 and Main Park Road.,Park operations (ONPS)
200,NER,Northeast,CEBE,Cedar Creek and Belle Grove National Historical Park,park unit,Cedar Creek and Belle Grove National Historical Park,38.9937,-78.3142,as listed,Close two septic systems at CEBE,This project will close the septic systems at the Tusing and Miller houses.,Repair and rehabilitation
201,NER,Northeast,CEBE,Cedar Creek and Belle Grove National Historical Park,park unit,Cedar Creek and Belle Grove National Historical Park,38.9937,-78.3142,as listed,Prepare CLR for Cedar Creek Turnpike Crossing at CEBE,Prepare CLR for the Historic Transportation Corridors at Cedar Creek and Belle Grove NHP,Cultural resources
202,IMR,Intermountain,CHCU,Chaco Culture National Historical Park,park unit,Chaco Culture National Historical Park,36.034,-107.9581,as listed,Cyclic Replacement of Lagoon Liners,This project consists of replacing the wastewater lagoon liner in the small and medium cells. The project also includes replacing the inlet valves and pipes.,Cyclic maintenance
203,IMR,Intermountain,CHCU,Chaco Culture National Historical Park,park unit,Chaco Culture National Historical Park,36.034,-107.9581,as listed,Cyclic replacement of Septic Tanks at Gallo Campground,This project will replace failing septic tanks at the Gallo Campground with 2 larger septic tank units. The existing tanks are past the normal lifecycle of a concrete septic tank. The interior of the tanks have been eaten away by corrosive environments that exist in the environment they are exposed to. Failure to replace these tanks timely will result in sewage potentially leaking into our ground water.,Cyclic maintenance
204,IMR,Intermountain,CHCU,Chaco Culture National Historical Park,park unit,Chaco Culture National Historical Park,36.034,-107.9581,as listed,Replace Sewage Lagoon Liners,"Project includes the complete replacement of existing liner on three sewer lagoon cells. The work includes removal and disposal of the old liner, disposal of the sludge, regrading lagoon slope and bottom, installation of a clay bottom liner, raising the distribution vault, replacement of frozen 4-inch valves between the liners, and install new slope liner. The southeast liner is 3,400 square feet, the northeast liner is approximately 6,000 square feet, and the west liner is 10,000 square feet",Cultural cyclic maintenance
205,IMR,Intermountain,CHAM,Chamizal National Memorial,park unit,Chamizal National Memorial,31.7671,-106.4548,as listed,CHAM ADA Desk Compliance,The Admin Office entry has an Admin desk that is not meet ADA compliance requirements. This project will reconfigure the area in order to meet compliance regulations.,Park operations (ONPS)
206,IMR,Intermountain,CHAM,Chamizal National Memorial,park unit,Chamizal National Memorial,31.7671,-106.4548,as listed,CHAM CLI & NR,The National Park Service (NPS) is seeking an A/E firm to complete one [1] Cultural Landscapes Inventory (CLI) and one [1] National Register (NRHP) Nomination Form for Chamizal National Memorial. The project will provide park management with core baseline documentation for the cultural landscape.,Park operations (ONPS)
207,PWR,Pacific West,CHIS,Channel Islands National Park,park unit,Channel Islands National Park,34.0185,-119.7062,as listed,Design Install Fire Protection System at Historic Scorpion Ranch,Design Install Fire Protection System at Historic Scorpion Ranch,Repair and rehabilitation
208,PWR,Pacific West,CHIS,Channel Islands National Park,park unit,Channel Islands National Park,34.0185,-119.7062,as listed,Design Upgrade Smugglers Ranch Water System and Install Fire Alarm and Suppression System,Design Upgrade Smugglers Ranch Water System and Install Fire Alarm and Suppression System,Repair and rehabilitation
209,SER,Southeast,CHPI,Charles Pinckney National Historic Site,park unit,Charles Pinckney National Historic Site,32.8456,-79.8248,as listed,Replace Interpretive media to be in SO3431 compliance,"Fabrication, shipping, and installation of new exhibit panels for CHPI exhibits in compliance with SO3431 guidance",To be determined
210,MWR,Midwest,CHYO,Charles Young Buffalo Soldiers National Monument,park unit,Charles Young Buffalo Soldiers National Monument,39.7087,-83.8898,as listed,Replace Cultural Outbuildings and Landscape Elements,"Install exterior barn structure, chicken coop based on 2017 CLR recommendations",Repair and rehabilitation
211,SER,Southeast,CHAT,Chattahoochee River National Recreation Area,park unit,Chattahoochee River National Recreation Area,33.9738,-84.2667,as listed,Archeology Survey,"This project will develop a baseline Section 110 study to identify, inventory/evaluate and map the archaeological resources along the route of new trails described in the Comprehensive Trails Management Plan (TMP). The TMP addresses trail construction and maintenance for developing and managing a parkwide trail system integrated with other metro-area trails. The construction of nearly 22 miles of new trails and relocation of existing trails requires a 110 survey to identify sensitive sites and p",Cultural resources
212,SER,Southeast,CHAT,Chattahoochee River National Recreation Area,park unit,Chattahoochee River National Recreation Area,33.9738,-84.2667,as listed,Rehabilitate Island Ford Picnic Pavilion,The Hewlett Lodge Picnic Pavilion is significantly deteriorated in recent years. The structure is an important part of the cultural landscape of the historic Hewlett lodge. All work to be accomplished in a historically appropriate manner. Asset is National Register eligible.,Legacy Restoration Fund (GAOA)
213,SER,Southeast,CHAT,Chattahoochee River National Recreation Area,park unit,Chattahoochee River National Recreation Area,33.9738,-84.2667,as listed,Remove invasive species from 5 acres,The work of this project will provide assistance in completing two deferred maintenance projects; annual trail inventory/condition assessment and documenting exotic plant species along the approximately 50 miles of park trails and other park areas. The project will further provide the participating individuals with an opportunity for education in the identifying and documentation of endangered plant species and the skills needed to access the condition of trail holistically while simultaneously,Cyclic maintenance
214,NCR,National Capital,CHOH,Chesapeake and Ohio Canal National Historical Park,park unit,Chesapeake and Ohio Canal National Historical Park,39.6089,-77.9227,as listed,Archeological Testing of the Dellinger Property,"This project will build on the HSR conducted by HPTC and HABS on the Dellinger (Burnside) House in 2023. Archeological documentation of the property will help the park to better understand the people who lived and worked on this particular property and how the space was utilized. This project will include both Phase I and limited Phase II work on a 70.5-acre area, as well as formal Determination(s) of Eligibility.",Not specified
215,NCR,National Capital,CHOH,Chesapeake and Ohio Canal National Historical Park,park unit,Chesapeake and Ohio Canal National Historical Park,39.6089,-77.9227,as listed,CHOH- Fire & Physical Security Contract,C&O Canal may need to enter into a contract for physical security and fire on structures in the park; we are currently working on estimates. IGE is a complete and total guess!,Park operations (ONPS)
216,NCR,National Capital,CHOH,Chesapeake and Ohio Canal National Historical Park,park unit,Chesapeake and Ohio Canal National Historical Park,39.6089,-77.9227,as listed,CONSTRUCTION - Refurbish Well Systems at Two Fee Campsites,Provide safe potable water for visitors/campers at three CHOH campsites. Refurbish the water systems in each campground to provide potable water in compliance with Director€™s Order #83 (RM-83) and local water treatment requirements. This component will refurbish the well systems in two fee campgrounds from manual hand pump wells to efficient solar powered well pumps.,Not specified
217,NCR,National Capital,CHOH,Chesapeake and Ohio Canal National Historical Park,park unit,Chesapeake and Ohio Canal National Historical Park,39.6089,-77.9227,as listed,Cumberland Janitorial Exercise OY2 140P3024C0005,"Option year 2 for Cumberland Visitor Center and Building D cleaning services. Cleaning is necessary to provide a safe, sanitary environment for visitors and staff.",Not specified
218,NCR,National Capital,CHOH,Chesapeake and Ohio Canal National Historical Park,park unit,Chesapeake and Ohio Canal National Historical Park,39.6089,-77.9227,as listed,Cushwa Basin Trenching,May need a contractor to lay approximately 200' of fiber optic cable in park parking area,Not specified
219,NCR,National Capital,CHOH,Chesapeake and Ohio Canal National Historical Park,park unit,Chesapeake and Ohio Canal National Historical Park,39.6089,-77.9227,as listed,Cushwa Visitor Center Janitorial,"New requirement for custodial services of the Cushwa Visitor Center, staff common spaces, and Trolley Barn museum exhibit. This item should be eligible for the AbilityOne Procurement List. Planned Base +4 contract",Not specified
220,NCR,National Capital,CHOH,Chesapeake and Ohio Canal National Historical Park,park unit,Chesapeake and Ohio Canal National Historical Park,39.6089,-77.9227,as listed,Cushwa Visitor Center Janitorial,"New requirement for custodial services of the Cushwa Visitor Center, staff common spaces, and Trolley Barn museum exhibit. This item should be eligible for the AbilityOne Procurement List. Planned Base +4 contract",Park operations (ONPS)
221,NCR,National Capital,CHOH,Chesapeake and Ohio Canal National Historical Park,park unit,Chesapeake and Ohio Canal National Historical Park,39.6089,-77.9227,as listed,Fencing repair/replacement for Federal Abandoned Hardrock Mining Reclamation,"This project will involve removal of dilapidated security fencing, replacement with new fencing, and installation of additional fencing to provide visitor safety around abandoned hardrock mining facilities including audits, shafts, and other mine openings. Project is necessary for visitor safety.",Not specified
222,NCR,National Capital,CHOH,Chesapeake and Ohio Canal National Historical Park,park unit,Chesapeake and Ohio Canal National Historical Park,39.6089,-77.9227,as listed,Georgetown Visitor Center Janitorial,New requirement for custodial services of the Georgetown Visitor Center and staff office spaces. This item should be eligible for the AbilityOne Procurement List. Planned Base +4 contract,Park operations (ONPS)
223,NCR,National Capital,CHOH,Chesapeake and Ohio Canal National Historical Park,park unit,Chesapeake and Ohio Canal National Historical Park,39.6089,-77.9227,as listed,Implement Towpath Hazardous Tree Management Plan - Year 2,"This project implements the C&O Canal Tree Management Plan (TMP) which involves inspection, inventory, cutting, pruning, stump grinding, and other functions related to tree management in a historical public setting while maintaining a sustainable wetland forest ecosystem.",Not specified
224,NCR,National Capital,CHOH,Chesapeake and Ohio Canal National Historical Park,park unit,Chesapeake and Ohio Canal National Historical Park,39.6089,-77.9227,as listed,Preventative Maintenance and Treatment to Preserve Archeological Collection,"This project will perform cyclic treatment for preservation and preventative maintenance by assessing, rehousing, relabeling, and assigning updated locations to the 140,000 museum objects.",Not specified
225,NCR,National Capital,CHOH,Chesapeake and Ohio Canal National Historical Park,park unit,Chesapeake and Ohio Canal National Historical Park,39.6089,-77.9227,as listed,RC 52-in Zero Turn Tracked Mower,Purchase RC Zero Turn Tracked Mower. See Specification Sheet. COTR: Zach King,Not specified
226,NCR,National Capital,CHOH,Chesapeake and Ohio Canal National Historical Park,park unit,Chesapeake and Ohio Canal National Historical Park,39.6089,-77.9227,as listed,Refurbish Well Systems at Fee Campsites - Design & Compliance,This component covers the costs for design to inform the construction component of this project and compliance needs for participating in the design process. This project will provide safe potable water for visitors/campers at two CHOH campsites. It will refurbish the water systems in each campground to provide potable water in compliance with Director€™s Order #83 (RM-83) and local water treatment requirements.,Not specified
227,NCR,National Capital,CHOH,Chesapeake and Ohio Canal National Historical Park,park unit,Chesapeake and Ohio Canal National Historical Park,39.6089,-77.9227,as listed,"Rehabilitate Towpath (Georgetown/DC Section), Phase 1","This project will be for design/build for towpath resurfacing in District of Columbia, vegetation removal, fencing installation and targeted landscaping.",Other
228,NCR,National Capital,CHOH,Chesapeake and Ohio Canal National Historical Park,park unit,Chesapeake and Ohio Canal National Historical Park,39.6089,-77.9227,as listed,Remove Debris from 6 Aqueducts Parkwide - 2026,"The project will include the cyclic removal of accumulated woody debris, plant material, and similar deposited material from 6 aqueducts along the Chesapeake and Ohio Canal National Historical Park's (CHOH) linear expanse.",Not specified
229,NCR,National Capital,CHOH,Chesapeake and Ohio Canal National Historical Park,park unit,Chesapeake and Ohio Canal National Historical Park,39.6089,-77.9227,as listed,Repair Great Falls Tavern,"The project will repair architectural, structural, electrical, and mechanical features of the Great Falls Tavern.",Not specified
230,NCR,National Capital,CHOH,Chesapeake and Ohio Canal National Historical Park,park unit,Chesapeake and Ohio Canal National Historical Park,39.6089,-77.9227,as listed,Repair Olmsted Island Timber Boardwalk to Provide Access to View Great Falls,"This project replaces a total of approximately 7200 square feet of walking surface, including all decking, uprights and joists as needed, replacement of the concrete footers and replacement of 1,734 linear feet of railing of the timber boardwalk trail. This component is for design.",Not specified
231,NCR,National Capital,CHOH,Chesapeake and Ohio Canal National Historical Park,park unit,Chesapeake and Ohio Canal National Historical Park,39.6089,-77.9227,as listed,Repair Olmsted Island Timber Boardwalk to Provide Access to View Great Falls,"This project replaces a total of approximately 7200 square feet of walking surface, including all decking, uprights and joists as needed, replacement of the concrete footers and replacement of 1,734 linear feet of railing of the timber boardwalk trail. This component is for design.",Repair and rehabilitation
232,NCR,National Capital,CHOH,Chesapeake and Ohio Canal National Historical Park,park unit,Chesapeake and Ohio Canal National Historical Park,39.6089,-77.9227,as listed,Repair the Barr (Blackford) House,"The project will consist of extensive roofing repairs, chimney repairs, preservation of all windows and doors, site drainage reconfiguration, and stabilization of the two-story front porch.",Not specified
233,NCR,National Capital,CHOH,Chesapeake and Ohio Canal National Historical Park,park unit,Chesapeake and Ohio Canal National Historical Park,39.6089,-77.9227,as listed,Repair/Replace Critical Systems - Lockhouse 70,"Lockhouse 70 will receive much needed exterior repairs including new metal roofing, gutters, and work on the porch. All three Lockhouses will be professionally painted from top to bottom.",Not specified
234,NCR,National Capital,CHOH,Chesapeake and Ohio Canal National Historical Park,park unit,Chesapeake and Ohio Canal National Historical Park,39.6089,-77.9227,as listed,Replace HVAC System at Great Falls Tavern Visitor Center,"Replace the Great Falls Tavern Visitor Center HVAC system. The installation of a new system will provide reliable, quieter, easy to operate, easier to repair and a more efficient heating and cooling system. This project will provide a new, integrated comfort system, which will serve the staff and visitors.",Not specified
235,NCR,National Capital,CHOH,Chesapeake and Ohio Canal National Historical Park,park unit,Chesapeake and Ohio Canal National Historical Park,39.6089,-77.9227,as listed,"Replace Roofs on Five Lockhouses (6, 10, 29, 43, & 45/46)","Each of the roofs are approximately 800 square feet of Western Red Cedar and are inlaid with copper flashings. This project would remove the existing roofs and replace them in-kind, matching all salient characteristics in accordance with section 106 regulations.",Not specified
236,NCR,National Capital,CHOH,Chesapeake and Ohio Canal National Historical Park,park unit,Chesapeake and Ohio Canal National Historical Park,39.6089,-77.9227,as listed,Replace Tasers for all LE Employees,Replace all the park's tasers with updated models,Not specified
237,NCR,National Capital,CHOH,Chesapeake and Ohio Canal National Historical Park,park unit,Chesapeake and Ohio Canal National Historical Park,39.6089,-77.9227,as listed,Toilet Pumping OY1,"Exercise O1 under parkwide pumping contract. This contract covers regular cleaning and pumping of park porta pots and vault toilets which is critical to the health, life, and safety of park visitors and staff.",Not specified
238,SER,Southeast,CHCH,Chickamauga and Chattanooga National Military Park,park unit,Chickamauga and Chattanooga National Military Park,34.9193,-85.2552,as listed,Construct Moccasin Bend Orientation Plaza And Perform Deferred Maintenance On Trails,"Construct orientation plaza at the gateway site and address deferred maintenance needs on two trails, the Brown€™s Ferry Federal Road and Stringer€™s Ridge. All areas are within the primarily undeveloped Moccasin Bend National Archeological District unit of the park in Chattanooga, Tennessee. Amenities include a 500 ft² restroom, a 600 ft² shelter, 34,000 ft² of roads and parking, water and sewer lines, and 18,000 ft² of trails, landscaping, and wayside exhibits. Archeological investigation would",Other
239,SER,Southeast,CHCH,Chickamauga and Chattanooga National Military Park,park unit,Chickamauga and Chattanooga National Military Park,34.9193,-85.2552,as listed,Replace Fence at Maintenance/LE Compound,"This project will replace the existing dilapidated security fence and barbed wire around the Maintenance/LE Compound in the Chickamauga Battlefield in Fort Oglethorpe, GA. The existing fence will be replaced with a taller fence and will be installed with improved razor wire (in lieu of barbed wire).",Repair and rehabilitation
240,SER,Southeast,CHCH,Chickamauga and Chattanooga National Military Park,park unit,Chickamauga and Chattanooga National Military Park,34.9193,-85.2552,as listed,Replace HVAC Units Chickamauga Visitor Center Administration Offices,"Replace existing 8 Mitsubishi mini split outdoor units and 18 indoor units. Price includes 8 new Mitsubishi outdoor units, 18 new Mitsubishi high wall indoor units, new refrigerant line sets with cover, new digital remote thermostats, new low voltage wiring and new condensate drain lines.",Cyclic maintenance
241,IMR,Intermountain,CHIR,Chiricahua National Monument,park unit,Chiricahua National Monument,32.0158,-109.3475,as listed,Abate Mold in CHIR Q11,Emergency abatement of mold in occupied housing unit at CHIR.,Park housing
242,IMR,Intermountain,CHIR,Chiricahua National Monument,park unit,Chiricahua National Monument,32.0158,-109.3475,as listed,Replace Electrical Components at Faraway and Neil's Den,"Project will replace the entire electrical systems on two historic buildings, the Faraway Ranch House and Neil’s Den. Electrical components including wiring, breaker panels, fixtures, and switches will be replaced to meet the current and future demand of these structures while maintaining the historic characteristics of each structure. Electrical components in both buildings were last updated in the 1980’s and have exceeded their useful lifecycle.",Cyclic maintenance
243,IMR,Intermountain,CHIR,Chiricahua National Monument,park unit,Chiricahua National Monument,32.0158,-109.3475,as listed,Upgrade Current Security System in Park Buildings,Replace 10 security cameras and associated hardware at 5 locations across Chiricahua.,Cyclic maintenance
244,SER,Southeast,CHRI,Christiansted National Historic Site,park unit,Christiansted National Historic Site,17.7341,-64.74,as listed,CHRI Fleet - Law Enforcement Operations Vessel,"Acquire a vessel configured for NPS Law Enforcement operations in marine environments. Vessel will support patrols, search and rescue, interdiction, and resource protection missions at Buck Island Reef National Monument and surrounding waters. LE configuration includes upgraded twin outboard engines (300+ HP class), reinforced hull, law enforcement lighting/siren package, radar/navigation suite, secure radio comms, shock-mitigating seating, and towing capability.",To be determined
245,SER,Southeast,CHRI,Christiansted National Historic Site,park unit,Christiansted National Historic Site,17.7341,-64.74,as listed,Comfort Station Pumping,"Pumping of multiple portable comfort station located in CHRI, Sion Farm Warehouse, and SARI-CSO.",Park operations (ONPS)
246,SER,Southeast,CHRI,Christiansted National Historic Site,park unit,Christiansted National Historic Site,17.7341,-64.74,as listed,Restore and Preserve David Hamilton Jackson Monument,The project will restore and preserve David Hamilton Jackson Monument. The bust is made out metal with a granite base. Approximately 26 square feet will be restored and preserved. Restoration and preservation will be performed in accordance with Section 106 of Secretary of Interior standards and other binding regulation for historic monuments. Surfaces will be cleaned and washed. Damaged stone areas will be replaced or repaired depending on the level of damage. Metal will be treated to prevent f,Recreation fees (FLREA)
247,NER,Northeast,COLO,Colonial National Historical Park,park unit,Colonial National Historical Park,37.2441,-76.5273,as listed,"Phase II Archeological Evaluation of Endangered Sites at Colonial National Historical Park, James City County, Virginia","Jamestown Island and along Colonial Parkway James City County, Virginia. The sites to be investigated lie within the boundaries of Colonial National Historical Park (COLO).Contractors shall, in addition to completing Phase II investigations that meet NPS and Virginia Department of Historic Resources (V-DHR) standards, and in furtherance of the park€™s management goals complete CRIS-AR and V-CRIS site inventory records and provide informed recommendations regarding future site preservation actions",Other
248,NER,Northeast,COLO,Colonial National Historical Park,park unit,Colonial National Historical Park,37.2441,-76.5273,as listed,Rehabilitate Yorktown Victory Monument,"This project will rehabilitate the Yorktown Victory Monument. Work includes, cleaning and repair of the monument elements, removal and restoration of the Victory statue, installation of a new lightning protection system.",Recreation fees (FLREA)
249,NER,Northeast,COLO,Colonial National Historical Park,park unit,Colonial National Historical Park,37.2441,-76.5273,as listed,Replace Roof at Glasshouse Factory Ruins,"Funding for this project will be used to perform cyclic replacement of deteriorated roofing on the Glasshouse Ruins Exhibit Building located in the Jamestown area. The work will include removal of existing 2,200sf of EPDM roofing and accessory materials such as flashing, followed by replacement with new materials (Corrugated Steel Panel Roof). Work will be performed by a contractor.",Park operations (ONPS)
250,NER,Northeast,COLO,Colonial National Historical Park,park unit,Colonial National Historical Park,37.2441,-76.5273,as listed,Replace Roofing at Wisteria Cottage and Nelson House Stables,"This project is to replace approximately 1,000 SF of cedar shingles at the Nelson House Stables and to replace 1,300 SF of fish scale (scalloped) cedar shingles at the Nelson House Wisteria Cottage. This project is to replace the roofs of these facilities making it cost efficient to operate. Reducing deferred maintenance will mitigate the roofs, to protect from water leaks which will allow for a usable, safe environment of all who occupy these facilities. The Wisteria Cottage has been used before",Park operations (ONPS)
251,IMR,Intermountain,COLM,Colorado National Monument,park unit,Colorado National Monument,39.0547,-108.6893,as listed,Museum-Quality Plant Replicas for Colorado National Monument Exhibits,Finalize models and replace 6 educational plants in Visitor Center exhibit.,Cyclic maintenance
252,IMR,Intermountain,COLM,Colorado National Monument,park unit,Colorado National Monument,39.0547,-108.6893,as listed,Purchase road base for Rim Rock Drive,Restock road base supply to support both cyclic and emergent repair needs on Rim Rock Drive.,Park operations (ONPS)
253,IMR,Intermountain,COLM,Colorado National Monument,park unit,Colorado National Monument,39.0547,-108.6893,as listed,Replace Law Enforcement Radios at COLM,Replace failing broadband radios for law enforcement rangers at COLM.,Park operations (ONPS)
254,SER,Southeast,CONG,Congaree National Park,park unit,Congaree National Park,33.7941,-80.7635,as listed,Install Water and Electricity at Longleaf Campground,"This project will install electric and water to the Longleaf Campground. A new well and water treatment facility will be constructed at the campground area, to provide water to the VIP Site and campsites. Two faucets will be installed one close to the vault toilet at the campground and near the VIP site for water access. A 110/240 volt 50 amp electrical connection will installed at the VIP site; approximately 1100 linear feet of buried electrical cable will be installed.",To be determined
255,SER,Southeast,CONG,Congaree National Park,park unit,Congaree National Park,33.7941,-80.7635,as listed,Replace comfort station restroom,Remove and replace vault toilet / comfort station at Longleaf Campground with similar model,To be determined
256,IMR,Intermountain,CORO,Coronado National Memorial,park unit,Coronado National Memorial,31.3508,-110.2565,as listed,Upgrade Current Security System in Park Buildings,Replace 9 security cameras and associated hardware at 9 locations across Coronado National Memorial with high resolution cameras and updated hardware,Cyclic maintenance
257,PWR,Pacific West,CRMO,Craters of the Moon National Monument and Preserve,park unit,Craters of the Moon National Monument and Preserve,43.4044,-113.5061,as listed,Title II Design,Title II Design for the rehabilitation of apartment 23 to improve thermal and energy efficiency.,Repair and rehabilitation
258,WASO,National (WASO),CRAD,Cultural Resources directorate,"office, program, network, or trail","NPS headquarters, Washington, DC",38.8939,-77.0427,as listed,laptops and desktops,Computer equipment purchase - laptops/desktops/monitors - may be multiple orders with different specs based on programmatic needs,Other
259,SER,Southeast,CUGA,Cumberland Gap National Historical Park,park unit,Cumberland Gap National Historical Park,36.6188,-83.6452,as listed,CUGA-Black Powder 2026,Purchase black powder for Cumberland Gap NHP Historic Weapons Program. FFG Black Powder,Park operations (ONPS)
260,SER,Southeast,CUGA,Cumberland Gap National Historical Park,park unit,Cumberland Gap National Historical Park,36.6188,-83.6452,as listed,FY26 Roadside Tree Trimming PMIS 255791B,"This project will perform selective trimming of roadside vegetation to better open up the road system corridors. With funds from this project professorial staff will selectively trim tree limbs and branches away from road shoulders along Skyline Drive, KY State Route 988 and Wilderness Road Campground Access Road.",Recreation fees (FLREA)
261,SER,Southeast,CUGA,Cumberland Gap National Historical Park,park unit,Cumberland Gap National Historical Park,36.6188,-83.6452,as listed,Install Exterior Steel Handrails for Safety,Install exterior steel handrails at CUGA HQ and Visitor Center Buildings to eliminate safety hazards.,Park operations (ONPS)
262,SER,Southeast,CUGA,Cumberland Gap National Historical Park,park unit,Cumberland Gap National Historical Park,36.6188,-83.6452,as listed,Relocate and Replace Fuel System Holding Tanks PMIS 342956,Relocate and Replace Fuel System Holding Tanks - Work for this project includes the following: -Drain and remove old fuel tank and related components. -Selective demo of concrete pad. -Form work and site prep for new concrete pad (approx. 10’ further away from building). -Pour concrete foundation. -Purchase and install new fuel holding tanks. -Install new control units and instrument gauges,Repair and rehabilitation
263,SER,Southeast,CUGA,Cumberland Gap National Historical Park,park unit,Cumberland Gap National Historical Park,36.6188,-83.6452,as listed,Replace Hensley Settlement Water System For Improved Visitor Enjoyment & Safety,"Project will address the replacement of the Hensley Settlement potable public water systems. This project will include the following. Replacement of the underground supply one-inch line. This line is rusted allowing treated potable water leak from the system resulting in water lost. On average CUGA will lose roughly 6,000 gallons of potable treated water a year due to the age vulnerability of the supply line.",Recreation fees (FLREA)
264,SER,Southeast,CUGA,Cumberland Gap National Historical Park,park unit,Cumberland Gap National Historical Park,36.6188,-83.6452,as listed,Replace Visitor Center Mechanical System,Design and install a new energy efficient heating and cooling system to replace the antiquated system that is currently being used. Current system components have been in use since 1959. For example the heating supply and return lines these lines should be taken out of service and blocked off due to leakage under the buildings concrete foundation. New designed system should be configured to allow for proper heating and cooling of the entire structure and should be energy efficient.,Repair and rehabilitation
265,SER,Southeast,CUGA,Cumberland Gap National Historical Park,park unit,Cumberland Gap National Historical Park,36.6188,-83.6452,as listed,Upgrade Wilderness Road Campground Electrical System,Upgrade Wilderness Road Campground Electrical System. This project will address Electrical Code Violations identified by design team.,Recreation fees (FLREA)
266,SER,Southeast,CUIS,Cumberland Island National Seashore,park unit,Cumberland Island National Seashore,30.8194,-81.4565,as listed,Conduct a Hazardous Material Assessment for Four Cattle Dip Tanks,"Conditions at the cattle dip tanks warrant further investigation. A non-time-critical investigation, such as an EE/CA, is recommended to assess arsenic concentrations in soil",Other
267,SER,Southeast,CUIS,Cumberland Island National Seashore,park unit,Cumberland Island National Seashore,30.8194,-81.4565,as listed,Rehabilitate Seacamp Ranger Station,The Sea Camp Ranger Station serves as the major and only source of visitor contact and information on the island. The current building was constructed as a single family home and served as a model home for a residential development planned for the island before it became a national seashore. This building was re-purposed by the NPS in the early 80s to be a ranger station. This project will rehab the interior of the building and the public restrooms so the building meets recommendations set forth,Repair and rehabilitation
268,SER,Southeast,CUIS,Cumberland Island National Seashore,park unit,Cumberland Island National Seashore,30.8194,-81.4565,as listed,Replace Fire Rings and Food Storage Boxes,Replace Fire Rings and Food Storage Boxes for camp sites. The fire rings and food lockers need to be replaced to ensure serviceability for visitors. The Food lockers have welded concealed hinges that are negatively impacted by the proximity to the ocean at both campgrounds.,Recreation fees (FLREA)
269,SER,Southeast,CUIS,Cumberland Island National Seashore,park unit,Cumberland Island National Seashore,30.8194,-81.4565,as listed,Replace Roofs on Davisville Housing Units,The project replaces two (2) of the Davisville Government Quarters roofs. Both South Cabin and the Phillips House have asphalt shingle roof systems that are past the serviceable life. The project will replace the existing shingles with 30-year asphalt architectural shingles.,Park housing
270,IMR,Intermountain,CURE,Curecanti National Recreation Area,park unit,Curecanti National Recreation Area,38.4525,-107.3695,as listed,"Replace lighting, exterior doors, ceiling tiles at Elk Creek Administration Building","Replace existing fluorescent lights, small glass recessed light, and track lighting with LED-recessed troffer style 2x2 energy-efficient light fixtures which will provide a glare free sky-light appearance and recessed can lights for smaller areas. Existing ceiling tiles and grid system will be replaced with sound absorption tiles with added insulating factors. Exterior solid-core doors (48""x84"") will also be replaced. Exterior solid core doors will be the only contracted portion of this project.",Cyclic maintenance
271,MWR,Midwest,CUVA,Cuyahoga Valley National Park,park unit,Cuyahoga Valley National Park,41.2092,-81.5697,as listed,"Design for Engineering on VK Lake, Sylvan, Armington Dams",Design work need for these dams. DSC help with this?,Cyclic maintenance
272,MWR,Midwest,CUVA,Cuyahoga Valley National Park,park unit,Cuyahoga Valley National Park,41.2092,-81.5697,as listed,Design of Riverbank Stabilization at MP 62.6 - MP 62.8 along the Valley Railway,Design for the riverbank work,Other
273,MWR,Midwest,CUVA,Cuyahoga Valley National Park,park unit,Cuyahoga Valley National Park,41.2092,-81.5697,as listed,Emergency Bridge Timbers Replacement on Bridge 447,Emergency Bridge Timbers Replacement on Bridge 447. Per FRA Inspection found wide gauge on the bridge timbers as the timbers are old and rotten are not able to hold the correct track gauge. This project will replace the entire bridge decking timbers with new bridge decking timbers.,Transportation fee revenue
274,MWR,Midwest,CUVA,Cuyahoga Valley National Park,park unit,Cuyahoga Valley National Park,41.2092,-81.5697,as listed,Emergency Stabilization of Historic Wilson Feed Mill Temporary Shoring,"Provide temporary, reversible, and non-destructive structural shoring and stabilization for the historic Wilson Feed Mill to ensure life safety, prevent further deterioration, and support future evaluation and restoration.",Repair and rehabilitation
275,MWR,Midwest,CUVA,Cuyahoga Valley National Park,park unit,Cuyahoga Valley National Park,41.2092,-81.5697,as listed,Emergency Stabilization of Historic Wilson Feed Mill- Design,"This project will provide emergency interim stabilization and address immediate health and safety conditions of the Wilson Feed Mill, an 1855 grist mill which still operates as a feed mill in the park. The Mill is located adjacent to Lock 37 on the Ohio & Erie Canal and is a significant contributing feature to the National Historic Landmark (NHL). The work includes contracted A/E and construction services to assess and complete the critical structural repairs necessary to preserve structure.",Repair and rehabilitation
276,MWR,Midwest,CUVA,Cuyahoga Valley National Park,park unit,Cuyahoga Valley National Park,41.2092,-81.5697,as listed,Long Stick Excavator Rental for Canal Dredging Project,A long stick excavator rental is needed to support the dredging project at CUVA this summer. Estimated rental is for 3 months with a few moves of the excavator to different locations in the park.,Other
277,MWR,Midwest,CUVA,Cuyahoga Valley National Park,park unit,Cuyahoga Valley National Park,41.2092,-81.5697,as listed,Replace Approximately 1200 Bad Railroad Ties MP64- MP66,This project is to replace 1200 plus bad railroad ties between MP64 and MP66 in order for the steam engine to travel into the Park. From track inspections found there are no good ties to hold the proper track gauge. This would cause a 400-ton engine to derail and cause further track and engine damage. New ties would be installed at every 4th tie. This will be the minimum requirement to meet FRA regulations for Class 1 track standards.,Cyclic maintenance
278,MWR,Midwest,CUVA,Cuyahoga Valley National Park,park unit,Cuyahoga Valley National Park,41.2092,-81.5697,as listed,Replace Retaining Wall along the Cuyahoga Valley Scenic Railroad,Replace a wooden retaining wall along the Cuyahoga Valley Scenic Railroad.,Repair and rehabilitation
279,MWR,Midwest,DAAV,Dayton Aviation Heritage National Historical Park,park unit,Dayton Aviation Heritage National Historical Park,39.8035,-84.0647,as listed,Replace 50 Ton Chillers B16 Roof Top Units,"Replace 2 each 50 Ton Chiller units on the roof top of building 16. Building 16 is the Wright Dunbar Interpretive Center (WDIC), the parks main visitors center. This location is where the public firsts interact with the park Rangers. This is the facility that all the historical artifacts are placed for display and long-term storage.",Cyclic maintenance
280,SER,Southeast,DESO,De Soto National Memorial,park unit,De Soto National Memorial,27.5222,-82.6429,as listed,Hurricane Helene Interim Repairs to DESO Visitor Center and HVAC,Replace electrical panel at DESO Visitor Center. Replace and raise approx.. 50 electrical outlets. Test and rewire electrical distribution system as necessary. Remove approx.. 1360 square feet of carpet flooring. Replace carpet flooring with textured concrete or sim. material. Mechanical (hand) removal of approximately 800 square feet of damaged drywall located on the bottom portion of the walls. Replace drywall with approx.. 800 sq. ft of concrete board.,Disaster supplemental
281,SER,Southeast,DESO,De Soto National Memorial,park unit,De Soto National Memorial,27.5222,-82.6429,as listed,Hurricane Helene/Milton - Repair and Rehabilitate DESO VC,"This project will incorporate the repairs and hardening of the DESO VC from damages due to Hurricanes Helene and Milton. Work will include replacing and raising the HVAC system, complete rewiring of the VC and replacement of any damaged wall components.",Disaster supplemental
282,SER,Southeast,DESO,De Soto National Memorial,park unit,De Soto National Memorial,27.5222,-82.6429,as listed,Milton - Repair Berm and Point Riprap,"The project will repair approximately: 900 lineal feet of stone pillar riprap along berm and point. Approximately 1800-2000 tons of rock armor rip rap will be placed along the shoreline adjacent to the DESO Visitor Center, trail and grounds. Picture of location placement attached. Work will be performed by a contractor.",Disaster supplemental
283,SER,Southeast,DESO,De Soto National Memorial,park unit,De Soto National Memorial,27.5222,-82.6429,as listed,Repair Damaged Nature Trail Sections,Repair Damaged Nature Trail Sections,Disaster supplemental
284,PWR,Pacific West,DEVA,Death Valley National Park,park unit,Death Valley National Park,36.5668,-117.1388,as listed,Conservation Cleaning and Treatment of Historic Rugs at Scotty's Castle,Conservation Cleaning and Treatment of Historic Rugs at Scotty's Castle,Cultural cyclic maintenance
285,PWR,Pacific West,DEVA,Death Valley National Park,park unit,Death Valley National Park,36.5668,-117.1388,as listed,Emergency Repairs to Coyote Loop Lift Station,This emergency infrastructure project addresses the failure of one of two critical pumps at the Coyote Loop Lift Station. The existing dual-pump wastewater lift station serves as a vital component of the park€™s wastewater management system. One pump in the configuration is non-operational and requires immediate replacement with a new E/One Extreme Series model D200A01A01AA pump.,Cyclic maintenance
286,PWR,Pacific West,DEVA,Death Valley National Park,park unit,Death Valley National Park,36.5668,-117.1388,as listed,"Inspect, Test & Maintain Fire Suppression Systems in Death Valley","This project will accomplish the testing and maintenance of fire suppression and fire alarm systems in Death Valley National Park and repair deficiencies identified within park structures. Backflow testing required for fire suppression system certification will be performed at 65 locations, bringing facilities back into compliance with fire protection requirements.",Cyclic maintenance
287,PWR,Pacific West,DEVA,Death Valley National Park,park unit,Death Valley National Park,36.5668,-117.1388,as listed,Integrated Equipment Procurement & On-Site Service for Heavy Machinery,"Procurement and on-site service for heavy equipment and attachments, including Ampliroll water tank, masticator, and mucker. Scope covers tire and track replacement for Cat, John Deere, Volvo, and Bobcat machines, plus full maintenance (fluids, filters, diagnostics). Base year plus two option years. Estimated total cost: $1,648,684.48.",Park operations (ONPS)
288,PWR,Pacific West,DEVA,Death Valley National Park,park unit,Death Valley National Park,36.5668,-117.1388,as listed,Maintain Scotty's Castle Interior and Mechanical Objects - Chimes,Cyclic preservation maintenance for historic Degan chimes,Cultural cyclic maintenance
289,PWR,Pacific West,DEVA,Death Valley National Park,park unit,Death Valley National Park,36.5668,-117.1388,as listed,Maintain Scotty's Castle Interior and Mechanical Objects - Organ,Cyclic preservation maintenance for historic organ and pianos,Cultural cyclic maintenance
290,PWR,Pacific West,DEVA,Death Valley National Park,park unit,Death Valley National Park,36.5668,-117.1388,as listed,RCM Repair Electrical at Stovepipe RO Plant,"This project will complete emergency repair and replacement of a failed electrical transformer, well 1A conduit repair and install a voltage monitoring device at the Stovepipe Wells Reverse Osmosis (RO) Water Treatment Plant in Death Valley National Park.",Cyclic maintenance
291,PWR,Pacific West,DEVA,Death Valley National Park,park unit,Death Valley National Park,36.5668,-117.1388,as listed,RCM-Replace Furnace Creek RO Membrane,This project will replace the reverse osmosis (RO) membrane elements at the Furnace Creek RO (FCRO) water treatment facility to restore reliable potable water production.,Cyclic maintenance
292,PWR,Pacific West,DEVA,Death Valley National Park,park unit,Death Valley National Park,36.5668,-117.1388,as listed,Remove invasive burros to protect endangered desert resources at three parks,"Death Valley NP, Mojave NP, and Parashant NM protect over 4.8 million acres of desert ecosystems that are under threat by invasive burros. Degradation and impacts to critical habitat, desert springs, and rare plants threaten the federally protected desert tortoise, bighorn sheep, endemic aquatic species, and other native wildlife in all three parks. Due to burro population growth, if action is not taken immediately to reduce their numbers, permanent damage will occur to species and ecosystems.",Park operations (ONPS)
293,PWR,Pacific West,DEVA,Death Valley National Park,park unit,Death Valley National Park,36.5668,-117.1388,as listed,Replace 33 high-pressure laminate interpretive wayside panels in DEVA,"Replace 33 HPL interpretive wayside panels in high-traffic areas of the park. The panels suffer are peeling from extreme weather and vandalism, rendering them virtually illegible. This compromises the quality of information presented and diminishes the overall visitor experience. Despite their condition, the content remains valuable for visitors. Our plan includes reprinting high-quality materials, allowing visitors to engage meaningfully with the park's history and natural features.",Recreation fees (FLREA)
294,PWR,Pacific West,DEVA,Death Valley National Park,park unit,Death Valley National Park,36.5668,-117.1388,as listed,Replace Badwater Double Vault Toilet,The purpose of this project is to cyclically replace the Badwater double vault comfort station. The replacement vault will be installed via contract in order to prevent resource damage or injuries to the visitors or staff. The walls at the Badwater vault are separating and dangerous due to the high saline environment and are no longer maintainable. A tank failure will create major resource damage if it cracks and the walls now separating could injury staff or visitors if they fail suddenly.,Cyclic maintenance
295,PWR,Pacific West,DEVA,Death Valley National Park,park unit,Death Valley National Park,36.5668,-117.1388,as listed,Replace DEVA Museum Dataloggers,Replace DEVA Museum Dataloggers,Cultural cyclic maintenance
296,PWR,Pacific West,DEVA,Death Valley National Park,park unit,Death Valley National Park,36.5668,-117.1388,as listed,Replace the Non-Compliant Cow Creek Pool Fence and Repair Retaining Wall Defects,"This project will replace 491 feet of non-compliant pool fencing and will also make repairs to the damaged retaining walls underneath at the historic Cow Creek pool fence area. Section 3119B of the California building code mandates that pool enclosures be of a specific height and that the holes shall not allow the passage of a 4-inch diameter sphere, making the current chain link fence uncompliant and unsafe",Repair and rehabilitation
297,PWR,Pacific West,DEVA,Death Valley National Park,park unit,Death Valley National Park,36.5668,-117.1388,as listed,Replace UV Film on Historic Windows to protect Scotty's Castle,Install window film that protects museum furnishings and fabric from light damage and affords a degree of energy efficiency by reducing the amount of solar energy absorbed. Replace any cracked or broken windowpanes.,Cultural cyclic maintenance
298,PWR,Pacific West,DEVA,Death Valley National Park,park unit,Death Valley National Park,36.5668,-117.1388,as listed,Return Museum Collection to Scotty's Castle & Unpack,"Return & unpack collection after building and site repairs are complete. This project restores the displayed house museum portion of the collection, over 10,000 SF of items consisting of textiles, artwork, clothing, and furnishings. This project is a continuation of Contract No. 140P2022C0126.",Recreation fees (FLREA)
299,PWR,Pacific West,DEVA,Death Valley National Park,park unit,Death Valley National Park,36.5668,-117.1388,as listed,Scotty's Castle Collection Storage Containers,This project would be for the purchasing of 17 Conex containers with the purpose of temporary curatorial storage of the Scotty's Castle Collection while the Castle is under construction and tool/equipment storage. 12 of the containers require temperature control and fire suppression systems for each. The remaining 5 containers will be 20-foot for tool and equipment storage.,Recreation fees (FLREA)
300,PWR,Pacific West,DEVA,Death Valley National Park,park unit,Death Valley National Park,36.5668,-117.1388,as listed,Upgrade Electric Service to Cow Creek Pool Area,"This project consists of furnishing all labor, materials, equipment, supervision, and incidentals necessary to upgrade electrical service and replace deteriorated pool return lines at the Cow Creek Pool and Volleyball Court in Death Valley National Park. Work includes coordination with Southern California Edison for new metering, trenching and installation of underground electrical conduit and conductors in compliance with current NEC requirements, installation and reconfiguration of electrical",Cyclic maintenance
301,AKR,Alaska,DENA,Denali National Park and Preserve,park unit,Denali National Park and Preserve,63.3263,-150.603,as listed,Annual computer replacement,annual computer order to replace old laptops and desktops,Park operations (ONPS)
302,AKR,Alaska,DENA,Denali National Park and Preserve,park unit,Denali National Park and Preserve,63.3263,-150.603,as listed,DENA Replace Thorofare Tower,This is a maybe project. Replace the 35' radio tower at the Thorofare repeater site.,Cyclic maintenance
303,AKR,Alaska,DENA,Denali National Park and Preserve,park unit,Denali National Park and Preserve,63.3263,-150.603,as listed,Fire - Computer Replacement,"Replacement of computers (laptops) to ensure compliance with DOI lifecycle replacement based on expiration of warranty. Project includes replacement of docking stations, monitors, and other necessary workstation needs. Ensure fire management staff have necessary IT equipment to support and respond to incidents across the Nation. Subject to available funds.",Other
304,AKR,Alaska,DENA,Denali National Park and Preserve,park unit,Denali National Park and Preserve,63.3263,-150.603,as listed,Fire - Replacement Copier,Project includes replacement of full-service printer to ensure fire management staff have necessary equipment to support and respond to incidents across the Nation. Subject to available funds.,Other
305,AKR,Alaska,DENA,Denali National Park and Preserve,park unit,Denali National Park and Preserve,63.3263,-150.603,as listed,Fire Dorm - Appliances,"New Requirement. Appliances for Fire Dorm that will be constructed in 2026, and may include: refrigerators, freezer, microwave, stoves, dishwasher, laundry sets (to include those specific for washing and drying Nomex).",To be determined
306,AKR,Alaska,DENA,Denali National Park and Preserve,park unit,Denali National Park and Preserve,63.3263,-150.603,as listed,Fire Dorm - Furnishings,"New Requirement. Furnishings for Fire Dorm to be built in 2026, and may include: Bedroom furnishings, kitchen furniture, living room furniture, lockers for storage, cabinets, benches.",To be determined
307,AKR,Alaska,DENA,Denali National Park and Preserve,park unit,Denali National Park and Preserve,63.3263,-150.603,as listed,Safety Training (OSHA related),Safety Training (OSHA related),Park operations (ONPS)
308,AKR,Alaska,DENA,Denali National Park and Preserve,park unit,Denali National Park and Preserve,63.3263,-150.603,as listed,Trailer for Wildland Fire Aviation Support,Purchase a trailer to support transportation of wildland fire and aviation equipment to support wildland fire response and vegetation (wildland fuels) mitigation work. Subject to available funds.,Other
309,AKR,Alaska,DENA,Denali National Park and Preserve,park unit,Denali National Park and Preserve,63.3263,-150.603,as listed,UTV (2 Seat) Purchase for Wildland Fire,UTV to transport wildland firefighters in remote areas of Alaska to aid in wildland fire response and vegetations (wildland fuels) mitigations projects. Purchase may include new trailer rated to transport UTV and other necessary safety equipment and supplies. Subject to fund availability.,Other
310,AKR,Alaska,DENA,Denali National Park and Preserve,park unit,Denali National Park and Preserve,63.3263,-150.603,as listed,UTV (4 Seat) Purchase for Wildland Fire,UTV to transport wildland firefighters in remote areas of Alaska to aid in wildland fire response and vegetations (wildland fuels) mitigations projects. Purchase may include new trailer rated to transport UTV and other necessary safety equipment and supplies. Subject to fund availability.,Other
311,AKR,Alaska,DENA,Denali National Park and Preserve,park unit,Denali National Park and Preserve,63.3263,-150.603,as listed,UTV Trailer for Wildland Fire Support,Purchase an enclose trailer to support transportation of wildland fire and aviation equipment to support wildland fire response and vegetation (wildland fuels) mitigation work. Subject to available funds.,Other
312,AKR,Alaska,DENA,Denali National Park and Preserve,park unit,Denali National Park and Preserve,63.3263,-150.603,as listed,Wildland Fire Radio Purchase for NPS Alaska Western Area Fire Management,New requirement. Purchase new portable and mobile radios with accessories which are approved for interagency wildland fire use and meet current Alaska Region Radio standards.,Other
313,PWR,Pacific West,DEPO,Devils Postpile National Monument,park unit,Devils Postpile National Monument,37.6154,-119.0877,as listed,Install External Deluge Fire Suppression Sprinklers in Housing and Park Buildings,"This project will design and install exterior deluge fire sprinklers on all ten buildings in the park’s developed area. These ten buildings total approximately 4,300 square feet of building space. There are no fire suppression systems currently installed on any of these buildings.",Repair and rehabilitation
314,IMR,Intermountain,DETO,Devils Tower National Monument,park unit,Devils Tower National Monument,44.5901,-104.7152,as listed,DETO Portable Toilet Option year 4,Provide portable toilets and service during the 2026 Sturgis Motorcycle Rally. This service allows for the safe reliable collection and removal of human waste during a period of significantly high visitation. This work has a direct impact on public health and safety.,Park operations (ONPS)
315,IMR,Intermountain,DETO,Devils Tower National Monument,park unit,Devils Tower National Monument,44.5901,-104.7152,as listed,Flush and Clean Wastewater Septic Systems,This project will accomplish the flushing and cleaning of eight park wide septic systems. This work is essential to ensuring safe reliable transportation and disposal of human waste throughout Devils Tower National Monument. Failure to exercise this work would result in a direct and negative impact to public health and safety.,Cyclic maintenance
316,IMR,Intermountain,DETO,Devils Tower National Monument,park unit,Devils Tower National Monument,44.5901,-104.7152,as listed,Install Satellite-Connected Automated Fee Machine at Belle Fourche River Campground,"This project will install a satellite-connected automated fee machine (AFM) at the Belle Fourche River Campground in Devils Tower National Monument. The campground hosts an average of 10,000 overnight visitors annually, and the AFM will streamline revenue collection, improve visitor convenience, and reduce administrative overhead. Work will include the purchase and installation of the AFM. Ensuring open and accessible public lands.",Recreation fees (FLREA)
317,IMR,Intermountain,DINO,Dinosaur National Monument,park unit,Dinosaur National Monument,40.4943,-108.9377,as listed,Install Shade Structures at Overlook,This project will procure and install shade structures at a new overlook at the Quarry Exhibit Hall parking area where interpretive exhibits will be installed in late 2026. Many of the exhibits will feature touchable elements and providing shade will enhance the visitor experience at the site.,Other
318,IMR,Intermountain,DINO,Dinosaur National Monument,park unit,Dinosaur National Monument,40.4943,-108.9377,as listed,Modernize Mission 66 Housing at DINO,Modernize Mission 66 Housing at DINO,Legacy Restoration Fund (GAOA)
319,IMR,Intermountain,DINO,Dinosaur National Monument,park unit,Dinosaur National Monument,40.4943,-108.9377,as listed,Paint Green River Bridge,"This project is to prep and paint the Green River bridge. The work would consist of sandblasting the existing super structure of the bridge to ensure a good base for paint to adhere to. Once the bridge has been prepped the bridge will be painted with an epoxy paint that will last for approximately 25 years. A routine bridge inspection on the Green River Bridge (structure number 1400-001P) was performed by a contractor with the Federal Highways Administration in May, 2013.",Cultural cyclic maintenance
320,IMR,Intermountain,DINO,Dinosaur National Monument,park unit,Dinosaur National Monument,40.4943,-108.9377,as listed,Provide River Shuttles for Improved Operational Efficiency at Dinosaur National Monument,Develop new IDIQ for shuttling park vehicles and trailers from put-in to take-out for river trips conducted by Dinosaur National Monument staff and contractors.,Other
321,IMR,Intermountain,DINO,Dinosaur National Monument,park unit,Dinosaur National Monument,40.4943,-108.9377,as listed,Remove and Replace DINO Existing Maintenance Compound Fences,Replace fences at Jensen and Lodore with more secure privacy fencing.,Cyclic maintenance
322,IMR,Intermountain,DINO,Dinosaur National Monument,park unit,Dinosaur National Monument,40.4943,-108.9377,as listed,VRP UTV,Replaces current UTV with more capable unit.,Park operations (ONPS)
323,SER,Southeast,DRTO,Dry Tortugas National Park,park unit,Dry Tortugas National Park,24.6458,-82.8741,as listed,Rehabilitate Housing Quarters 2,Rehabilitate Housing Quarters 2 at Garden Key,Concession franchise fees
324,NER,Northeast,ERMN,Eastern Rivers and Mountains Inventory and Monitoring Network,"office, program, network, or trail","University Park, Pennsylvania",40.8048,-77.864,as listed,Taxonomic identification of stream benthic macroinvertebrate samples,Taxonomic analysis of approximately 50 benthic macroinvertebrate samples per year for five years collected during March/April following USGS NAWQA methods.,Park operations (ONPS)
325,IMR,Intermountain,ELMA,El Malpais National Monument,park unit,El Malpais National Monument,34.7862,-107.9777,as listed,ELMA Records and Information Management FY2026,"The objective of this project is to continue the work to professionalize recordkeeping practices and procedures for El Malpais and El Morro National Monuments. Extend existing task agreement to cover personnel cost, supplies, contractual costs for a Records Management Specialist position under the Experienced Services Program for 7 months, beginning March 1, 2026, to September 30, 2026.",Park operations (ONPS)
326,IMR,Intermountain,ELMO,El Morro National Monument,park unit,El Morro National Monument,35.039,-108.3464,as listed,ELMO - Replace Windows in all Housing Units,"This project is to replace all windows in the El Morro Housing Area (1-Apartment Triplex and 5-Single Family Houses), 64 windows in total to be replaced. The estimate includes the windows (white vinyl windows, flush finish, glass/Aragon gas, Premium 8000 series) and installation.",Cyclic maintenance
327,SER,Southeast,TILL,Emmett Till and Mamie Till-Mobley National Monument,park unit,Emmett Till and Mamie Till-Mobley National Monument,33.8315,-90.2703,inferred from title or description,Rekey the TILL monument for the purpose of physical security,"Rekey the TILL monument in MS with BEST locking system. Currently the ETIC, and courthouse are not in compliance with Bureau physical security requirements",Other
328,SER,Southeast,TILL,Emmett Till and Mamie Till-Mobley National Monument,park unit,Emmett Till and Mamie Till-Mobley National Monument,33.8315,-90.2703,inferred from title or description,TILL monument groundskeeping Service,"Perform groundskeeping at the ETIC, Tallahatchie County Second District Courthouse and Grabell Landing.",Other
329,SER,Southeast,TILL,Emmett Till and Mamie Till-Mobley National Monument,park unit,Emmett Till and Mamie Till-Mobley National Monument,33.8315,-90.2703,inferred from title or description,TILL monument Janitorial Service,Perform janitorial services at the ETIC and Tallahatchie County Second District Courthouse,Other
330,SER,Southeast,EVER,Everglades National Park,park unit,Everglades National Park,25.2826,-80.9548,as listed,,This contract will provide support to EVER for designing and laying out the required UNESCO World Heritage Site report. It will also develop infographics for strategic scientific communications.,Other
331,SER,Southeast,EVER,Everglades National Park,park unit,Everglades National Park,25.2826,-80.9548,as listed,Cyclic Vegetation Management - Chekika Roadsides,"The NPS seeks to hire a contractor to provide supervision, labor, materials, and equipment for roadside vegetation clearing, landscape maintenance, tree trimming, and hazardous tree removal, along both sides of each roadway.",Cyclic maintenance
332,SER,Southeast,EVER,Everglades National Park,park unit,Everglades National Park,25.2826,-80.9548,as listed,Florida Bay dashboard web design and development,This project serves to develop a web-based dashboard for Florida Bay environmental conditions. The dashboard will be available to the public to support knowledge of current conditions to improve safety and scientific understanding.,Other
333,SER,Southeast,EVER,Everglades National Park,park unit,Everglades National Park,25.2826,-80.9548,as listed,FY26 HID Mound Treatment,Treatment of exotic and nuisance species on the HID mounds.,Other
334,SER,Southeast,EVER,Everglades National Park,park unit,Everglades National Park,25.2826,-80.9548,as listed,HID FY26 Cattail Treatment,Treatment of 208 acres of cattail within the HID project area.,Other
335,SER,Southeast,EVER,Everglades National Park,park unit,Everglades National Park,25.2826,-80.9548,as listed,HID FY26 Willow Treatment,Treatment of 54 acres of willow within the HID project area.,Other
336,SER,Southeast,EVER,Everglades National Park,park unit,Everglades National Park,25.2826,-80.9548,as listed,Procurement of switches for monitoring the network for Everglades National Park,To request immediate action and approval for an emergency project requiring the urgent procurement and deployment of the network equipment.,Park operations (ONPS)
337,SER,Southeast,EVER,Everglades National Park,park unit,Everglades National Park,25.2826,-80.9548,as listed,Purchase Drum Mulcher for Mower,"Purchase a drum mulcher for new Pine Island John Deere Mower purchased in FY25. The SRD50 specialty cutting head will tackle the toughest brush material up to 8 inches diameter. It is designed to cut growth then efficiently grind material on the ground into mulch. Drum mulchers, known for their durability, speed, and ability to tackle tough environments, can shred vegetation in a fraction of the time of traditional methods, and allow operators to selectively clear areas without damaging desirable",Park operations (ONPS)
338,SER,Southeast,EVER,Everglades National Park,park unit,Everglades National Park,25.2826,-80.9548,as listed,Replace Wayside Trail Shelters,"This project will replace the worn, damaged, rotting, deteriorating Pinelands Walking Trail Wayside Shelter and the Anhinga Trail Wayside Shelter.",Cyclic maintenance
339,NER,Northeast,FIIS,Fire Island National Seashore,park unit,Fire Island National Seashore,40.7032,-72.9662,as listed,Complete Background and Genealogical Research and Conduct Geophysical Survey,"Complete background, archival, and genealogical research to document the historic context, identify descendent communities, and establish scientific research questions. Geophysical survey will also be conducted to identify subsurface anomalies in areas identified as potentially being activity areas or other sites associated with African Americans at WFE. The data collected will aid future component planning. Will be used to update and add to the park’s CRIS-AR and GIS data.",Cultural resources
340,NER,Northeast,FIIS,Fire Island National Seashore,park unit,Fire Island National Seashore,40.7032,-72.9662,as listed,Enhance Marsh Resilience Along the Northeastern Coast through Adaptive Planning and Restoration,"Planning workshops, mapping of hydrological impairments, and design, and hydrological restoration of pilot area of the William Floyd Estate Marsh using the SMARTeams marsh restoration method. Contracting would use options for 1. Workshops and design, 2. Archeological investigations and 3. Implementation and knowledge transfer.",Other
341,NER,Northeast,FIIS,Fire Island National Seashore,park unit,Fire Island National Seashore,40.7032,-72.9662,as listed,FIIS - Exercise Option Year 3 for Dumpsters Contract,3rd option year on an existing contract for dumpster service parkwide at Fire Island National Seashore.,Park operations (ONPS)
342,NER,Northeast,FIIS,Fire Island National Seashore,park unit,Fire Island National Seashore,40.7032,-72.9662,as listed,Purchase of Composite Decking Materials for Facility Repairs.,"Purchase: MoistureShield Vantage – 1"" x 6"" x 16' solid deck board, Cape Cod Gray, wood grain finish 758 boards",Repair and rehabilitation
343,NER,Northeast,FIIS,Fire Island National Seashore,park unit,Fire Island National Seashore,40.7032,-72.9662,as listed,Remove obsolete radio equipment from Lighthouse Dormitory building,"Project will remove and dispose of approximately 1000 SF of obsolete radio equipment from the Lighthouse Annex housing unit. The radio equipment was donated with the building as part of land and asset donations from the United States Coast Guard as part of the establishment of the park in 1964. The radio equipment was obsolete when the building and contents were donated and postdated the lighthouse area treatment period of 1938. There has not been any need for the equipment, and it takes up most",To be determined
344,NER,Northeast,FIIS,Fire Island National Seashore,park unit,Fire Island National Seashore,40.7032,-72.9662,as listed,Replace failed geothermal pump-Patchogue Ferry Terminal,Replace failed geothermal pump-Patchogue Ferry Terminal,Cyclic maintenance
345,NER,Northeast,FLNI,Flight 93 National Memorial,park unit,Flight 93 National Memorial,40.0576,-78.8927,as listed,Conserve and Treat Airplane Wreckage Pieces of United Airlines Flight 93,"Conservation treatment and stabilization of 70 items of plane wreckage from United Airlines Flight 93. The objects proposed for treatment were recovered from the crash and stored outside in unprotected shipping containers for 17 years before being recovered by the park. Treatment needed includes corrosion reduction and coating, stabilizing flaking paint, stabilization of loose or detaching pieces, and cleaning to remove black grime.",Cyclic maintenance
346,NER,Northeast,FLNI,Flight 93 National Memorial,park unit,Flight 93 National Memorial,40.0576,-78.8927,as listed,Improve Planting Conditions at the Memorial Groves and Allee (FY 2026),"improve planting conditions in the second section of the Memorial Groves and Allee that will be addressed as part of this project. Work will include removal of trees that are dead or in poor condition, soil remediation, and installation of a temporary subgrade irrigation system. Regular arboricultural care and maintenance will also be performed on existing trees.",Cyclic maintenance
347,NER,Northeast,FLNI,Flight 93 National Memorial,park unit,Flight 93 National Memorial,40.0576,-78.8927,as listed,Improve Planting Conditions for the Memorial Grove and Allee,"Improvement of tree planting conditions within the Memorial Groves and Allee at Flight 93 National Memorial. Required work includes the following: 1.Arboricultural care and maintenance of existing healthy trees. 2.Removal of existing trees that are dead or in poor condition. 3.Preparation of planting sites for replacement tree plantings, including soil remediation.",Cyclic maintenance
348,IMR,Intermountain,FLFO,Florissant Fossil Beds National Monument,park unit,Florissant Fossil Beds National Monument,38.9126,-105.286,as listed,FLFO VC Floor leak detection,FLFO VC Floor leak detection,Park operations (ONPS)
349,IMR,Intermountain,FOBO,Fort Bowie National Historic Site,park unit,Fort Bowie National Historic Site,32.1493,-109.4482,as listed,Upgrade Current Security System in Park Buildings,Replace 6 security cameras and associated hardware with high resolution cameras and updated hardware at 6 locations across Fort Bowie NHS.,Cyclic maintenance
350,SER,Southeast,FOFR,Fort Frederica National Monument,park unit,Fort Frederica National Monument,31.2235,-81.3901,as listed,2100500: Rehabilitate and Enhance Dock at Fort Frederica,"Project request funding to rehabilitate existing dock at Fort Frederica National Monument. The existing dock will be modified to for safe access as well as to provide access with the changing tides. The rehabilitation will consist of the installation of environmentally friendly decking, pilings, handrails, and gangway. This action is to contract the Georgia DNR and Army Corps of wetland and shoreline permits.",Repair and rehabilitation
351,SER,Southeast,FOFR,Fort Frederica National Monument,park unit,Fort Frederica National Monument,31.2235,-81.3901,as listed,FOFR- Rehabilitation and enhancement of Flagpole,Fort Frederica National Monument (FOFR) is proposing an update to the flagpole area within the Visitor Center/Administration zone of the park.,Other
352,IMR,Intermountain,FOLA,Fort Laramie National Historic Site,park unit,Fort Laramie National Historic Site,42.2024,-104.5471,as listed,Historic Replica Limber for Napoleon Cannon,Fort Laramie NHS will purchase a historically accurate limber to go with the parks Napoleon Cannon.,Park operations (ONPS)
353,MWR,Midwest,FOLS,Fort Larned National Historic Site,park unit,Fort Larned National Historic Site,38.1838,-99.2155,as listed,AE Design Services for HS-6 Restroom Remodel,"AE services for design and construction documents for an accessible restroom in the warehouse of the Quartermaster structure HS-6. Room will comply with ABAAS requirements on all plumbing and ancillary fixtures. New lighting fixtures, HVAC, plumbing, and 180 linear feet of potable water supply, 100 ft of sanitary waste line and a septic holding tank.",Repair and rehabilitation
354,MWR,Midwest,FOLS,Fort Larned National Historic Site,park unit,Fort Larned National Historic Site,38.1838,-99.2155,as listed,Design Component Renovate Restroom to Comply with ADA and ABA,Renovation the 1974 public restrooms in the visitor center to meet ADA and ABA standards as well as water saving devices. Design and construction services to make the existing non-compliant facilities compliant.,Repair and rehabilitation
355,MWR,Midwest,FOLS,Fort Larned National Historic Site,park unit,Fort Larned National Historic Site,38.1838,-99.2155,as listed,Ethnographic Overview and Assessment (EOA),"Cultural resource study to identify communities that have traditional associations with a site or landscape. Document their cultural practices, beliefs, and historical connections to the place. Assess how these associations are relevant to the management and interpretation of the site today.",Park operations (ONPS)
356,MWR,Midwest,FOLS,Fort Larned National Historic Site,park unit,Fort Larned National Historic Site,38.1838,-99.2155,as listed,Replace Chimney Liner,Replace the no compliant liner with a IFF compliant liner.,Park operations (ONPS)
357,MWR,Midwest,FOLS,Fort Larned National Historic Site,park unit,Fort Larned National Historic Site,38.1838,-99.2155,as listed,Tree Trimming and felling Service,Trim or fell seven trees and plant 2 replacement trees,Park operations (ONPS)
358,NER,Northeast,FOMC,Fort McHenry National Monument and Historic Shrine,park unit,Fort McHenry National Monument and Historic Shrine,39.2636,-76.5803,as listed,FOMC Replace Flagpole,Replace existing flagpole and cross bracing within the historic Star Fort due to age and condition. This is the location of the flagpole that flew the Star-Spangled Banner during the bombardment.,Other
359,NER,Northeast,FOMC,Fort McHenry National Monument and Historic Shrine,park unit,Fort McHenry National Monument and Historic Shrine,39.2636,-76.5803,as listed,Make Housing Repairs,Replace Carpeting and pin interior of housing units,Park housing
360,NER,Northeast,FOMC,Fort McHenry National Monument and Historic Shrine,park unit,Fort McHenry National Monument and Historic Shrine,39.2636,-76.5803,as listed,Manage Canadian Geese FY -2025/2029,Exercise Option year #1 on contract # 140P4225P0033,Concession franchise fees
361,SER,Southeast,FOPU,Fort Pulaski National Monument,park unit,Fort Pulaski National Monument,32.0328,-80.94,as listed,Asbestos Abatement for Coping Stones,Asbestos abatement on the back of historic coping stones on Fort Pulaski terreplein prior to and post removal by HPTC masons.,Repair and rehabilitation
362,SER,Southeast,FOPU,Fort Pulaski National Monument,park unit,Fort Pulaski National Monument,32.0328,-80.94,as listed,Cyclic Conservation on Original Fort Doors,"Inspection and recommendations for continuous conservation of original fort doors. Includes documentation and reporting, as well as treatment with park staff as needed.",Cyclic maintenance
363,SER,Southeast,FOPU,Fort Pulaski National Monument,park unit,Fort Pulaski National Monument,32.0328,-80.94,as listed,Equipment Rental for Deferred Maintenance Work in Fort,"Contract is for rental of telescoping boom lift, crane, and telehandler for historic preservation work outlined in component C of this project. Work includes stone and iron repair and reinstallation, wood treatment and repair, and casemate gin repair.",Recreation fees (FLREA)
364,SER,Southeast,FOPU,Fort Pulaski National Monument,park unit,Fort Pulaski National Monument,32.0328,-80.94,as listed,Mortar casting for cannon and carriage,Mortar casting for cannon and carriage,Recreation fees (FLREA)
365,SER,Southeast,FOPU,Fort Pulaski National Monument,park unit,Fort Pulaski National Monument,32.0328,-80.94,as listed,Paint Analysis on Historic Doors,Paint analysis on historic fort doors to expand on conservation efforts,Cyclic maintenance
366,MWR,Midwest,FOSC,Fort Scott National Historic Site,park unit,Fort Scott National Historic Site,37.8435,-94.7045,as listed,Walkway Rehab,"AE design task order to develop construction documents for this component, which will remove the existing failing chip seal walking surface with a surface recommended in the parks 2010 Accessible Routes Report.",Other
367,WASO,National (WASO),FOSM,Fort Smith National Historic Site,park unit,Fort Smith National Historic Site,35.3886,-94.4311,inferred from title or description,ECCD Managed Project at FOSM - CERCLA PA/SI SAP,FOSM - Preliminary Assessment/Site Investigation Sampling and Analysis Plan to evaluate potentially hazardous waste debris at former location of non-historic buildings.,Other
368,NER,Northeast,FOST,Fort Stanwix National Monument,park unit,Fort Stanwix National Monument,43.2107,-75.4554,as listed,Complete Cataloging of FOST Archives,"Process, Catalog, rehouse, and create finding aids for about 55 linear feet of resource management records in the archives at Fort Stanwix National Monument.",Park operations (ONPS)
369,NER,Northeast,FOST,Fort Stanwix National Monument,park unit,Fort Stanwix National Monument,43.2107,-75.4554,as listed,Picket replacement,Replace 2015 individual pickets *Fence) located around the Fort.,Other
370,NER,Northeast,FOST,Fort Stanwix National Monument,park unit,Fort Stanwix National Monument,43.2107,-75.4554,as listed,Replace concrete portion of side walk,Replace concrete portion of side walk as it as risen to where it may create a trip and fall hazard.,Park operations (ONPS)
371,SER,Southeast,FOSU,Fort Sumter and Fort Moultrie National Historical Park,park unit,Fort Sumter and Fort Moultrie National Historical Park,32.7534,-79.8795,as listed,Arborist Tree Health at Ft Moultrie and USCG Life Saving Station,Arborist Tree Health at Ft Moultrie and USCG Life Saving Station,Park operations (ONPS)
372,SER,Southeast,FOSU,Fort Sumter and Fort Moultrie National Historical Park,park unit,Fort Sumter and Fort Moultrie National Historical Park,32.7534,-79.8795,as listed,Cyclic Replacement of Jib Crane(s) Mechanical Components,"The goal of this project will be to replace the aging mechanical components on two jib cranes located at Fort Sumter and Fort Moultrie waterfront docks. This project will have the following steps. Step one, the project contractor will prepare all project documents required for the project. Next the contractor will remove the old mechanical components at both sites and properly dispose of the 20 plus year old material. After the old components have been removed the project contractor will then in",Cyclic maintenance
373,SER,Southeast,FOSU,Fort Sumter and Fort Moultrie National Historical Park,park unit,Fort Sumter and Fort Moultrie National Historical Park,32.7534,-79.8795,as listed,Paint Exterior Surfaces Life-saving Station Garage,"The scope of this project will be to replace weather damaged paint, stains, glazing on this historic building. Project crew will prepare wood clapboard for two new coats of latex paint / stain roughly 2,400 SF of area. Next the crew will recondition exterior windows by replacing missing window glazing, preparing wood surfaces for paint and applying two coats of new paint. All work will be within historic preservation standards.",Cyclic maintenance
374,SER,Southeast,FOSU,Fort Sumter and Fort Moultrie National Historical Park,park unit,Fort Sumter and Fort Moultrie National Historical Park,32.7534,-79.8795,as listed,Replace doors at Ft Sumter Museum,Replace entrance and exit doors at Ft Sumter Museum.,Park operations (ONPS)
375,SER,Southeast,FOSU,Fort Sumter and Fort Moultrie National Historical Park,park unit,Fort Sumter and Fort Moultrie National Historical Park,32.7534,-79.8795,as listed,Replica Mountain Howitzer for Public Black Powder Programming,A Civil War era 12-pound Bronze Barrel Mountain Howitzer with a 1st model prairie carriage. This will be used to conduct black powder demonstrations for special park events for visitor education purposes and enrichment.,Recreation fees (FLREA)
376,IMR,Intermountain,FOUN,Fort Union National Monument,park unit,Fort Union National Monument,35.9074,-105.0121,as listed,2 laptop computers,2 laptop computers,Park operations (ONPS)
377,IMR,Intermountain,FOUN,Fort Union National Monument,park unit,Fort Union National Monument,35.9074,-105.0121,as listed,A/c Furnace annual inspections,"inspect service and change filters A/c and furnaces Hq, Vc, and library",Park operations (ONPS)
378,IMR,Intermountain,FOUN,Fort Union National Monument,park unit,Fort Union National Monument,35.9074,-105.0121,as listed,Black Powder for Programs,Interp programs visitor,Park operations (ONPS)
379,IMR,Intermountain,FOUN,Fort Union National Monument,park unit,Fort Union National Monument,35.9074,-105.0121,as listed,Furnace inspection,annual service and inspection of furnaces in Housing units,Park operations (ONPS)
380,IMR,Intermountain,FOUN,Fort Union National Monument,park unit,Fort Union National Monument,35.9074,-105.0121,as listed,generator service and inspection,annual inspection and service of generators all buildings,Park operations (ONPS)
381,PWR,Pacific West,FOVA,Fort Vancouver National Historic Site,park unit,Fort Vancouver National Historic Site,45.6238,-122.6625,as listed,Administrative History,"Complete an updated park administrative history covering 1993 to the present day, including the creation of the Vancouver National Historic Reserve and the addition of the McLoughlin House Unit to the park.",Cultural resources
382,PWR,Pacific West,FOVA,Fort Vancouver National Historic Site,park unit,Fort Vancouver National Historic Site,45.6238,-122.6625,as listed,Historic Structures Painting,"This contracting action will provide exterior painting for historic structures at Fort Vancouver National Historic Site. contract will be structured to include bid options for similar work, as funding is available.",Cyclic maintenance
383,PWR,Pacific West,FOVA,Fort Vancouver National Historic Site,park unit,Fort Vancouver National Historic Site,45.6238,-122.6625,as listed,Rehabilitate Building 725,"This project will rehabilitate the critical systems and accomplish basic work on the building interior to bring to warm, lit shell condition as a precursor to leasing the building. The project will accomplish structural stabilization; rehabilitate the heating, cooling, lighting, fire protection alarms and sprinklers; and add an accessible entrance to the building.",Repair and rehabilitation
384,PWR,Pacific West,FOVA,Fort Vancouver National Historic Site,park unit,Fort Vancouver National Historic Site,45.6238,-122.6625,as listed,Rehabilitate Building 725 - Title III,"Title III task order for construction management services for rehabilitation of Building 725. Project includes structural stabilization; rehabilitation of mechanical, electrical, and fire protection systems; and creating accessible entrance to the building.",Repair and rehabilitation
385,PWR,Pacific West,FOVA,Fort Vancouver National Historic Site,park unit,Fort Vancouver National Historic Site,45.6238,-122.6625,as listed,Rehabilitate Building 748,"This project provides structural stabilization of historic building 748 at Fort Vancouver National Historic Site. In addition to structural stabilization, all MEP systems will be replaced and new fire suppression & detection systems will be added.",Repair and rehabilitation
386,PWR,Pacific West,FOVA,Fort Vancouver National Historic Site,park unit,Fort Vancouver National Historic Site,45.6238,-122.6625,as listed,Rehabilitate Building 748 - Title III,"Title III task order for construction management services for the structural stabilization of historic building 748 at Fort Vancouver National Historic Site. In addition to structural stabilization, all MEP systems will be replaced and new fire suppression & detection systems will be added.",Repair and rehabilitation
387,PWR,Pacific West,FOVA,Fort Vancouver National Historic Site,park unit,Fort Vancouver National Historic Site,45.6238,-122.6625,as listed,Rehabilitate Infantry Barracks Building (Bldg. 746): Title II,"This project will structurally stabilize the building and modernize HVAC, electrical distribution and restrooms. The project will also rehabilitate the building entrance to make it accessible.",Repair and rehabilitation
388,IMR,Intermountain,FOBU,Fossil Butte National Monument,park unit,Fossil Butte National Monument,41.8567,-110.7664,as listed,Acquire Laminated Glass for New Exhibit Cases,Purchase laminated glass for two new exhibit cases.,Park operations (ONPS)
389,IMR,Intermountain,FOBU,Fossil Butte National Monument,park unit,Fossil Butte National Monument,41.8567,-110.7664,as listed,Protect Visitor Center from Wildland Fire by Installing Stone Apron,"Following architect's design, install non-grouted stone apron on three sides of building exposed to vegetation.",Other
390,NER,Northeast,FRLA,Frederick Law Olmsted National Historic Site,park unit,Frederick Law Olmsted National Historic Site,42.3248,-71.1322,as listed,Conserve and Digitize Olmsted Firm Scrapbooks,"Funding for this project will be used to conserve and digitize 5 scrapbooks for Central Park, New York Parks and Boston Parks (1875-1905), 15 scrapbooks for the Chicago World's Fair (1890-1894) and one scrapbook containing obituaries from various sources regarding Frederick Law Olmsted Sr's death (1897-1922). The scrapbooks were assembled by the Olmsted firm and reflect the current events surrounding important Olmsted landscape projects and Senior's death. Conservation will be accomplished thru",Cultural cyclic maintenance
391,NER,Northeast,FRLA,Frederick Law Olmsted National Historic Site,park unit,Frederick Law Olmsted National Historic Site,42.3248,-71.1322,as listed,Custodial Services,Custodial Services for Three Sites in Park,Park operations (ONPS)
392,NER,Northeast,FRLA,Frederick Law Olmsted National Historic Site,park unit,Frederick Law Olmsted National Historic Site,42.3248,-71.1322,as listed,Mitigate At Risk Trees and Replace Deteriorated Vegetation,"This project is needed to stabilize trees located on the 2.0 acre Core property of the Olmsted NHS. Pruning and removing potential hazards will help to keep the property safe and operational. Failure to do so may cause the existing trees to become hazardous. This work will be accomplished by hiring professional arborist contractors. Five acres are of wooded forest. Two acres are of more formal and ornamental flowers, shrubs and vegetation consistent with the Olmsted cultural landscape plan. Ther",Cultural cyclic maintenance
393,NER,Northeast,FRLA,Frederick Law Olmsted National Historic Site,park unit,Frederick Law Olmsted National Historic Site,42.3248,-71.1322,as listed,Repaint Interior Surfaces,Paint surfaces in historic house wing,Cultural cyclic maintenance
394,NER,Northeast,FRLA,Frederick Law Olmsted National Historic Site,park unit,Frederick Law Olmsted National Historic Site,42.3248,-71.1322,as listed,Security Alarm Monitoring,New contract for alarm monitoring services,Park operations (ONPS)
395,NER,Northeast,FRLA,Frederick Law Olmsted National Historic Site,park unit,Frederick Law Olmsted National Historic Site,42.3248,-71.1322,as listed,Vault Service Contract,Service contract for vault systems,Park operations (ONPS)
396,NER,Northeast,FRSP,Fredericksburg and Spotsylvania County Battlefields Memorial National Military Park,park unit,Fredericksburg and Spotsylvania County Battlefields Memorial National Military Park,38.2944,-77.7306,as listed,FRSP Purchase Ammunition,Purchase ammunition.,Park operations (ONPS)
397,NER,Northeast,FRSP,Fredericksburg and Spotsylvania County Battlefields Memorial National Military Park,park unit,Fredericksburg and Spotsylvania County Battlefields Memorial National Military Park,38.2944,-77.7306,as listed,Purchase Radios for LE Vehicles,Purchase new in car radio for LE Vehicles.,Other
398,NER,Northeast,FRSP,Fredericksburg and Spotsylvania County Battlefields Memorial National Military Park,park unit,Fredericksburg and Spotsylvania County Battlefields Memorial National Military Park,38.2944,-77.7306,as listed,"Repair Health & Safety Deficiencies of 25,000 Gallon Drinking Water Tower",Project will repair mechanical deficiencies to prevent health risks to public and Staff and deficiencies in OSHA and AWWA safety regulations,Repair and rehabilitation
399,NER,Northeast,FRHI,Friendship Hill National Historic Site,park unit,Friendship Hill National Historic Site,39.7778,-79.9234,as listed,"Remove and Replace 3 Boilers, Manifolds, Pumps, and Flow Valves at Gallatin House","This project will remove and replace (3) 400MBH Gas Boilers, 3 Manifolds, (6) 73 GPM Centrifugal Pumps, (3) 2HP Ejector Pumps, and 9 Flow Valves at 16,000 sqft Gallatin House. This project will replace the current heating system in the Historic Structure. The Gallatin House serves as the Visitor Center",Cyclic maintenance
400,NER,Northeast,FRHI,Friendship Hill National Historic Site,park unit,Friendship Hill National Historic Site,39.7778,-79.9234,as listed,Structural Evaluation and Stabilization of Gallatin House (Stone),"This project will address structural concerns within the Stone House, ensuring the preservation and safety of this historic property. Critical issues include the deflection of second-floor joists, noticeable bowing of third-floor floorboards, and significant sagging of the cantilevered stairwells on both the second and third floors.",Repair and rehabilitation
401,MWR,Midwest,JEFF,Gateway Arch National Park,park unit,Gateway Arch National Park,38.6235,-90.1754,as listed,FY26 4100 FIRE INDICATOR PANEL REPAIR,FIRE INDICATOR PANEL REPAIR,Other
402,MWR,Midwest,JEFF,Gateway Arch National Park,park unit,Gateway Arch National Park,38.6235,-90.1754,as listed,FY26 Furniture Order,"Office desks, seating, conference room table and chairs and easy clean sofa and chairs for a wellness room. Office units will be approved by 3 new staff members moving to the park. Purchase will include delivery, set, and trash removal.",Park operations (ONPS)
403,MWR,Midwest,JEFF,Gateway Arch National Park,park unit,Gateway Arch National Park,38.6235,-90.1754,as listed,FY26 GRG Arch Window Film,Contractor Installed window film to the top half of our west entrance glass storefront.,Other
404,MWR,Midwest,JEFF,Gateway Arch National Park,park unit,Gateway Arch National Park,38.6235,-90.1754,as listed,FY26 GRG Bench Purchase,Replace 28 Benches that were located around the legs before construction. Safety and security.,Other
405,MWR,Midwest,JEFF,Gateway Arch National Park,park unit,Gateway Arch National Park,38.6235,-90.1754,as listed,FY26 GRG Drinking fountain purchase,Purchase 2 drinking fountains,Park operations (ONPS)
406,MWR,Midwest,JEFF,Gateway Arch National Park,park unit,Gateway Arch National Park,38.6235,-90.1754,as listed,FY26 GRG Paint - Light Poles,Repainting light poles throughout the park faded from normal wear and tear.,Other
407,MWR,Midwest,JEFF,Gateway Arch National Park,park unit,Gateway Arch National Park,38.6235,-90.1754,as listed,FY26 GRG UNDERGROUND UTILITY MAPPING SERVICE,Marking all new irrigation/ utilities updates on park Grounds and documenting with pdf electronic file submit,Other
408,MWR,Midwest,JEFF,Gateway Arch National Park,park unit,Gateway Arch National Park,38.6235,-90.1754,as listed,FY26 SIDEWALK LEVELING,Leveling of existing sidewalks with mud jacking or similar product.,Other
409,MWR,Midwest,JEFF,Gateway Arch National Park,park unit,Gateway Arch National Park,38.6235,-90.1754,as listed,FY26-PAINT - W. Entrance,SERIVICE CONTRACT TO PAINT W. ENTRANCE AND AREAS OF THE VISITOR CENTER,Other
410,NER,Northeast,GEWA,George Washington Birthplace National Monument,park unit,George Washington Birthplace National Monument,38.1916,-76.9198,as listed,Archeological Overview and Assessment of Plantation Resources at GEWA Historic Core,GEWA requires an archeological overview and assessment to facilitate a comprehensive archeological understanding of the plantation landscape and to illuminate the lives of African and African American’s who lived here historically.,Cultural resources
411,NER,Northeast,GEWA,George Washington Birthplace National Monument,park unit,George Washington Birthplace National Monument,38.1916,-76.9198,as listed,Design Component B: Theater Design Component,A&E design for renovation of the Visitor Center Theater is needed at George Washington Birthplace National Monument to host new park film. The film will debut during America's Semiquincentennial and will be in use for many decades. The current theater has many outdated or damaged components and requires renovation.,Other
412,NER,Northeast,GEWA,George Washington Birthplace National Monument,park unit,George Washington Birthplace National Monument,38.1916,-76.9198,as listed,GEWA Archeological Resources Management Plan for Threatened Shoreline Sites,GEWA requires an Archeological Resources Management Plan (ARMP) to facilitate consultation and compliance for timely decision-making regarding the preservation and treatment of these sites. This project fulfills the fund source goals of developing baseline documentation and responding to threats to cultural resources.,Cultural resources
413,MWR,Midwest,GWCA,George Washington Carver National Monument,park unit,George Washington Carver National Monument,36.9866,-94.3555,as listed,AE Design Task Order for New Accessible Trails,"Complete design and engineering work to produce project specifications and drawings for new trails. The contractor will propose the siting, layout, and design of new trails and trail modifications in accordance with recommendations from the 2015 Cultural Landscape Report, and the 2018 Universal Accessible Design Study.",Other
414,MWR,Midwest,GWCA,George Washington Carver National Monument,park unit,George Washington Carver National Monument,36.9866,-94.3555,as listed,GWCA Repair Visitor Center Drainage Issues,Repair drainage issues around visitor center.,Park operations (ONPS)
415,NCR,National Capital,GWMP,George Washington Memorial Parkway,park unit,George Washington Memorial Parkway,38.7101,-77.0633,as listed,"Rehabilitate Streetlights, Arlington Memorial Avenue and Circle","The proposed project completely rehabilitate lighting fixtures and forty two lamp posts along Arlington Memorial Avenue and Circle within Washington, DC. This project is a component of a larger Energy Savings Performance Contract (ESPC) to implement energy conservation improvements for all parks within the National Capital Region (NCR). Development of this project started in 2012 and the construction started at NCR parks in November of 2014.",Cyclic maintenance
416,NER,Northeast,GETT,Gettysburg National Military Park,park unit,Gettysburg National Military Park,39.7993,-77.2379,as listed,African American Experience at Gettysburg: From Civil War to Civil Rights (A CRI Project),A historical study and oral history to further an understanding of the African American experience at Gettysburg National Military Park and Eisenhower National Historic Site. The African American history of these Parks awaits full telling and interpretation as well as consideration under National Register of Historic Places criteria. This project will leverage scholarly research and community engagement to: 1) provide insight into the lives of individual African Americans who lived on land that,Cultural resources
417,NER,Northeast,GETT,Gettysburg National Military Park,park unit,Gettysburg National Military Park,39.7993,-77.2379,as listed,Exercise OY2 Copier contract,Exercising OY 2 for the printer copier services,Park operations (ONPS)
418,AKR,Alaska,GLBA,Glacier Bay National Park and Preserve,park unit,Glacier Bay National Park and Preserve,58.8274,-136.8691,as listed,IT Computers,Desktop & Laptop Computers - tech refresh,Park operations (ONPS)
419,AKR,Alaska,GLBA,Glacier Bay National Park and Preserve,park unit,Glacier Bay National Park and Preserve,58.8274,-136.8691,as listed,Replacement safe boat for whale research,"The sandlance is our whale research boat. It is a safe boat approximately 20 feet in length. It has a small cabin to keep a single captain, or two skinny people dry. This boat is 26 years old and it is time to consider replacing it. It has been used 60+ day each of the last 26 summers.",Other
420,AKR,Alaska,GLBA,Glacier Bay National Park and Preserve,park unit,Glacier Bay National Park and Preserve,58.8274,-136.8691,as listed,Supply flooring material,This procurement will supply new flooring for GBA 99 maintenance facility.,Cyclic maintenance
421,AKR,Alaska,GLBA,Glacier Bay National Park and Preserve,park unit,Glacier Bay National Park and Preserve,58.8274,-136.8691,as listed,Supply two skiffs,"This procurement will replace two park skiffs. Skiffs will be supplied turnkey with motor, controls, and trailer.",Other
422,AKR,Alaska,GLBA,Glacier Bay National Park and Preserve,park unit,Glacier Bay National Park and Preserve,58.8274,-136.8691,as listed,Supply two UTV's,"This project will supply 2 UTV's with slightly different configurations. One will be for visitor and resource protection patrols, and one will be for accessing utility corridors",Other
423,AKR,Alaska,GLBA,Glacier Bay National Park and Preserve,park unit,Glacier Bay National Park and Preserve,58.8274,-136.8691,as listed,Supply vermicomposting outhouse,This procurement will supply a premanufactured structure with a vermicomposting toilet to replace the pit privy at the East Alsek public use cabin,Concession franchise fees
424,AKR,Alaska,GLBA,Glacier Bay National Park and Preserve,park unit,Glacier Bay National Park and Preserve,58.8274,-136.8691,as listed,Supply wood chipper,This will replace the parks existing woodchipper that has reached the end of its service life,Concession franchise fees
425,AKR,Alaska,GLBA,Glacier Bay National Park and Preserve,park unit,Glacier Bay National Park and Preserve,58.8274,-136.8691,as listed,"Tidal Station #9452534 Bartlett Cove, AK - Maintenance NWLON Option year 3","Survey in tidal station to understand how it is moving with Latitude, longitude and elevation ( mostly elevation) This is necessary to become a full-functioning station in the NOAA NWLON Tide Gage national program. Option year 3 contract 140P9723P0091.",Other
426,AKR,Alaska,GLBA,Glacier Bay National Park and Preserve,park unit,Glacier Bay National Park and Preserve,58.8274,-136.8691,as listed,Trimble Alloy GNSS Receiver for park plane -Cessna 206,The park is mitigating landslide/tsunami risk by measuring movement on steep slopes. This unit will allow us to fly and process Structure from Motion (SfM) imagery from the park plane which can show movement since the last flight. Knowing the image's precise location is essential otherwise SfM processing does not work.,Other
427,AKR,Alaska,GLBA,Glacier Bay National Park and Preserve,park unit,Glacier Bay National Park and Preserve,58.8274,-136.8691,as listed,Upgrade Electrical System Components - Public Use Dock,"This project will upgrade the aging electrical system components on the public use dock located in Bartlett Cove. The upgrade will enhance the safety, reliability, and energy efficiency of the dock’s electrical systems, supporting both park operations and public use.",Other
428,AKR,Alaska,GLBA,Glacier Bay National Park and Preserve,park unit,Glacier Bay National Park and Preserve,58.8274,-136.8691,as listed,Upgrade Propulsion System - Transfer Vessel Serac,"This project proposes a comprehensive upgrade to the propulsion system of the Transfer Vessel Serac to enhance its operational efficiency and reliability. The current propulsion is in frequent need of repair, particularly during peak operational seasons, causing mission delays, increased maintenance costs, and safety concerns. The upgraded system will ensure the vessel meets the rigorous demands of its mission.",Other
429,IMR,Intermountain,GLAC,Glacier National Park,park unit,Glacier National Park,48.6189,-113.7563,as listed,"3/4"" minus crushed gravel","3000 tons 3/4"" minus crushed gravel for PMIS 327684, 318887. Material will be delivered to West Glacier MT on or before the 1st of August 2024 Monday-Friday between the hours of 0700-1600 Monday through Friday. Weight tickets will be obtained for each load by park operators at delivery site. Material must be approved weed free by Glacier National Park Natural Resource Management Division.",Recreation fees (FLREA)
430,IMR,Intermountain,GLAC,Glacier National Park,park unit,Glacier National Park,48.6189,-113.7563,as listed,B#36 Furnishings,Provide furniture for dorm building that is under construction.,Repair and rehabilitation
431,IMR,Intermountain,GLAC,Glacier National Park,park unit,Glacier National Park,48.6189,-113.7563,as listed,Crane Repair,Repair leaking boom cylinder Manitex Model 956 truck mounted crane. Truck can be delivered to repair facility within 150 miles from West Glacier Montana 59936.,Park operations (ONPS)
432,IMR,Intermountain,GLAC,Glacier National Park,park unit,Glacier National Park,48.6189,-113.7563,inferred from title or description,CS - Condition Assessment – GLAC001/003,"This contract is for professional services to assess the condition, maintenance, and capital improvement needs of NPS-owned facilities for the next concession contract. This is crucial for compliance with the 1998 Concession Management Improvement Act (54 U.S.C. §§ 101911–101926), which mandates safeguards for resource protection and reasonable profit opportunities. Specialized expertise is needed for objective assessments.",Concession franchise fees
433,IMR,Intermountain,GLAC,Glacier National Park,park unit,Glacier National Park,48.6189,-113.7563,as listed,Furniture Movers,BPA for furniture movers to come and move furniture throughout the year at various times when we are in need.,Park housing
434,IMR,Intermountain,GLAC,Glacier National Park,park unit,Glacier National Park,48.6189,-113.7563,as listed,FY26 Chimney Inspections and Cleaning,"FY26 Coal and Wood Stove and Chimney Inspections and Cleaning in compliance with National Fire Protection Association NFPA 211. 27 locations parkwide, accessible by road. Gas stoves and furnaces done in house.",Park housing
435,IMR,Intermountain,GLAC,Glacier National Park,park unit,Glacier National Park,48.6189,-113.7563,as listed,GLAC Repair F250 for Wilderness Work Group,Repair F250 to get it drivable.,Park operations (ONPS)
436,IMR,Intermountain,GLAC,Glacier National Park,park unit,Glacier National Park,48.6189,-113.7563,as listed,Install New Precast Concrete Vault Toilets,Supply materials for two new precast concrete vault toilet buildings at Huckleberry Trailhead and Rising Sun Campground.,Recreation fees (FLREA)
437,IMR,Intermountain,GLAC,Glacier National Park,park unit,Glacier National Park,48.6189,-113.7563,as listed,Many Glacier STP Cabin 4 Move,"Haul a newly constructed wood framed cabin, size eighteen feet wide by twenty-six feet long with an additional four feet at the eves and 14’ 8” tall at peak, from the Columbia Falls High School at 610 13th St. West, Columbia Falls, MT 59912 to the Many Glacier Administrative site located at Many Glacier on the East side of Glacier National Park. The scope of work includes lifting the cabin, rolling it out of shop, and all associated aspects of the move from the Columbia Falls High School shop to",Other
438,IMR,Intermountain,GLAC,Glacier National Park,park unit,Glacier National Park,48.6189,-113.7563,as listed,Rehabilitate Sewer Lift Stations,Replace sewer lift stations at the Rising Sun Boat Dock and Fish Creek Campground Loop C,Cyclic maintenance
439,IMR,Intermountain,GLAC,Glacier National Park,park unit,Glacier National Park,48.6189,-113.7563,as listed,Repair Advantex System in Two Medicine,"Component renewal of septic treatment system that serves Two Medicine employee housing area, concessions, and campground.",Cyclic maintenance
440,IMR,Intermountain,GLAC,Glacier National Park,park unit,Glacier National Park,48.6189,-113.7563,as listed,Replace Generator Components in St Mary and Rising Sun,Replace failed components on two generators,Recreation fees (FLREA)
441,IMR,Intermountain,GLAC,Glacier National Park,park unit,Glacier National Park,48.6189,-113.7563,as listed,Replace North Lake McDonald Road Bridge Decks,"This project will replace two ageing road bridge decks along the North Lake McDonald Road, which provides access for private properties, public trailheads and associated infrastructure. Project work will use day labor to replace all lumber, hardware and fasteners above the bridge stringers. Materials will be replaced in-kind, using pressure treated glulams for the deck surface, galvanized hardware and fasteners, and pressure treated beams for the railings.",Cyclic maintenance
442,IMR,Intermountain,GLAC,Glacier National Park,park unit,Glacier National Park,48.6189,-113.7563,as listed,Snow Plow Blade Repair,"12' Plow Blade Straightening, Cutting Edge Adjustment, and Surface Protection. Snow plow blade can be delivered within 50 miles from West Glacier, MT to repair facility by Glacier National Park.",Park operations (ONPS)
443,IMR,Intermountain,GLAC,Glacier National Park,park unit,Glacier National Park,48.6189,-113.7563,as listed,Stock Replacement,Purchase two new pack mules to replace retired animals,Park operations (ONPS)
444,IMR,Intermountain,GLAC,Glacier National Park,park unit,Glacier National Park,48.6189,-113.7563,as listed,Update St. Mary Visitor Center Exhibits,This project will fund the rehabilitation of the exhibits and audio/video components in the St. Mary Visitor Center. The exhibits have been in place for over 10 years and have only received routine cleaning and maintenance. Some components have been damaged by use and are in need of replacement. This project has addressed the exhibit needs in components A and B. The audio/video needs for the auditorium will complete the project as component C.,Cyclic maintenance
445,IMR,Intermountain,GLCA,Glen Canyon National Recreation Area,park unit,Glen Canyon National Recreation Area,37.398,-110.8021,as listed,Conduct Maintenance on Visitor Use Sites Along the Colorado River Corridor,Bulk materials,Cyclic maintenance
446,IMR,Intermountain,GLCA,Glen Canyon National Recreation Area,park unit,Glen Canyon National Recreation Area,37.398,-110.8021,as listed,Maintain Beehive Campground and Chains Road Surfaces with Road Base,Bulk Supplies,Recreation fees (FLREA)
447,IMR,Intermountain,GLCA,Glen Canyon National Recreation Area,park unit,Glen Canyon National Recreation Area,37.398,-110.8021,as listed,Maintain Trail Tread at Rainbow Bridge - LRF MAT,Bulk Materials,Other
448,IMR,Intermountain,GLCA,Glen Canyon National Recreation Area,park unit,Glen Canyon National Recreation Area,37.398,-110.8021,as listed,Modernize M66 Housing at GLCA,PR will likely be for contract. IMR Project,Other
449,IMR,Intermountain,GLCA,Glen Canyon National Recreation Area,park unit,Glen Canyon National Recreation Area,37.398,-110.8021,as listed,Purchase Sunshades for Lees Ferry Campground,Glen Canyon National Recreation Area (GLCA) is seeking a contractor to supply and deliver unassembled sunshade structure kits. GLCA staff will perform assembly and installation tasks. These sunshades will replace aging approx. 60 year old shade structures that have deteriorated.,Recreation fees (FLREA)
450,IMR,Intermountain,GLCA,Glen Canyon National Recreation Area,park unit,Glen Canyon National Recreation Area,37.398,-110.8021,as listed,random engine and/or drives,random engine and/or drives,To be determined
451,IMR,Intermountain,GLCA,Glen Canyon National Recreation Area,park unit,Glen Canyon National Recreation Area,37.398,-110.8021,as listed,random engine and/or drives,random engine and/or drives,Recreation fees (FLREA)
452,IMR,Intermountain,GLCA,Glen Canyon National Recreation Area,park unit,Glen Canyon National Recreation Area,37.398,-110.8021,as listed,"Removal of Hazard Trees, Stump Removal, and Tree Trimming Uplake",PR will likely be for contract.,Cyclic maintenance
453,IMR,Intermountain,GLCA,Glen Canyon National Recreation Area,park unit,Glen Canyon National Recreation Area,37.398,-110.8021,as listed,Retexturize Lees Ferry Boat Ramp,Retexturize Lees Ferry Boat Ramp,Recreation fees (FLREA)
454,IMR,Intermountain,GLCA,Glen Canyon National Recreation Area,park unit,Glen Canyon National Recreation Area,37.398,-110.8021,as listed,trail kiosks,trail kiosks to be made,Recreation fees (FLREA)
455,IMR,Intermountain,GLCA,Glen Canyon National Recreation Area,park unit,Glen Canyon National Recreation Area,37.398,-110.8021,as listed,truck rental,lease of trails truck,Recreation fees (FLREA)
456,IMR,Intermountain,GLCA,Glen Canyon National Recreation Area,park unit,Glen Canyon National Recreation Area,37.398,-110.8021,as listed,utility pumps,materials purchase,Other
457,PWR,Pacific West,GOGA,Golden Gate National Recreation Area,park unit,Golden Gate National Recreation Area,37.9468,-122.6876,as listed,Install Gutter Guards at Buildings 937 and 941,"This project will install gutter guards on Buildings 937 and 941 in the Fort Barry District to reduce maintenance burdens and mitigate fire risk. These buildings house 24 National Park Service employees and are located within a dense eucalyptus grove. The guards will prevent forest debris from clogging gutters, which currently impedes proper rainwater drainage and creates a fire hazard. The total project cost is $15,000, with $9,000 allocated to Building 941 and $6,000 to Building 937.",Park operations (ONPS)
458,PWR,Pacific West,GOGA,Golden Gate National Recreation Area,park unit,Golden Gate National Recreation Area,37.9468,-122.6876,as listed,Perform Title 2 Design Services for the Rehabilitation of Fort Cronkhite Building 1034,Building 1034 in Fort Cronkhite needs to be rehabilitated due to poor conditions. This project will engage an architecture and engineering team to prepare design and construction documents for the rehabilitation of the building.,Other
459,PWR,Pacific West,GOGA,Golden Gate National Recreation Area,park unit,Golden Gate National Recreation Area,37.9468,-122.6876,as listed,Purchase and Install New Office Cubicle Systems at Fort Mason Headquarters,"Building 201 Park Headquarters is currently undergoing a seismic rehabilitation. Following completion of this project, park staff will reoccupy headquarters and will require new cubicle systems to replace office furniture that is decades old.",To be determined
460,PWR,Pacific West,GOGA,Golden Gate National Recreation Area,park unit,Golden Gate National Recreation Area,37.9468,-122.6876,as listed,Rehab Fort Mason Bldg. 204,Rehab bldg. 204- Title 1 services,Repair and rehabilitation
461,PWR,Pacific West,GOGA,Golden Gate National Recreation Area,park unit,Golden Gate National Recreation Area,37.9468,-122.6876,as listed,Rehab Fort Mason Bldg. 204-title 2,Title2 services_Rehab Fort Mason Bldg. 204,Repair and rehabilitation
462,PWR,Pacific West,GOGA,Golden Gate National Recreation Area,park unit,Golden Gate National Recreation Area,37.9468,-122.6876,as listed,Rehabilitate FC IT Infrastructure Phase 1,Title II services to design and develop construction documents for the rehabilitation of the IT infrastructure at Fort Cronkhite in the Marin Headlands of the Golden Gate National Recreation Area,Repair and rehabilitation
463,PWR,Pacific West,GOGA,Golden Gate National Recreation Area,park unit,Golden Gate National Recreation Area,37.9468,-122.6876,as listed,Rehabilitate Hawk Hill Elevated Radar Platform,"This project rehabilitates the historic Nike Site Target Tracking Radar Platform at the Hawk Hill site and remediate hazardous soils at this location. Scope includes structural repairs to the platform, including repair or replacement of structural steel, replacement of the concrete topping slab on the deck, code compliant railings and a new 24’ steel bridge that will provide safe visitor access The rehabilitated structure will also receive a durable coating to preserve its integrity.",Repair and rehabilitation
464,PWR,Pacific West,GOGA,Golden Gate National Recreation Area,park unit,Golden Gate National Recreation Area,37.9468,-122.6876,as listed,Remove Presidio Building 1648,Remove and dispose of Presidio Building 1648,Repair and rehabilitation
465,PWR,Pacific West,GOGA,Golden Gate National Recreation Area,park unit,Golden Gate National Recreation Area,37.9468,-122.6876,as listed,Replace Culvert on Bunker Road-PMIS 254142,"This project will replace two deteriorated culverts under Bunker Road, the only public access into the Park, replace one drop inlet and install grates over the inlets of the culverts.",Cyclic maintenance
466,PWR,Pacific West,GOGA,Golden Gate National Recreation Area,park unit,Golden Gate National Recreation Area,37.9468,-122.6876,as listed,"Replace Electrical, Plumbing, and Mechanical in the Marin Headlands","Replacement of electrical, water heaters, and HVAC throughout the Marin Headlands.",Cyclic maintenance
467,PWR,Pacific West,GOGA,Golden Gate National Recreation Area,park unit,Golden Gate National Recreation Area,37.9468,-122.6876,as listed,Replace Ferry Dock Sewage Pumps and Electrical Panels,"This project replaces critical infrastructure to support freshwater delivery, saltwater circulation, and sewage removal systems servicing the ferry dock restrooms and pier operations on Alcatraz Island. The current pumping systems have reached the end of their operational life and are being replaced to restore full utility service reliability. The project includes pump and pipe replacement, as well as full electrical control system upgrade.",Other
468,PWR,Pacific West,GOGA,Golden Gate National Recreation Area,park unit,Golden Gate National Recreation Area,37.9468,-122.6876,as listed,Replace Roofs and Vents at Fort Cronkhite,"This project will replace various shingle roofs throughout Fort Cronkhite on buildings 1062, 1068, 1069, and 1070 along with replacing vents on buildings 1045, 1046, 1057, 1061, 1062, 1063, 1065, 1068, 1069, 1070 with the option to replace vents on 1042 and 1044. Red three-tab asphalt shingles will be installed over a synthetic vapor barrier. All flashings and drip edge will be copper. Shingles and roofing materials will be recycled.",Cyclic maintenance
469,PWR,Pacific West,GOGA,Golden Gate National Recreation Area,park unit,Golden Gate National Recreation Area,37.9468,-122.6876,as listed,Replace Stinson Beach Lifeguard Tower and Cafe,"Demolish existing Lifeguard Tower and Cafe at Stinson Beach, as structure has exceeded its useful life. Replace with new code-compliant facility providing same program (NPS ocean rescue and separate cafe concession). Demolish wood-framed structure including hazardous materials abatement, build new concrete and wood foundations, wood framed structure, plumbing, electrical and mechanical systems, finishes, new accessible boardwalk and paths, dining patio, warm-shell for future cafe.",Concession franchise fees
470,PWR,Pacific West,GOGA,Golden Gate National Recreation Area,park unit,Golden Gate National Recreation Area,37.9468,-122.6876,as listed,Revegetate Hawk Hill,"Revegetate Hawk Hill. Requirement includes delivery of plants to site, weeding of non-native/invasive plants, outplanting, watering, post planting weeding and reporting.",Other
471,PWR,Pacific West,GOGA,Golden Gate National Recreation Area,park unit,Golden Gate National Recreation Area,37.9468,-122.6876,as listed,Rodeo Valley Hydrology Design Services,"Provide Title I Scoping and Preliminary Design Services for Rodeo Valley, Marin Headlands. Develop hydrologic analysis and proposed improvements for hydrology at Rodeo Valley, taking into account existing drainages, facilities, horse stables, natural resources, cultural landscape, hazardous materials, and climate change for projected storm and related weather events. Provide construction cost estimate(s) for improvements. Identify priorities and potential phasing in consultation with park staff.",To be determined
472,IMR,Intermountain,GRCA,Grand Canyon National Park,park unit,Grand Canyon National Park,36.3099,-112.2997,as listed,Dragon Bravo / ES / Bison Collars,Replace lost bison collars as a result of Dragon Bravo fire.,Other
473,IMR,Intermountain,GRCA,Grand Canyon National Park,park unit,Grand Canyon National Park,36.3099,-112.2997,as listed,Dragon Bravo / ES / Hazmat Stabilization,Install tarps and wattles to contain hazmat prior to demolition of burnt structures and vehicles.,Other
474,IMR,Intermountain,GRCA,Grand Canyon National Park,park unit,Grand Canyon National Park,36.3099,-112.2997,as listed,Dragon bravo / ES / Historic building stabilization,partial demolition and stabilization of grand canyon lodge and deluxe cabins which were burnt by Dragon Bravo fire.,Other
475,IMR,Intermountain,GRCA,Grand Canyon National Park,park unit,Grand Canyon National Park,36.3099,-112.2997,as listed,Dragon Bravo / ES / Swing gate at North Kaibab Trail Parking,Install new Swing gate at North Kaibab Trail Parking to prevent vehicle traffic into the developed area as a result of the Dragon Bravo fire.,Other
476,IMR,Intermountain,GRCA,Grand Canyon National Park,park unit,Grand Canyon National Park,36.3099,-112.2997,as listed,GRCA - Service/Testing Fire Engines,"Perform annual servicing and testing to Structure Fire Engines 81,83 and 84, to include ladders assigned to each engine. This pump testing and ladder testing is an annual requirement needed for the engine and ladders to meet NFPA 1900, 1910, & 1911 requirements. This is an annual requirement.",Concession franchise fees
477,IMR,Intermountain,GRCA,Grand Canyon National Park,park unit,Grand Canyon National Park,36.3099,-112.2997,as listed,GRCA automated meter readers,automated meter readers for water meters,Other
478,IMR,Intermountain,GRCA,Grand Canyon National Park,park unit,Grand Canyon National Park,36.3099,-112.2997,as listed,GRCA FMD Chiller replacement design,replace FMD chiller,Concession franchise fees
479,IMR,Intermountain,GRCA,Grand Canyon National Park,park unit,Grand Canyon National Park,36.3099,-112.2997,as listed,GRCA mini excavator,buy mini excavator,Other
480,IMR,Intermountain,GRCA,Grand Canyon National Park,park unit,Grand Canyon National Park,36.3099,-112.2997,as listed,GRCA N Kaibab Trailhead Parking Lot (design),N Kaibab Trailhead Parking Lot design for expansion,Other
481,IMR,Intermountain,GRCA,Grand Canyon National Park,park unit,Grand Canyon National Park,36.3099,-112.2997,as listed,GRCA NR Urgent Restore Fire Alarm and Fire Suppression Systems,Restore fire alarm and suppression systems once power and water are back on.,Other
482,IMR,Intermountain,GRCA,Grand Canyon National Park,park unit,Grand Canyon National Park,36.3099,-112.2997,as listed,GRCA NR Urgent Station 3 Roof & HVAC Design,A/E SOS to redesign failing roof and HVAC system for repair/rehab.,Repair and rehabilitation
483,IMR,Intermountain,GRCA,Grand Canyon National Park,park unit,Grand Canyon National Park,36.3099,-112.2997,as listed,GRCA NR Urgent Temporary Maintenance Bay,Erect insulated tension fabric structure for housing new snow equipment to protect from the elements.,Other
484,IMR,Intermountain,GRCA,Grand Canyon National Park,park unit,Grand Canyon National Park,36.3099,-112.2997,as listed,GRCA NR Urgent Temporary Road Barriers,Install temporary safety barriers along road due to lost guard rails.,Other
485,IMR,Intermountain,GRCA,Grand Canyon National Park,park unit,Grand Canyon National Park,36.3099,-112.2997,as listed,GRCA Provide Structural Fire Prevention and Suppression for Improved Employee and Visitor Safety,mod contract for fire inspections,Concession franchise fees
486,IMR,Intermountain,GRCA,Grand Canyon National Park,park unit,Grand Canyon National Park,36.3099,-112.2997,as listed,GRCA railroad depot restroom rehab,rehab restrooms at train depot,Concession franchise fees
487,IMR,Intermountain,GRCA,Grand Canyon National Park,park unit,Grand Canyon National Park,36.3099,-112.2997,as listed,GRCA Repair Kolb Studio Sewage Lift Station (CDs),Repair Kolb Studio Sewage Lift Station construction documents,Concession franchise fees
488,IMR,Intermountain,GRCA,Grand Canyon National Park,park unit,Grand Canyon National Park,36.3099,-112.2997,as listed,GRCA Road Cinders BPA,BPA contract for road cinders for winter operations,Park operations (ONPS)
489,IMR,Intermountain,GRCA,Grand Canyon National Park,park unit,Grand Canyon National Park,36.3099,-112.2997,as listed,GRCA train depot sewer lateral replacement,Train depot sewer lateral replacement,Concession franchise fees
490,IMR,Intermountain,GRCA,Grand Canyon National Park,park unit,Grand Canyon National Park,36.3099,-112.2997,as listed,GRCA Village Loop catch basin,Repair Village Loop catch basin,Other
491,PWR,Pacific West,PARA,Grand Canyon-Parashant National Monument,park unit,Grand Canyon-Parashant National Monument,36.4154,-113.6683,as listed,Planning and Design - Visitor Center Exhibits,"Planning and design phases for PARA Visitor Center Exhibits. Entire project consists of design, fabrication, and installation of 1,100 square feet of new interpretive exhibits in a new GSA leased visitor center (VC) and administrative office for Grand Canyon-Parashant National Monument (PARA) in St. George, Utah. The exhibits will meet accessibility standards and will provide a cohesively designed series of interpretation experiences for visitors.",Other
492,PWR,Pacific West,PARA,Grand Canyon-Parashant National Monument,park unit,Grand Canyon-Parashant National Monument,36.4154,-113.6683,as listed,Replace/Upgrade Weather Monitoring Sensors and Related Equipment,"Replace aging or non-operational meteorological sensors including anemometers, rain gauges, temperature/humidity and soil temperature sensors, associated equipment such as data logger, solar modules, cellular modems, cabling, mounts and batteries at the 10-weather monitoring station sites. Purchase sensors from GSA Advantage vendor. Installation of sensors and related equipment by non-Permanent NPS staff.",Cyclic maintenance
493,IMR,Intermountain,GRTE,Grand Teton National Park,park unit,Grand Teton National Park,43.8263,-110.6856,as listed,Asphalt purchase,"GRTE purchase asphalt - no hauling, only procurement of hot mix asphalt",Recreation fees (FLREA)
494,IMR,Intermountain,GRTE,Grand Teton National Park,park unit,Grand Teton National Park,43.8263,-110.6856,as listed,Deconstruct & Dispose Jenny Lake Ranger Station #757 & Garage,"The project shall consist of the deconstruction, disposal, and site rehabilitation of #757 & Garage, in Moose, WY, within Grand Teton National Park.",Line-item construction
495,IMR,Intermountain,GRTE,Grand Teton National Park,park unit,Grand Teton National Park,43.8263,-110.6856,as listed,Drill new residential well and connect to existing residence,drill new residential well in GRTE and connect new well to existing residential system,Park housing
496,IMR,Intermountain,GRTE,Grand Teton National Park,park unit,Grand Teton National Park,43.8263,-110.6856,as listed,Install Foundation Piers at Maude Noble Building,install under deck foundation piers at Maude Noble Building,Cyclic maintenance
497,IMR,Intermountain,GRTE,Grand Teton National Park,park unit,Grand Teton National Park,43.8263,-110.6856,as listed,Landscaping services - CB Lift station and Moose Housing,"landscaping services including providing and spreading topsoil, seeding, and transplanting and watering of trees",Park housing
498,IMR,Intermountain,GRTE,Grand Teton National Park,park unit,Grand Teton National Park,43.8263,-110.6856,as listed,Maintenance contract for Huber mechanical waste water screens,"service contract for mechanical screens for 3 waste water systems in Moose, Colter Bay and Signal Mountain Lagoon",Other
499,IMR,Intermountain,GRTE,Grand Teton National Park,park unit,Grand Teton National Park,43.8263,-110.6856,as listed,Monitor Well Installation,potential project if monitor wells are needed for septic permitting,Cyclic maintenance
500,IMR,Intermountain,GRTE,Grand Teton National Park,park unit,Grand Teton National Park,43.8263,-110.6856,as listed,Move Vault Toilets - Lupine Meadows and Jenny Lake Area,"move vault toilet from airport pit to Lupine Trailhead and move single hole toilet from CB wagon road to Jenny Boat Launch, and purchase new toilet for Lupine TH",Cyclic maintenance
501,IMR,Intermountain,GRTE,Grand Teton National Park,park unit,Grand Teton National Park,43.8263,-110.6856,as listed,Murie Center Fire Suppression,Install and connect fire suppression system at Murie Ranch Residence to domestic water supply.,Cyclic maintenance
502,IMR,Intermountain,GRTE,Grand Teton National Park,park unit,Grand Teton National Park,43.8263,-110.6856,as listed,Perform Cyclic and Deferred Maintenance on the Rudd House,Construct accessible sidewalk from Rudd House to parking and improve landscape.,Park housing
503,IMR,Intermountain,GRTE,Grand Teton National Park,park unit,Grand Teton National Park,43.8263,-110.6856,as listed,Provide and install power wall for Colter Bay Autoshop and fuel point,"provide and install batter powered electric power wall to provide backup instant power for critical infrastructure. Power wall to be installed at Colter Bay autoshop and shall include backup of shop equipment, fuel pumps, heating system for the shop, garage doors and multiple outlets.",Other
504,IMR,Intermountain,GRTE,Grand Teton National Park,park unit,Grand Teton National Park,43.8263,-110.6856,as listed,Purchase belly dump trailer,purchase new 19 cubic yard belly dump trailer,Cyclic maintenance
505,IMR,Intermountain,GRTE,Grand Teton National Park,park unit,Grand Teton National Park,43.8263,-110.6856,as listed,Purchase Cardboard recycling trailer,GRTE purchase and deliver to GRTE up to 2 cardboard recycling trailers in accordance with specifications.,Recreation fees (FLREA)
506,IMR,Intermountain,GRTE,Grand Teton National Park,park unit,Grand Teton National Park,43.8263,-110.6856,as listed,purchase new fence post pounder attachment for Volvo mini-loader,purchase new post pounder attachment for Volvo loader,Cyclic maintenance
507,IMR,Intermountain,GRTE,Grand Teton National Park,park unit,Grand Teton National Park,43.8263,-110.6856,as listed,"Purchase snow blower, leaf blower, forks and loader bucket attachments for mini loader",GRTE purchase various implements and attachments compatible with mini-loader for seasonal use,Recreation fees (FLREA)
508,IMR,Intermountain,GRTE,Grand Teton National Park,park unit,Grand Teton National Park,43.8263,-110.6856,as listed,Purchase Speed Reader Signs,Purchase speed reader property,Transportation fee revenue
509,IMR,Intermountain,GRTE,Grand Teton National Park,park unit,Grand Teton National Park,43.8263,-110.6856,as listed,purchase steel drum sheepsfoot soil compactor,GRTE purchase remote control steel drum sheepsfoot soil compactor,Cyclic maintenance
510,IMR,Intermountain,GRTE,Grand Teton National Park,park unit,Grand Teton National Park,43.8263,-110.6856,as listed,Purchase tow behind flail mower,Purchase flail mower for tow-behind operation for mowing for use with John Deere tractor,Cyclic maintenance
511,IMR,Intermountain,GRTE,Grand Teton National Park,park unit,Grand Teton National Park,43.8263,-110.6856,as listed,Replace capacitors and fans in dispatch UPS,replace capacitors and cooling fans for GRTE dispatch for UPS backup,Cyclic maintenance
512,IMR,Intermountain,GRTE,Grand Teton National Park,park unit,Grand Teton National Park,43.8263,-110.6856,as listed,Replace existing residential furnaces in up to 8 housing units,replace up to 8 existing furnaces in residential housing units in employee housing - various locations,Park housing
513,IMR,Intermountain,GRTE,Grand Teton National Park,park unit,Grand Teton National Park,43.8263,-110.6856,as listed,"Replace I-269994, 10053940, 2001 Caterpillar IT62G Loader - SD Roads","Replace I-269994, Equipment Number 10053940, 2001 Caterpillar IT62G used by park Facility Management North District roads work group, with like kind. Vehicle was originally purchased with equipment replacement funds.",Other
514,IMR,Intermountain,GRTE,Grand Teton National Park,park unit,Grand Teton National Park,43.8263,-110.6856,as listed,Replace siding at 4 housing units in Colter Bay,GRTE replace siding on 4 mission 66 housing units in Colter Bay,Cyclic maintenance
515,IMR,Intermountain,GRTE,Grand Teton National Park,park unit,Grand Teton National Park,43.8263,-110.6856,as listed,Rudd House site improvements,"landscaping, roadway shaping, fencing services for Rudd House",Park housing
516,IMR,Intermountain,GRTE,Grand Teton National Park,park unit,Grand Teton National Park,43.8263,-110.6856,as listed,Snowmobile purchase,"Purchase 3 new snowmobiles for division of visitor and resource protection search and rescue group. 3 new machines would be needed to replace an aging fleet of snowmobiles. Purchase would include delivery to GRTE as well as providing additional accessories specific to search and rescue such as cargo holders, storage racks, etc. as specified in the SOW.",Park operations (ONPS)
517,IMR,Intermountain,GRTE,Grand Teton National Park,park unit,Grand Teton National Park,43.8263,-110.6856,as listed,Snowmobile purchase or lease,"GRTE to purchase up to 4 new snowmobiles. Market research may dictate what the market price bears for lease - LVO analysis has shown lease to be preferred, but vendor pricing has reflected pricing for leased machines is the same as purchase - so more market research required to provide full detail of this requirement.",Park operations (ONPS)
518,PWR,Pacific West,GRBA,Great Basin National Park,park unit,Great Basin National Park,38.9272,-114.2443,as listed,Recreational Fishing and Native Trout Conservation,"This project is multifaceted with a focus on renovating a native trout brood pond, improving native trout habitat, and releasing fish in easily accessible areas. In addition, this project will also conduct ""Fishing with a Ranger"" programs, backcountry patrols, and backcountry litter cleanups. Anticipated deliverables include creating new fishing access locations and thinning to reduce wildfire risk.",Other
519,PWR,Pacific West,GRBA,Great Basin National Park,park unit,Great Basin National Park,38.9272,-114.2443,as listed,Recreational Fishing and Native Trout Conservation,"This project is multifaceted with a focus on renovating a native trout brood pond, improving native trout habitat, and releasing fish in easily accessible areas. In addition, this project will also conduct ""Fishing with a Ranger"" programs, backcountry patrols, and backcountry litter cleanups. Anticipated deliverables include creating new fishing access locations and thinning to reduce wildfire risk.",Other
520,PWR,Pacific West,GRBA,Great Basin National Park,park unit,Great Basin National Park,38.9272,-114.2443,as listed,Recreational Fishing and Native Trout Conservation,"This project is multifaceted with a focus on renovating a native trout brood pond, improving native trout habitat, and releasing fish in easily accessible areas. In addition, this project will also conduct ""Fishing with a Ranger"" programs, backcountry patrols, and backcountry litter cleanups. Anticipated deliverables include creating new fishing access locations and thinning to reduce wildfire risk.",Other
521,IMR,Intermountain,GRSA,Great Sand Dunes National Park and Preserve,park unit,Great Sand Dunes National Park and Preserve,37.7669,-105.613,as listed,Beach Wheelchair Lockers,Purchase three (3) beach wheelchair lockers for public use but keep secured when not in use.,Park operations (ONPS)
522,IMR,Intermountain,GRSA,Great Sand Dunes National Park and Preserve,park unit,Great Sand Dunes National Park and Preserve,37.7669,-105.613,as listed,Install Vault Toilets at Great Sand Dunes NP & Preserve for Visitor Benefit,Install Vault Toilets at Great Sand Dunes NP & Preserve for Visitor Benefit,Recreation fees (FLREA)
523,IMR,Intermountain,GRSA,Great Sand Dunes National Park and Preserve,park unit,Great Sand Dunes National Park and Preserve,37.7669,-105.613,as listed,LE Vehicle Upfit #2,"Upfit law enforcement vehicle with required lights, communications equipment, and other security/safety equipment.",Park operations (ONPS)
524,IMR,Intermountain,GRSA,Great Sand Dunes National Park and Preserve,park unit,Great Sand Dunes National Park and Preserve,37.7669,-105.613,as listed,Paint Visitor Center Exterior and Stain and Seal Woodwork,Paint Visitor Center Exterior and Stain and Seal Woodwork,Recreation fees (FLREA)
525,IMR,Intermountain,GRSA,Great Sand Dunes National Park and Preserve,park unit,Great Sand Dunes National Park and Preserve,37.7669,-105.613,as listed,Propane for GRSA,Fill propane tanks at park.,Park operations (ONPS)
526,IMR,Intermountain,GRSA,Great Sand Dunes National Park and Preserve,park unit,Great Sand Dunes National Park and Preserve,37.7669,-105.613,as listed,Rehabilitate Historic Retaining Walls Pinon Flats Campground- Boulders,BPA -for boulders for day labor. Only a few semi-truck loads needed every couple of months and not enough room to store large quantities.,Recreation fees (FLREA)
527,IMR,Intermountain,GRSA,Great Sand Dunes National Park and Preserve,park unit,Great Sand Dunes National Park and Preserve,37.7669,-105.613,as listed,Rehabilitate Historic Retaining Walls Pinon Flats Campground- Fire Rings,Acquire 95 total fire rings.,Recreation fees (FLREA)
528,IMR,Intermountain,GRSA,Great Sand Dunes National Park and Preserve,park unit,Great Sand Dunes National Park and Preserve,37.7669,-105.613,as listed,Rehabilitate Historic Retaining Walls Pinon Flats Campground- Mini-Excavator,Acquire mini excavator for moving boulders.,Recreation fees (FLREA)
529,IMR,Intermountain,GRSA,Great Sand Dunes National Park and Preserve,park unit,Great Sand Dunes National Park and Preserve,37.7669,-105.613,as listed,Replace Critical Components of Mission 66 Comfort Station,"Remodel Park bathroom including replacement of all interior features; countertops, sinks, faucets, toilets, wall tile, stall dividers, and toilets.",Recreation fees (FLREA)
530,SER,Southeast,GRSM,Great Smoky Mountains National Park,park unit,Great Smoky Mountains National Park,35.6222,-83.4981,as listed,AFM phase 3 install and service,Install 3rd phase of afm machines,Recreation fees (FLREA)
531,SER,Southeast,GRSM,Great Smoky Mountains National Park,park unit,Great Smoky Mountains National Park,35.6222,-83.4981,as listed,Dumpsters,Purchase dumpster to replace dumpster in need,Recreation fees (FLREA)
532,SER,Southeast,GRSM,Great Smoky Mountains National Park,park unit,Great Smoky Mountains National Park,35.6222,-83.4981,as listed,Elkmont Concession Bldg Design,A/E design services for new concession building and parking,Concession franchise fees
533,SER,Southeast,GRSM,Great Smoky Mountains National Park,park unit,Great Smoky Mountains National Park,35.6222,-83.4981,as listed,GRSM Government Housing Cleaning Contract,1 year contract to deep clean government housing units inside. Possibly will include window and screen cleanings interior and exterior.,Park housing
534,SER,Southeast,GRSM,Great Smoky Mountains National Park,park unit,Great Smoky Mountains National Park,35.6222,-83.4981,as listed,GRSM Government Housing Mattress Replacement Project,"Replace mattresses in government housing units in both TN and NC. (Depending on funding we may have to reduce the number of beds replaced. This would include delivery and installation of new. Removal, haul away, and disposal of old. Disposal would not be in NPS dumpsters it would be up to the contractor to maintain disposal outside of the park. Approximately 76-79 mattresses (cost expected 55,000 mattresses + delivery, set up, haul away= ~$75K)",Park housing
535,SER,Southeast,GRSM,Great Smoky Mountains National Park,park unit,Great Smoky Mountains National Park,35.6222,-83.4981,as listed,GRSM Housing Blinds Replacement,Remove and replace blinds in multiple government housing units at GRSM in TN and NC. Goal is to work replacement in 10 housing units depending on what the budget will allow. Cost estimates are around $2500 -3500 per unit.,Park housing
536,SER,Southeast,GRSM,Great Smoky Mountains National Park,park unit,Great Smoky Mountains National Park,35.6222,-83.4981,as listed,GRSM Polaris Ranger Crew XP1000,GRSM Polaris Ranger Crew XP1000,Other
537,SER,Southeast,GRSM,Great Smoky Mountains National Park,park unit,Great Smoky Mountains National Park,35.6222,-83.4981,as listed,GRSM VRP Elkmont Range Enhancements,"Design, construction, training on the targe and running man system and the removal of the old system",Other
538,SER,Southeast,GRSM,Great Smoky Mountains National Park,park unit,Great Smoky Mountains National Park,35.6222,-83.4981,as listed,Purchase 144 Cornell Drawers for Pinned Natural History Specimens at GRSM,Purchase 144 museum grade Cornell drawers with label holders and pull knobs to replace existing drawers treated with naphthalene.,Cultural resources
539,SER,Southeast,GRSM,Great Smoky Mountains National Park,park unit,Great Smoky Mountains National Park,35.6222,-83.4981,as listed,Purchase side arm mower,Purchase side arm mower,Park operations (ONPS)
540,SER,Southeast,GRSM,Great Smoky Mountains National Park,park unit,Great Smoky Mountains National Park,35.6222,-83.4981,as listed,Purchase Three Wet Specimen Cabinets for natural History Specimens at GRSM,"Purchase and install three wet specimen cabinets at the Twin Creeks Science Center. Cabinets need to match existing capacity, capability, fit, and finish of existing cabinets. Current pattern is Viking 920 for reference. Cabinets will be used for long term storage of wet specimens housed in 70% ethanol.",Cultural resources
541,SER,Southeast,GRSM,Great Smoky Mountains National Park,park unit,Great Smoky Mountains National Park,35.6222,-83.4981,as listed,Tempus Pro Cardiac Monitors,Tempus Pro Cardiac Monitors - 3 Monitors,Other
542,SER,Southeast,GRSM,Great Smoky Mountains National Park,park unit,Great Smoky Mountains National Park,35.6222,-83.4981,as listed,Tractor,Purchase tractor for South District to replace tractor in need,Recreation fees (FLREA)
543,SER,Southeast,GRSM,Great Smoky Mountains National Park,park unit,Great Smoky Mountains National Park,35.6222,-83.4981,as listed,Truck Repair,Truck engine replacement,Park operations (ONPS)
544,IMR,Intermountain,GUMO,Guadalupe Mountains National Park,park unit,Guadalupe Mountains National Park,31.9069,-104.9008,as listed,Repair To Pine Springs Campground,Repair water line in Pine Springs Campground,Cyclic maintenance
545,IMR,Intermountain,GUMO,Guadalupe Mountains National Park,park unit,Guadalupe Mountains National Park,31.9069,-104.9008,as listed,Septic Tank / Vault Toilet Pumping BPA,Set up new BPA for pumping of septic tanks and vault toilets parkwide.,Park operations (ONPS)
546,SER,Southeast,GUIS,Gulf Islands National Seashore,park unit,Gulf Islands National Seashore,30.3554,-87.0182,as listed,AE Design Battery Worth Restroom,"This project will design the renovation of the existing rest-room facility and attached picnic shelters and repair/replace sidewalks in the in the Battery Worth Picnic Area. Work would include the existing Rest-room Facility, Picnic Pavilions. The new rest-room facility will be constructed to meet accessibility and USPH standards/requirements. Sustainability components will be installed including;",Recreation fees (FLREA)
547,SER,Southeast,GUIS,Gulf Islands National Seashore,park unit,Gulf Islands National Seashore,30.3554,-87.0182,as listed,Install Rinse Racks at Ft Pickens Preservation Shop and NLO Maintenance Compound,Fort Pickens Road floods several times a year and our park owned equipment and GSA leased vehicles are suffering a higher than acceptable level of damage as a result. We do not have enough storage to keep all of our equipment out of the daily salt air. GSA only allows for 1 car wash per month and that does not always cover the undercarriage of vehicles. The proposed rinse racks rinse the entire vehicle or piece of equipment including the undercarriage.,Repair and rehabilitation
548,SER,Southeast,GUIS,Gulf Islands National Seashore,park unit,Gulf Islands National Seashore,30.3554,-87.0182,as listed,Purchase Two Outboard 200 hp Yamaha motors for SRS,"This contract is for purchase and installation of new Yamaha 200 hp outboard motors inline four 2.8 L on the GUIS SRS 28' Munson vessel. Removal of existing outboards & all associated rigging to install new outboards. Value of the removed motors, rigging, & propellers will be credited towards purchase and installation of new outboards from the vendor.",Other
549,SER,Southeast,GUIS,Gulf Islands National Seashore,park unit,Gulf Islands National Seashore,30.3554,-87.0182,as listed,Purchase UTV for Turtle/Bird monitoring programs,Purchase new UTV for turtle/bird monitoring programs.,Other
550,SER,Southeast,GUIS,Gulf Islands National Seashore,park unit,Gulf Islands National Seashore,30.3554,-87.0182,as listed,Rehabilitate Opal Beach Water Line AE Design,"This project will provide the design to rehabilitate the 2½-mile main water distribution line serving the Opal Beach visitor area, including restrooms, picnic areas, parking, and beach access.",Repair and rehabilitation
551,SER,Southeast,GUIS,Gulf Islands National Seashore,park unit,Gulf Islands National Seashore,30.3554,-87.0182,as listed,Repair Fiber Optic Cable on Perdido Key,"The fiber optic cable has been damaged and the Law Enforcement, Resource Management and Maintenance employees on Perdido Key no longer have internet access.",Repair and rehabilitation
552,SER,Southeast,GUIS,Gulf Islands National Seashore,park unit,Gulf Islands National Seashore,30.3554,-87.0182,as listed,Replace 2015 Perdido Key Utility Terrain Vehicle (UTV) NP5000121526,"Replace a Utility Terrain Vehicle (UTV) purchased in Fiscal year 2015. The UTV (NP5000121526, SN:JK1AFCM16FB518318) FBMS Asset #982099,FBMS equipment # 10135788 will have spent its entire life on a costal key where it has been used almost daily along the Gulf of Mexico shoreline and has constantly been exposed to salt laden air. The UTV will have been washed daily and undercoated annually; experience has shown that 3 to 5 years in this type of harsh saline environment will destroy the unit",Other
553,SER,Southeast,GUIS,Gulf Islands National Seashore,park unit,Gulf Islands National Seashore,30.3554,-87.0182,as listed,Replace AC Systems on Turtle Runner Ferry,"This project will replace AC Systems #2 and #3 on the Turtle Runner. It includes full replacement of AC #3 due to a failing condensing unit and non-compliant refrigerant, along with targeted component repairs to AC #2 Cassette A. All work will follow maritime safety standards, including proper refrigerant handling and final system testing.",Concession franchise fees
554,PWR,Pacific West,HAFO,Hagerman Fossil Beds National Monument,park unit,Hagerman Fossil Beds National Monument,42.8128,-114.9397,as listed,Removal and Initial Treatment of Russian Olives Along the Snake River,"An 8 acre stand of Russian olives (Elaeagnus angustifolia), an invasive tree species, is to be cut and removed, and stumps appropriately treated along the Snake River by contract crew. Southern Idaho Parks IRM vegetation crew will address any retreatments necessary.",Cultural cyclic maintenance
555,NER,Northeast,HAMP,Hampton National Historic Site,park unit,Hampton National Historic Site,39.4165,-76.5887,as listed,Treat Significant FOMC Collection of Archives & Works on Paper (second phase),"Contract paper conservators at HACE will provide treatment and rehousing for the second part of 172 paper-based Plamann collection items including historic documents, sheet music, works of art, books, photos, and ephemera. This second treatment phase will focus on four groups: 1. documents; 2. sheet music; 3. envelopes; 4. ephemera. (See four attached Word document lists with images.)",Cultural cyclic maintenance
556,WASO,National (WASO),HFC,Harpers Ferry Center,"office, program, network, or trail","Harpers Ferry, West Virginia",39.3232,-77.7412,as listed,APC battery backup maintenance,APC battery backup maintenance service for network switches,Park operations (ONPS)
557,WASO,National (WASO),HFC,Harpers Ferry Center,"office, program, network, or trail","Harpers Ferry, West Virginia",39.3232,-77.7412,as listed,Cleaning brick exterior of Interpretive Design Center,"This purpose of this project is to clean and treat the exterior brickwork of the Interpretive Design Center (IDC) to remove biological growth, staining, and accumulated surface contaminants. The work will restore the building’s exterior appearance, protect the masonry fabric, and ensure compliance with preservation standards. Cleaning must be performed using methods that remove contaminants while preserving the integrity of the historic brick and mortar.",Park operations (ONPS)
558,WASO,National (WASO),HFC,Harpers Ferry Center,"office, program, network, or trail","Harpers Ferry, West Virginia",39.3232,-77.7412,as listed,Computer Monitors,purchase end of life computer monitors,Park operations (ONPS)
559,WASO,National (WASO),HFC,Harpers Ferry Center,"office, program, network, or trail","Harpers Ferry, West Virginia",39.3232,-77.7412,as listed,Computer Peripherals,laptop docks,Park operations (ONPS)
560,WASO,National (WASO),HFC,Harpers Ferry Center,"office, program, network, or trail","Harpers Ferry, West Virginia",39.3232,-77.7412,as listed,Custodial Services,"This project will provide custodial services for the Interpretive Design Center, Lewis Anthony Library, Bird Brady House, and the leased Willow Springs facility. Custodial services include all management, on-site supervision, labor, materials, supplies, tools, and equipment required to perform these services.",Park operations (ONPS)
561,WASO,National (WASO),HFC,Harpers Ferry Center,"office, program, network, or trail","Harpers Ferry, West Virginia",39.3232,-77.7412,as listed,Dell Computers,IT storefront purchase of Dell Laptops,Park operations (ONPS)
562,WASO,National (WASO),HFC,Harpers Ferry Center,"office, program, network, or trail","Harpers Ferry, West Virginia",39.3232,-77.7412,as listed,"Design/Build for new HVAC systems for Interpretive Design Building, Lewis Anthony Library, and Bird Brady House","This project will provide for comprehensive assessment, planning, design, and installation to replace existing heating, ventilation, and air conditioning systems. The project will be broken down into two components over the next two years. Assessment, planning, and design will be completed in FY26 and installation will take place in FY27.",Repair and rehabilitation
563,WASO,National (WASO),HFC,Harpers Ferry Center,"office, program, network, or trail","Harpers Ferry, West Virginia",39.3232,-77.7412,as listed,"EFMO VC Exhibits Planning, Design, Fabrication, and Installation","In collaboration with the visitor center rehabilitation project, this project is for the planning, design, fabrication, and installation of new exhibits.",Other
564,WASO,National (WASO),HFC,Harpers Ferry Center,"office, program, network, or trail","Harpers Ferry, West Virginia",39.3232,-77.7412,as listed,Electrical Tracing Project,"The purpose of this project is to trace, identify, and label electrical panels, sub-panels, breakers, outlets, and switches for the Interpretive Design Center, Lewis Anthony Library, and Bird Brady House. This will require circuit tracing of electrical systems via non-invasive testing methods. After circuits are properly traced each panel, sub-panel, breaker, outlet, and switch will be clearly labeled and incorporated into building drawings.",To be determined
565,WASO,National (WASO),HFC,Harpers Ferry Center,"office, program, network, or trail","Harpers Ferry, West Virginia",39.3232,-77.7412,as listed,Elevator Maintenance,This is for contract number 140P1120P0015 Option 1 with a period of performance of 10/1/2026-9/30/2027.,Park operations (ONPS)
566,WASO,National (WASO),HFC,Harpers Ferry Center,"office, program, network, or trail","Harpers Ferry, West Virginia",39.3232,-77.7412,as listed,Exhibits for Barataria Preserve Education Center at Jean Lafitte National Historical Park and Preserve,This future project features a small indoor space and a screened corridor. Both spaces feature large window/screen walls that provide an excellent opportunity for visitors to have a clear line of sight of the surrounding natural environment. The indoor interpretive space will feature both cultural and natural history stories using a low-tech interactive approach without artifacts or casework.,Repair and rehabilitation
567,WASO,National (WASO),HFC,Harpers Ferry Center,"office, program, network, or trail","Harpers Ferry, West Virginia",39.3232,-77.7412,as listed,Fabricate and Install Exhibits at The Needles Visitor Center,This project will fabricate and install interpretive and informational wall-hanging exhibits for The Needles Visitor Center.,Recreation fees (FLREA)
568,WASO,National (WASO),HFC,Harpers Ferry Center,"office, program, network, or trail","Harpers Ferry, West Virginia",39.3232,-77.7412,as listed,Fabricate and Install Visitor Center Exhibits,"This project will provide fabrication, and installation of museum exhibits in the Chaco Canyon Visitor Center.",Recreation fees (FLREA)
569,WASO,National (WASO),HFC,Harpers Ferry Center,"office, program, network, or trail","Harpers Ferry, West Virginia",39.3232,-77.7412,as listed,Fabricate Museum Exhibits,"This project will replace the old exhibits in a 500 square foot area of the Mission-66 park visitor center that include the fabrication and installation of wall mounted exhibit cases, replacement of existing graphic panels with 2-D and 3-D graphics, address lighting deficiencies and accessibility compliance issues.",Recreation fees (FLREA)
570,WASO,National (WASO),HFC,Harpers Ferry Center,"office, program, network, or trail","Harpers Ferry, West Virginia",39.3232,-77.7412,as listed,Fabrication and Installation of Interpretive Media and Exhibits for New Visitor Center,"This project proposes to fabricate and install interpretive media at the Parks Visitor Center. The new visitor center building and facility infrastructure will be executed by project PMIS 241430. This project will fabricate and install 1800 square feet of multi-purpose engagement space for respite, storytelling, and interactive spaces.",Recreation fees (FLREA)
571,WASO,National (WASO),HFC,Harpers Ferry Center,"office, program, network, or trail","Harpers Ferry, West Virginia",39.3232,-77.7412,as listed,FileMaker Pro License Renewal,Renews software license for over 80 users at HFC,Park operations (ONPS)
572,WASO,National (WASO),HFC,Harpers Ferry Center,"office, program, network, or trail","Harpers Ferry, West Virginia",39.3232,-77.7412,as listed,Fire Monitoring and Intrusion Communication Services,Install hardware to support outgoing fire alarm and intrusion phone lines to either a Verizon cellular or Reston Gateway solution.,Park operations (ONPS)
573,WASO,National (WASO),HFC,Harpers Ferry Center,"office, program, network, or trail","Harpers Ferry, West Virginia",39.3232,-77.7412,as listed,GERO Exhibit Fabrication and Installation,The fabrication and installation of exhibits designed through HFC.,Recreation fees (FLREA)
574,WASO,National (WASO),HFC,Harpers Ferry Center,"office, program, network, or trail","Harpers Ferry, West Virginia",39.3232,-77.7412,as listed,HAFC Grounds Maintenance (Camp Hill),"This project is to provide grounds maintenance, snow and ice removal for the Camp Hill campus-including areas managed by HAFC, STMA, APPA, and HAFC. Grounds maintenance includes turf maintenance- debris removal, mowing, edging and trimming; leaf removal; and annual rut/depression filling and seeding for NPS properties on Camp Hill. Snow and ice removal includes plowing, snow blowing, and shoveling of all paved surfaces; clearing of fire hydrants; and application of snow and ice melt as needed.",Park operations (ONPS)
575,WASO,National (WASO),HFC,Harpers Ferry Center,"office, program, network, or trail","Harpers Ferry, West Virginia",39.3232,-77.7412,as listed,HVAC Preventative Maintenance,This project is to exercise option year 4 of 5 for contract number 120P2123C0068. The period of performance for this project is 10/1/2026-9/30/2027.,Park operations (ONPS)
576,WASO,National (WASO),HFC,Harpers Ferry Center,"office, program, network, or trail","Harpers Ferry, West Virginia",39.3232,-77.7412,as listed,"INDU Exhibits Planning, Design, Fabrication, and Installation","This project is for the planning, design, fabrication, and installation of exhibits for INDU at several key visitor service locations.",Other
577,WASO,National (WASO),HFC,Harpers Ferry Center,"office, program, network, or trail","Harpers Ferry, West Virginia",39.3232,-77.7412,as listed,"Key Plan and Core Replacement for Interpretive Design Center, Lewis Anthony Library, and Bird Brady House","This project entails the design and implementation of a new Small Format Interchangeable Core (SFIC) master key system with a patented, restricted keyway to replace existing locks at three Harpers Ferry Center buildings. The system shall support efficient access management, provide high-security features, and improve administrative control over issued keys.",To be determined
578,WASO,National (WASO),HFC,Harpers Ferry Center,"office, program, network, or trail","Harpers Ferry, West Virginia",39.3232,-77.7412,as listed,Lenel OnGuard Maintenance,Maintenance contract for physical building access equipment.,Park operations (ONPS)
579,WASO,National (WASO),HFC,Harpers Ferry Center,"office, program, network, or trail","Harpers Ferry, West Virginia",39.3232,-77.7412,as listed,Mac Laptops,Purchase Macintosh laptops for EOL machines,Park operations (ONPS)
580,WASO,National (WASO),HFC,Harpers Ferry Center,"office, program, network, or trail","Harpers Ferry, West Virginia",39.3232,-77.7412,as listed,Recycling Removal Services,This project is for contract number 140P2121C0022; Option 1 of 4 with a period of performance of 7/15/2026-7/14/2027.,Park operations (ONPS)
581,WASO,National (WASO),HFC,Harpers Ferry Center,"office, program, network, or trail","Harpers Ferry, West Virginia",39.3232,-77.7412,as listed,Replace Deficient Exhibits at the Kawuneeche Visitor Center,"This project will replace old and worn exhibits with newly designed exhibit units, text, and graphics that meet professional standards for design and content. New exhibits will incorporate accessibility standards including audio, tactile and accessible technology. These new exhibits will better inform and inspire visitors for the next 10 to 15 years.",Other
582,WASO,National (WASO),HFC,Harpers Ferry Center,"office, program, network, or trail","Harpers Ferry, West Virginia",39.3232,-77.7412,as listed,Replace Exhaust Fan Contactor,This project is to replace the contactor that controls the restroom exhaust fans in the interpretive design center.,Park operations (ONPS)
583,WASO,National (WASO),HFC,Harpers Ferry Center,"office, program, network, or trail","Harpers Ferry, West Virginia",39.3232,-77.7412,as listed,"Security Camera Replacement for Interpretive Design Center, Lewis Anthony Library, and Bird Brady House","This project will provide for the replacement of the existing non-functional security cameras at Harpers Ferry Center. Cameras will be replaced with hi-definition, network-based cameras to ensure compliance with NPS policy. Focus of this project will be to improve coverage, image quality, and integrate into existing security systems.",To be determined
584,WASO,National (WASO),HFC,Harpers Ferry Center,"office, program, network, or trail","Harpers Ferry, West Virginia",39.3232,-77.7412,as listed,SLBE Manitou Islands Exhibit Fabrication and Installation,The fabrication and installation of exhibits planned and designed through HFC.,Legacy Restoration Fund (GAOA)
585,WASO,National (WASO),HFC,Harpers Ferry Center,"office, program, network, or trail","Harpers Ferry, West Virginia",39.3232,-77.7412,as listed,SolidWorks License Renewal,Solidworks 3D manufacturing software purchase through sole source retailer TriMech,Park operations (ONPS)
586,WASO,National (WASO),HFC,Harpers Ferry Center,"office, program, network, or trail","Harpers Ferry, West Virginia",39.3232,-77.7412,as listed,STIL-Theater System Upgrade,"The project is to plan, design and install upgrades to two theaters for Ellis Island at Statue of Liberty National Monument.",Recreation fees (FLREA)
587,WASO,National (WASO),HFC,Harpers Ferry Center,"office, program, network, or trail","Harpers Ferry, West Virginia",39.3232,-77.7412,as listed,ULSG Replace Outdated and Inaccessible Waysides,"This project is for the planning, design, fabrication, and installation of up to 8 wayside panels and bases.",Recreation fees (FLREA)
588,WASO,National (WASO),HFC,Harpers Ferry Center,"office, program, network, or trail","Harpers Ferry, West Virginia",39.3232,-77.7412,as listed,Wireless Hardware Replacement,Replace end of life wireless access point hardware through HFC Campus and Willow Springs Conservation lab,Park operations (ONPS)
589,NCR,National Capital,HAFE,Harpers Ferry National Historical Park,park unit,Harpers Ferry National Historical Park,39.31,-77.7422,as listed,Black powder and primers for historic demonstrations,Purchase of black powder and primers for historic weapons demonstrations for educational groups and the public.,Not specified
590,NCR,National Capital,HAFE,Harpers Ferry National Historical Park,park unit,Harpers Ferry National Historical Park,39.31,-77.7422,as listed,GLBA: Building 62 Boiler Building,Wood Material purchase for GLBA: Building 62 Boiler Building,Not specified
591,NCR,National Capital,HAFE,Harpers Ferry National Historical Park,park unit,Harpers Ferry National Historical Park,39.31,-77.7422,as listed,Rehabilitate and Electrify Transit Facility,Rehabilitate and Electrify Transit Facility,Not specified
592,NCR,National Capital,HAFE,Harpers Ferry National Historical Park,park unit,Harpers Ferry National Historical Park,39.31,-77.7422,as listed,"Rehabilitate Windows, Doors, Decks & Stairs on Three HAFE Lower Town Buildings","Rehabilitate Windows, Doors, Decks & Stairs on Three HAFE Lower Town Buildings",Recreation fees (FLREA)
593,NCR,National Capital,HAFE,Harpers Ferry National Historical Park,park unit,Harpers Ferry National Historical Park,39.31,-77.7422,as listed,Replace Visitor Center Restroom Doors to Meet ABAAS Standards,Replace Visitor Center Restroom Doors to Meet ABAAS Standards,Not specified
594,NCR,National Capital,HAFE,Harpers Ferry National Historical Park,park unit,Harpers Ferry National Historical Park,39.31,-77.7422,as listed,Replace Visitor Center Restroom Doors to Meet ABAAS Standards,Replace Visitor Center Restroom Doors to Meet ABAAS Standards,Other
595,NCR,National Capital,HAFE,Harpers Ferry National Historical Park,park unit,Harpers Ferry National Historical Park,39.31,-77.7422,as listed,Upgrade Audio Visual System in Kilauea Visitor Center,"Involves upgrading the outdated and audio-visual (AV) system at the Kilauea Visitor Center in collaboration with the Harper€™s Ferry Center. The enhancements include replacing original wiring, introducing digital high-definition video capabilities, internet connectivity, a commercial projector, sound system, a 16’ x 9’ screen, captioning equipment, induction loop system for hearing aid support, automation controller and software, remote controllers, installation expenses, & tuning",Not specified
596,MWR,Midwest,HSTR,Harry S Truman National Historic Site,park unit,Harry S Truman National Historic Site,38.9012,-94.5308,as listed,"Replace Roof Components and Repair Wood Eaves on Frank Wallace, George Wallace and Noland","Replace Roof Components and Repair Wood Eaves on Frank Wallace, George Wallace and Noland houses.",Park operations (ONPS)
597,PWR,Pacific West,HAVO,Hawai'i Volcanoes National Park,park unit,Hawai'i Volcanoes National Park,19.3031,-155.2395,as listed,,Constructing a predator exclusion fence to keep feral cats out of petrel nesting areas. This will require a purchase of fence material. The project will be completed by day labor.,Other
598,PWR,Pacific West,HAVO,Hawai'i Volcanoes National Park,park unit,Hawai'i Volcanoes National Park,19.3031,-155.2395,as listed,Upgrades to Kahuku Parking Lot for Accessibility,This contract action is likely for Title II Design Development Services to upgrade the Kahuku Parking Lot. The Regional Civil Engineer will conduct a site visit in October 2026 to evaluate the site and assess the exact services needed.,Recreation fees (FLREA)
599,PWR,Pacific West,HAVO,Hawai'i Volcanoes National Park,park unit,Hawai'i Volcanoes National Park,19.3031,-155.2395,as listed,Upgrades to Kealakomo Overlook & Trail for Accessibility,This contract action is for Title II Design Development for upgrades to Kealakomo Overlook and Trail. Note that construction drawings were completed in 2015 by Mason Architects for renovations to this area. The Regional Civil Engineer will discuss this project with park staff onsite to determine if a new design is required or just updated specifications / market research / cost estimate.,Recreation fees (FLREA)
600,PWR,Pacific West,HAVO,Hawai'i Volcanoes National Park,park unit,Hawai'i Volcanoes National Park,19.3031,-155.2395,as listed,Upgrades to Puu Puai Overlook & Trail for Accessibility,This contract action is for Title II Design Development for upgrades to Puu Puai Overlook and Trail. Note that construction drawings were completed in 2015 by Mason Architects for renovations to this area. The Regional Civil Engineer will discuss this project with park staff onsite to determine if a new design is required or just updated specifications / market research / cost estimate.,Recreation fees (FLREA)
601,MWR,Midwest,HEHO,Herbert Hoover National Historic Site,park unit,Herbert Hoover National Historic Site,41.6679,-91.3525,as listed,Alarm Monitoring Contract,"Currently out of option years for the Alarm Monitoring with Hackett Security. Need a new alarm monitoring system for the next 4-5 years with the new alarm system installed. This includes alarm monitoring that will report to emergency services for break-ins, flooding, and fire.",Park operations (ONPS)
602,MWR,Midwest,HEHO,Herbert Hoover National Historic Site,park unit,Herbert Hoover National Historic Site,41.6679,-91.3525,as listed,VC and Post Office Cleaning Contract - Option Year 4,This is the option year 4 for our cleaning contract with Jennifer Mundell for the cleaning of the Visitor Center and Post Office.,Park operations (ONPS)
603,MWR,Midwest,HEHO,Herbert Hoover National Historic Site,park unit,Herbert Hoover National Historic Site,41.6679,-91.3525,as listed,West Branch City Services,"The city services contract includes snow plowing, and city police response for alarms in the park. The bulk of this contract is snow plowing main streets throughout the city, the police callouts are when our Law Enforcement is off-duty or unreachable.",Park operations (ONPS)
604,WASO,National (WASO),HPTC,Historic Preservation Training Center,"office, program, network, or trail","Frederick, Maryland",39.3663,-77.3882,as listed,20 Laptops,20 Laptops needed for operations,Park operations (ONPS)
605,WASO,National (WASO),HPTC,Historic Preservation Training Center,"office, program, network, or trail","Frederick, Maryland",39.3663,-77.3882,as listed,ANC Kennedy Plaza,A/E Services for Arlington National Cemetery Kennedy Plaza,To be determined
606,WASO,National (WASO),HPTC,Historic Preservation Training Center,"office, program, network, or trail","Frederick, Maryland",39.3663,-77.3882,as listed,ANC Memorial Gates,A&E Services for Arlington National Cemetery memorial gates,To be determined
607,WASO,National (WASO),HPTC,Historic Preservation Training Center,"office, program, network, or trail","Frederick, Maryland",39.3663,-77.3882,as listed,ANTI Repair East Gable End of the Historic Roulette Barn - Material Purchase,Material Purchase to repair the East Gable End of the Roulette Barn at ANTI,Repair and rehabilitation
608,WASO,National (WASO),HPTC,Historic Preservation Training Center,"office, program, network, or trail","Frederick, Maryland",39.3663,-77.3882,as listed,ARCH Garage re-roofing at Gambrill,Construction contract or ARCH Garage re-roofing at Gambrill,To be determined
609,WASO,National (WASO),HPTC,Historic Preservation Training Center,"office, program, network, or trail","Frederick, Maryland",39.3663,-77.3882,as listed,Boardwalk Trails Improvement at Salt River,Materials and Supplies needed for boardwalk trails improvement at Salt River,Legacy Restoration Fund (GAOA)
610,WASO,National (WASO),HPTC,Historic Preservation Training Center,"office, program, network, or trail","Frederick, Maryland",39.3663,-77.3882,as listed,CAGR Steel Casement Windows,Abatement services needed,To be determined
611,WASO,National (WASO),HPTC,Historic Preservation Training Center,"office, program, network, or trail","Frederick, Maryland",39.3663,-77.3882,as listed,"CASA, Johnson House Windows","Materials purchase for CASA, Johnson House Windows",Legacy Restoration Fund (GAOA)
612,WASO,National (WASO),HPTC,Historic Preservation Training Center,"office, program, network, or trail","Frederick, Maryland",39.3663,-77.3882,as listed,Construction Fence Rental - Minidoka,Construction Fence rental required to perform restoration work at MIIN on three historic structures,Legacy Restoration Fund (GAOA)
613,WASO,National (WASO),HPTC,Historic Preservation Training Center,"office, program, network, or trail","Frederick, Maryland",39.3663,-77.3882,as listed,Construction Trailer - Minidoka,Construction Trailer needed for restoration of 3 Historic Structures,Legacy Restoration Fund (GAOA)
614,WASO,National (WASO),HPTC,Historic Preservation Training Center,"office, program, network, or trail","Frederick, Maryland",39.3663,-77.3882,as listed,Decking Material needed for Ninety Six National Historic Site,Decking Material needed for restoration of the Logan Cabin at NISI,Repair and rehabilitation
615,WASO,National (WASO),HPTC,Historic Preservation Training Center,"office, program, network, or trail","Frederick, Maryland",39.3663,-77.3882,as listed,"Demolish Seven Hazardous, Vulnerable and Underutilized Buildings and Associated Structures","A/E Design Phase - Demolish Seven Hazardous, Vulnerable and Underutilized Buildings and Associated Structures",To be determined
616,WASO,National (WASO),HPTC,Historic Preservation Training Center,"office, program, network, or trail","Frederick, Maryland",39.3663,-77.3882,as listed,FDR Sewerline Repair,Repair of ser lines at FDR Memorial,To be determined
617,WASO,National (WASO),HPTC,Historic Preservation Training Center,"office, program, network, or trail","Frederick, Maryland",39.3663,-77.3882,as listed,Fort Monroe Tongue and Groove Decking Material,Tongue and Groove Wood Decking needed for FOMR project,Legacy Restoration Fund (GAOA)
618,WASO,National (WASO),HPTC,Historic Preservation Training Center,"office, program, network, or trail","Frederick, Maryland",39.3663,-77.3882,as listed,Fort Smith Crane and Operator,Crane and Operator needed for restoration work at Fort Smith,Cyclic maintenance
619,WASO,National (WASO),HPTC,Historic Preservation Training Center,"office, program, network, or trail","Frederick, Maryland",39.3663,-77.3882,as listed,Fortaleza Scaffolding Section 3 ( Govt. of Puerto Rico),"require contractor to deliver, assemble and remove scaffolding for historic fortification wall preservation project.",Other
620,WASO,National (WASO),HPTC,Historic Preservation Training Center,"office, program, network, or trail","Frederick, Maryland",39.3663,-77.3882,as listed,Foundation Structural Design for Barrack at MIIN,A/E Structural Design needed for the foundation of the Barracks at MIIN,Legacy Restoration Fund (GAOA)
621,WASO,National (WASO),HPTC,Historic Preservation Training Center,"office, program, network, or trail","Frederick, Maryland",39.3663,-77.3882,as listed,Glacier Bay Boiler Room (Material Purchase),Wood Materials needed for restoration of Glacier Bay Boiler Room,Legacy Restoration Fund (GAOA)
622,WASO,National (WASO),HPTC,Historic Preservation Training Center,"office, program, network, or trail","Frederick, Maryland",39.3663,-77.3882,as listed,GWCA Replace Garage Doors,Materials for GWCA Replace Garage Doors,To be determined
623,WASO,National (WASO),HPTC,Historic Preservation Training Center,"office, program, network, or trail","Frederick, Maryland",39.3663,-77.3882,as listed,GWMP Shingle Purchase,Shingles needed for restoration project at GWMP,To be determined
624,WASO,National (WASO),HPTC,Historic Preservation Training Center,"office, program, network, or trail","Frederick, Maryland",39.3663,-77.3882,as listed,GWMP Wood bevel lap siding component,Bevel Lap siding needed for GWMP,To be determined
625,WASO,National (WASO),HPTC,Historic Preservation Training Center,"office, program, network, or trail","Frederick, Maryland",39.3663,-77.3882,as listed,Hampton NHS Replacement of storm water controls,"Construction project to replace Storm Water Controls at Hampton Acquisition Type (Construction, Services, Supplies, Task Order, IAA, Modification, etc.): Construction",Repair and rehabilitation
626,WASO,National (WASO),HPTC,Historic Preservation Training Center,"office, program, network, or trail","Frederick, Maryland",39.3663,-77.3882,as listed,HPTC Cleaning Services,Exercise Option Year 2 of cleaning contract,To be determined
627,WASO,National (WASO),HPTC,Historic Preservation Training Center,"office, program, network, or trail","Frederick, Maryland",39.3663,-77.3882,as listed,INDE Handrails Fabrication and Installation,Handrails needing to be fabricated and installed with new ADA ramps,To be determined
628,WASO,National (WASO),HPTC,Historic Preservation Training Center,"office, program, network, or trail","Frederick, Maryland",39.3663,-77.3882,as listed,Independence Hall Balustrade – Replacement material,Replacement Material needed for restoration of Independence Hall Balustrades,To be determined
629,WASO,National (WASO),HPTC,Historic Preservation Training Center,"office, program, network, or trail","Frederick, Maryland",39.3663,-77.3882,as listed,Lake Roosevelt Wood Shingles,Wood shingles needed for historic roof restoration at LARO,Legacy Restoration Fund (GAOA)
630,WASO,National (WASO),HPTC,Historic Preservation Training Center,"office, program, network, or trail","Frederick, Maryland",39.3663,-77.3882,as listed,Lumber for Casemates 87 & 88 Gulf Islands NS,Lumber needed for restoration of Casemates 87 & 88 at GUIS,Other
631,WASO,National (WASO),HPTC,Historic Preservation Training Center,"office, program, network, or trail","Frederick, Maryland",39.3663,-77.3882,as listed,NACE - Mary McLeod Bethune House,Construction project for NACE - Mary McLeod Bethune House,Repair and rehabilitation
632,WASO,National (WASO),HPTC,Historic Preservation Training Center,"office, program, network, or trail","Frederick, Maryland",39.3663,-77.3882,as listed,NAMA Post and Chains,"NAMA Post and Chains, tasks tbd",To be determined
633,WASO,National (WASO),HPTC,Historic Preservation Training Center,"office, program, network, or trail","Frederick, Maryland",39.3663,-77.3882,as listed,NAMA Survey Lodge,Construction for the NAMA Survey Lodge,Repair and rehabilitation
634,WASO,National (WASO),HPTC,Historic Preservation Training Center,"office, program, network, or trail","Frederick, Maryland",39.3663,-77.3882,as listed,NHL Lime for Commandant's Gallery- Fort Christianvaern,NHL Lime is needed for CHRI Commandants 1st floor masonry work,Legacy Restoration Fund (GAOA)
635,WASO,National (WASO),HPTC,Historic Preservation Training Center,"office, program, network, or trail","Frederick, Maryland",39.3663,-77.3882,as listed,Perform Preservation Maintenance on Petersen House Exterior Wood Elements,"Scaffolding Contract is needed. This project will repair in kind exterior wood elements on the Petersen House to include windows, Doors, and Trim. Work will be completed by HPTC",Legacy Restoration Fund (GAOA)
636,WASO,National (WASO),HPTC,Historic Preservation Training Center,"office, program, network, or trail","Frederick, Maryland",39.3663,-77.3882,as listed,PERL - CPO Bungalow,Construction for PERL - CPO Bungalow,To be determined
637,WASO,National (WASO),HPTC,Historic Preservation Training Center,"office, program, network, or trail","Frederick, Maryland",39.3663,-77.3882,as listed,Petersen House Exterior – Replacement Shutters,Fabrication of replacement composite shutters,Legacy Restoration Fund (GAOA)
638,WASO,National (WASO),HPTC,Historic Preservation Training Center,"office, program, network, or trail","Frederick, Maryland",39.3663,-77.3882,as listed,Repair Multiple Components of Historic Guardhouse at Fort Spokane,Wood Shingles for Guardhouse Roof,Legacy Restoration Fund (GAOA)
639,WASO,National (WASO),HPTC,Historic Preservation Training Center,"office, program, network, or trail","Frederick, Maryland",39.3663,-77.3882,as listed,Repair Smith Point Wilderness Visitor Center Complex,A/E Design Phase,Repair and rehabilitation
640,WASO,National (WASO),HPTC,Historic Preservation Training Center,"office, program, network, or trail","Frederick, Maryland",39.3663,-77.3882,as listed,Replace Deteriorated Architectural Porch Elements in Star Fort,"The purpose of this project is to replace deteriorated wooden porch elements on the historic Commanding Officers Quarters, located at Fort McHenry National Monument and Historic Shrine. The project will consist of replacing eight lower porch columns, eight smaller upper porch columns, 114 ft. (or 3.5 ft. x 114 lin ft. = 399 sq. ft) of handrails, replace and repaint 593 sq.ft. of wood decking and repair and painting of 1,333 sq.ft. of porch ceilings. Once removed and disposed of, new replacement",Cyclic maintenance
641,WASO,National (WASO),HPTC,Historic Preservation Training Center,"office, program, network, or trail","Frederick, Maryland",39.3663,-77.3882,as listed,Replace Failing Breakwater to Protect Entrance to Watch Hill Marina,A/E Design Phase - Replace Failing Breakwater to Protect Entrance to Watch Hill Marina,Repair and rehabilitation
642,WASO,National (WASO),HPTC,Historic Preservation Training Center,"office, program, network, or trail","Frederick, Maryland",39.3663,-77.3882,as listed,Roofing Material for Johnson Farmhouse,Roofing Material needed for Johnson Farmhouse BLRI,Repair and rehabilitation
643,WASO,National (WASO),HPTC,Historic Preservation Training Center,"office, program, network, or trail","Frederick, Maryland",39.3663,-77.3882,as listed,Root Cellar Wood Components - Minidoka,Wood Components needed for Root Cellar restoration at MIIN,Legacy Restoration Fund (GAOA)
644,WASO,National (WASO),HPTC,Historic Preservation Training Center,"office, program, network, or trail","Frederick, Maryland",39.3663,-77.3882,as listed,San Francisco Maritime Scaffolding Rental,Scaffolding needed at SAFR to access building for restoration,Legacy Restoration Fund (GAOA)
645,WASO,National (WASO),HPTC,Historic Preservation Training Center,"office, program, network, or trail","Frederick, Maryland",39.3663,-77.3882,as listed,SARI Well Tower Trail,"Materials only. Restore and improve trail to historic Well Tower site in SARI , St. Croix USVI. Purchasing of linear feet of Trex ( or similar materials) to enhance and construct elevated trail platform.",Legacy Restoration Fund (GAOA)
646,WASO,National (WASO),HPTC,Historic Preservation Training Center,"office, program, network, or trail","Frederick, Maryland",39.3663,-77.3882,as listed,Scaffolding & Fall Protection Independence Hall,Scaffolding & Fall Protection needed for the restoration of the Independence Hall Balustrades,To be determined
647,WASO,National (WASO),HPTC,Historic Preservation Training Center,"office, program, network, or trail","Frederick, Maryland",39.3663,-77.3882,as listed,Scaffolding MEWP rental for VIIS Stabilize Factory Chimney,Scaffolding and MEWP rental needed for VIIS Stabilize Factory Chimney,To be determined
648,WASO,National (WASO),HPTC,Historic Preservation Training Center,"office, program, network, or trail","Frederick, Maryland",39.3663,-77.3882,as listed,Scaffolding Rental for Martin Luther King Jr NHP,Scaffolding Rental needed for restoration project MALU 522 Auburn Ave,To be determined
649,WASO,National (WASO),HPTC,Historic Preservation Training Center,"office, program, network, or trail","Frederick, Maryland",39.3663,-77.3882,as listed,Scaffolding Rental to Rehabilitate the World War I Memorial,Scaffolding Erection and Rental needed to Rehabilitate the World War I Memorial,Repair and rehabilitation
650,WASO,National (WASO),HPTC,Historic Preservation Training Center,"office, program, network, or trail","Frederick, Maryland",39.3663,-77.3882,as listed,Scaffolding Section 4 GOPR (Fortaleza),"require contractor to deliver, assemble and remove scaffolding for historic fortification wall preservation project.",Other
651,WASO,National (WASO),HPTC,Historic Preservation Training Center,"office, program, network, or trail","Frederick, Maryland",39.3663,-77.3882,as listed,Sequoia – Gamlin Cabin phase 2 - Shingle Purchase,Shingles needed to execute phase 2 of the Gamlin Cabin restoration,Disaster supplemental
652,WASO,National (WASO),HPTC,Historic Preservation Training Center,"office, program, network, or trail","Frederick, Maryland",39.3663,-77.3882,as listed,UTV for San Juan Restoration Work,UTV needed to navigate small roads to project sites with equipment,Other
653,WASO,National (WASO),HPTC,Historic Preservation Training Center,"office, program, network, or trail","Frederick, Maryland",39.3663,-77.3882,as listed,VIIS Catherineberg Scaffolding and MEWP rental,Scaffolding and MEWP needed for preservation work on Catherineberg Sugar Mill,Legacy Restoration Fund (GAOA)
654,WASO,National (WASO),HPTC,Historic Preservation Training Center,"office, program, network, or trail","Frederick, Maryland",39.3663,-77.3882,as listed,VIIS Durloe Factory Scaffolding and MEWP rental,Scaffolding and MEWP rental needed to complete preservation work on the Durloe Factory at VIIS,To be determined
655,WASO,National (WASO),HPTC,Historic Preservation Training Center,"office, program, network, or trail","Frederick, Maryland",39.3663,-77.3882,as listed,Western Red Cedar Shingles for Natchez NHP,Wood shingles needed for restoration of historic roof at NATC,Cyclic maintenance
656,WASO,National (WASO),HPTC,Historic Preservation Training Center,"office, program, network, or trail","Frederick, Maryland",39.3663,-77.3882,as listed,Wood Shingles for Lewis and Clark Roofing Project,Wood shingles needed for LEWI roofing project,Legacy Restoration Fund (GAOA)
657,NER,Northeast,HOFR,Home of Franklin D. Roosevelt National Historic Site,park unit,Home of Franklin D. Roosevelt National Historic Site,41.7649,-73.9256,as listed,Install Split System Heat Pump in Gingerbread House,Replace oil fired boiler with clean modern electrical climate control equipment in Gingerbread House.,Cyclic maintenance
658,NER,Northeast,HOFR,Home of Franklin D. Roosevelt National Historic Site,park unit,Home of Franklin D. Roosevelt National Historic Site,41.7649,-73.9256,as listed,Install Split System Heat Pump in Gingerbread House,Replace oil fired boiler with clean modern electrical climate control equipment in Gingerbread House. This building serves as office and breakroom space for the park’s horticulture team. The structure is part of the cultural landscape and is currently heated with a fuel oil fired boiler and AC is accomplished with seasonal window units. This project will eliminate the burning of fossil fuels and provide air conditioning without unsightly AC units sticking out the windows.,Cyclic maintenance
659,NER,Northeast,HOFR,Home of Franklin D. Roosevelt National Historic Site,park unit,Home of Franklin D. Roosevelt National Historic Site,41.7649,-73.9256,as listed,Paint Yellow Barn at Bellefield,"Paint Yellow Barn at Home of FDR. Approximately 4,000 sq/ft of surface area.",Cyclic maintenance
660,NER,Northeast,HOFR,Home of Franklin D. Roosevelt National Historic Site,park unit,Home of Franklin D. Roosevelt National Historic Site,41.7649,-73.9256,as listed,Paint Yellow Barn at Bellefield,"The paint on the Yellow Barn has exceeded its service life and is beginning to fail, peeling in many locations and showing mold and algae growth along the North wall. The failing paint is no longer protecting the underlying wood siding and trim. Paint Yellow Barn at Home of FDR. Approximately 4,000 sq/ft of surface area. This structure is used for maintenance storage and sits on property adjacent to the original Roosevelt property. It was last painted in 2007.",Cyclic maintenance
661,NER,Northeast,HOFR,Home of Franklin D. Roosevelt National Historic Site,park unit,Home of Franklin D. Roosevelt National Historic Site,41.7649,-73.9256,as listed,Replace Deteriorated Park Signage,Replace deteriorated signs per recommendations in park sign plan.,Cyclic maintenance
662,PWR,Pacific West,HONO,Honouliuli National Historic Site,park unit,Honouliuli National Historic Site,21.386,-158.0564,as listed,Porta Pottie for public visitation,"The park is opening up for limited public tours starting in 2026. There are no bathroom facilities at the park or anywhere nearby for the public to use. To meet this need, porta potties will be used.",Park operations (ONPS)
663,PWR,Pacific West,HONO,Honouliuli National Historic Site,park unit,Honouliuli National Historic Site,21.386,-158.0564,as listed,UTV for public visitation and park management,"A UTV is needed to provide visitor use access to the park for visitors with mobility issues. Additionally, the UTV will also be used for park management purposes.",Park operations (ONPS)
664,NER,Northeast,HOFU,Hopewell Furnace National Historic Site,park unit,Hopewell Furnace National Historic Site,40.2109,-75.7662,as listed,Complete Implementation of the Ironmaster's House Furnishings Plan and Preserve Collections,Complete Implementation of the Ironmaster's House Furnishings Plan and Preserve Collections,Cyclic maintenance
665,NER,Northeast,HOFU,Hopewell Furnace National Historic Site,park unit,Hopewell Furnace National Historic Site,40.2109,-75.7662,as listed,"CRI: Produce HRS for African American Participation at Hopewell Furnace, 1776-1883","CRI: Produce HRS for African American Participation at Hopewell Furnace, 1776-1883",Cultural resources
666,NER,Northeast,HOFU,Hopewell Furnace National Historic Site,park unit,Hopewell Furnace National Historic Site,40.2109,-75.7662,as listed,"Perform Collection Condition Survey, Produce Maintenance Plan, & Conserve HOFU Wagons",Conserve Hopewell Furnace NHS Wagons,Cultural cyclic maintenance
667,NER,Northeast,HOFU,Hopewell Furnace National Historic Site,park unit,Hopewell Furnace National Historic Site,40.2109,-75.7662,as listed,Rehabilitate the Cast House Complex at Hopewell Furnace National Historic Site,Rehabilitate the Cast House Complex at Hopewell Furnace National Historic Site,Park operations (ONPS)
668,NER,Northeast,HOFU,Hopewell Furnace National Historic Site,park unit,Hopewell Furnace National Historic Site,40.2109,-75.7662,as listed,Replace Critical Systems at the Museum Storage Facility (Bally Building),Replace Critical Systems at the Museum Storage Facility (Bally Building),Park operations (ONPS)
669,NER,Northeast,HOFU,Hopewell Furnace National Historic Site,park unit,Hopewell Furnace National Historic Site,40.2109,-75.7662,as listed,Stabilize Interior Finishes at Bethesda Church (IRA Team at HOFU),Stabilize Interior Finishes at Bethesda Church (IRA Team at HOFU),Park operations (ONPS)
670,IMR,Intermountain,HUTR,Hubbell Trading Post National Historic Site,park unit,Hubbell Trading Post National Historic Site,35.7073,-109.56,as listed,Cyclic Roof Replacement of Trading Post and Administration Office,The existing roof systems for both the Trading Post and Administration Office will be removed down to the wood decking and replaced with a new roof system that is compatible and acceptable for these historic structures. These structures are adjacent to each other and the roofing systems for both structures will need to be replaced concurrently. Work will be completed by contract.,Cyclic maintenance
671,IMR,Intermountain,HUTR,Hubbell Trading Post National Historic Site,park unit,Hubbell Trading Post National Historic Site,35.7073,-109.56,as listed,Hubbell Home Asbestos Flooring Project,"This project will remove Historic Hubbell Home Kitchen resilient flooring, repair concrete, and apply colored epoxy finish on concrete floor. Approximately 300 square feet of deteriorated resilient flooring will be removed in accordance with US Code Title 15 guidance. Clean and repair approximately 520 linear feet of concrete flooring, prep floor, and apply epoxy over approximately 520 linear feet of concrete. This project will preserve the floor during visitor traffic and extend the life cycle",Park operations (ONPS)
672,MWR,Midwest,IATR,Ice Age National Scenic Trail,park unit,Ice Age National Scenic Trail,43.0786,-89.617,as listed,Repair exterior and necessary stabilization of Cross Plains Barn and Silo,"Stabilize and repair exterior, interior framing and stone walls of barn and Silo. The Barn is 65’L x 32’W x 35’H and 4,260 sq ft. The Silo is about 14’ Diam x 35’H = 1,847sq ft. Barn and silo stone walls need some significant repair. The barn first level has several structural posts and beams that need repair; roof requires replacement with metal roofing; windows and doors need repair or replacement.",Repair and rehabilitation
673,NER,Northeast,INDE,Independence National Historical Park,park unit,Independence National Historical Park,39.9517,-75.1494,as listed,Bishop White House fire suppression and plaster repairs,"Repair Bishop White House fire suppression system, heat trace, insulation, wall and ceiling plaster, and interior finishes",Park operations (ONPS)
674,NER,Northeast,INDE,Independence National Historical Park,park unit,Independence National Historical Park,39.9517,-75.1494,as listed,Boiler Replacement,Boiler Replacement for BFM.,To be determined
675,NER,Northeast,INDE,Independence National Historical Park,park unit,Independence National Historical Park,39.9517,-75.1494,as listed,BUILDING AUTOMATION SYSTEM (BAS) ASSESSMENT,ASSESS NETWORK AND DEVICE COMPATABILITY CONDITIONS,To be determined
676,NER,Northeast,INDE,Independence National Historical Park,park unit,Independence National Historical Park,39.9517,-75.1494,as listed,CHILLER EDDY CURRENT TESTING,TEST INTEGRITY OF THE CONDENSER TUBES OF ALL 3 CHILLERS,To be determined
677,NER,Northeast,INDE,Independence National Historical Park,park unit,Independence National Historical Park,39.9517,-75.1494,as listed,CR-ONPS Catalog Artifacts from National Constitution Center Site at INDE,"This seven-year project will complete processing, cataloging and rehousing of approximately 362,534 artifacts from the ARPA-driven excavations of the nationally significant National Constitution Center (NCC) site at INDE. The collection will be processed and cataloged by archeologists at the Northeast Museum Services Center or federal contractors. This project supports PMIS 338029 as a path to completion for the NCC project. There are 7 components; A-G",Park operations (ONPS)
678,NER,Northeast,INDE,Independence National Historical Park,park unit,Independence National Historical Park,39.9517,-75.1494,as listed,CYCLIC STORM DRAIN MAINTENANCE,MAINTENANCE - CLEARING STORM DRAINPIPES AND DOWNSPOUTS OF DEBRIS,To be determined
679,NER,Northeast,INDE,Independence National Historical Park,park unit,Independence National Historical Park,39.9517,-75.1494,as listed,FY26 Tree Planting,"Urban tree planting and replacement project. Remove existing trees, grind stumps, and plant new trees in sidewalk tree pits and lawn areas.",Park operations (ONPS)
680,NER,Northeast,INDE,Independence National Historical Park,park unit,Independence National Historical Park,39.9517,-75.1494,as listed,GUTTER CLEANING,GUTTER CLEANING AND JET DOWNSPOUTS THROUGHOUT PARK,Other
681,NER,Northeast,INDE,Independence National Historical Park,park unit,Independence National Historical Park,39.9517,-75.1494,as listed,HERBICIDE TREATMENT SERVICES,SPRAY PAVEMENT PARK-WIDE TO MANAGE INVASIVE PLANTS AND REMOVE WEED GROWTH,Other
682,NER,Northeast,INDE,Independence National Historical Park,park unit,Independence National Historical Park,39.9517,-75.1494,as listed,PEST CONTROL (INDOOR/OUTDOOR),TO HELP CONTROL UNWANTED PEST FROM GETTING INTO BUILDINGS AND REMOVING WHAT DOES.,Other
683,NER,Northeast,INDE,Independence National Historical Park,park unit,Independence National Historical Park,39.9517,-75.1494,as listed,PURCHASE ELECTRIC MOWER,PURCHASING 2 ELECTRIC RIDING MOWERS TO REDUCE CARBON FOOTPRINT WITHIN THE PARK,To be determined
684,NER,Northeast,INDE,Independence National Historical Park,park unit,Independence National Historical Park,39.9517,-75.1494,as listed,PURCHASE MINI SKID STEER,REPLACE AGING SKID STEER LOADER,To be determined
685,NER,Northeast,INDE,Independence National Historical Park,park unit,Independence National Historical Park,39.9517,-75.1494,as listed,PURCHASE WOOD CHIPPER,CHIPPER FOR USE PARK WIDE,To be determined
686,NER,Northeast,INDE,Independence National Historical Park,park unit,Independence National Historical Park,39.9517,-75.1494,as listed,REPLACE (4) DOMESTIC WATER PUMPS,REPLACE BOOSTER PUMPS IN MEB AND 2ND BANK,To be determined
687,NER,Northeast,INDE,Independence National Historical Park,park unit,Independence National Historical Park,39.9517,-75.1494,as listed,REPLACE IRON DRAINPIPES - 313 WALNUT ST.,313 WALNUT - REPLACE CRACKED AND BROKEN CAST IRON IN BASEMENT,Other
688,NER,Northeast,INDE,Independence National Historical Park,park unit,Independence National Historical Park,39.9517,-75.1494,as listed,REPLACE PARK TRASH CANS,INDE HAS ROUGHLY 113 TRASH CANS THROUGHOUT CORE AREAS,To be determined
689,NER,Northeast,INDE,Independence National Historical Park,park unit,Independence National Historical Park,39.9517,-75.1494,as listed,REPLACEMENT LIGHT ENGINES FOR INDEPENDENCE MALL LAMP POSTS,A250 - CYCLIC RE-LAMPING OF LIGHT POSTS THROUGHOUT INDEPENDENCE MALL. LED FIXTURES ARE BEYOND SERVICE LIFE AND FAILING.,To be determined
690,MWR,Midwest,INDU,Indiana Dunes National Park,park unit,Indiana Dunes National Park,41.6596,-87.0329,as listed,Develop Airflow Outreach Exhibit,"Acquire historic, 1934-37 Chrysler Airflow vehicle in drivable condition. Develop mobile interpretive panels. Provide vehicle wraps for modern Chrysler Airflow vehicle.",Other
691,WASO,National (WASO),IRD,Information Resources directorate,"office, program, network, or trail","NPS headquarters, Washington, DC",38.8939,-77.0427,as listed,Information Resources Periodic Desktop/Laptop Upgrades,010-000002538 - Computer lifecycle refresh for IRMD staff,Park operations (ONPS)
692,WASO,National (WASO),IRD,Information Resources directorate,"office, program, network, or trail","NPS headquarters, Washington, DC",38.8939,-77.0427,as listed,Open Street Maps Membership,010-000000507 - Open Street Map Membership Base Year - funding $50K + 4 Option Years.,Other
693,WASO,National (WASO),IRD,Information Resources directorate,"office, program, network, or trail","NPS headquarters, Washington, DC",38.8939,-77.0427,as listed,PDF Site Accessibility Checker,010-000002632 - PDF Accessibility Scanning Software Licenses,Park operations (ONPS)
694,IMR,Intermountain,IMRO,Intermountain Regional Office,"office, program, network, or trail","Lakewood, Colorado",39.7008,-105.1426,as listed,Replace Historic Doors with Replicas -Old Santa Fe Trail Building,4 historic doors in the OSTB are experiencing major weathering and warping despite being refinished just 3 years ag. This project will replace the doors with custom made wooden replicas. One door frame will be adjusted to make it square,Cyclic maintenance
695,IMR,Intermountain,IMRO,Intermountain Regional Office,"office, program, network, or trail","Lakewood, Colorado",39.7008,-105.1426,as listed,Threatt Filling Station NHL Nomination,"In preparation of the 100th anniversary of Route 66, the NPS IMRO National Historic Landmark Program will prepare a draft & final National Historic Landmark nomination for the Threatt Filling Station, Oklahoma County, Oklahoma.",Cultural resources
696,MWR,Midwest,ISRO,Isle Royale National Park,park unit,Isle Royale National Park,48.031,-88.8067,as listed,National Register of Historic Places Nominations for the Siskowit and Pittsburg & Isle Royale historic copper mines,Conduct a Section 110 inventory and National Register of Historic Places (NRHP) nomination of two eligible historic copper mining sites: The Siskowit Mine (1846-1855) and the Pittsburg & Isle Royale Mine (1846-1853). Both mines are associated with the initial copper mining period on Isle Royale and were the most successful mining ventures of that era. Both sites have excellent interpretation value and are near popular hiking trails and campgrounds.,Cultural resources
697,MWR,Midwest,ISRO,Isle Royale National Park,park unit,Isle Royale National Park,48.031,-88.8067,inferred from title or description,Prospectus Development for ISRO006-28 (Tasks 1-10),Prospectus Development for ISRO006-28 (Tasks 1-10),Concession franchise fees
698,MWR,Midwest,JAGA,James A. Garfield National Historic Site,park unit,James A. Garfield National Historic Site,41.6649,-81.3509,as listed,install track lighting in the VC,install track lighting in the VC,Recreation fees (FLREA)
699,MWR,Midwest,JAGA,James A. Garfield National Historic Site,park unit,James A. Garfield National Historic Site,41.6649,-81.3509,as listed,Replace quickwall and graphic design of VC,Replace quickwall and graphic design of VC,Recreation fees (FLREA)
700,IMR,Intermountain,JODR,"John D. Rockefeller, Jr., Memorial Parkway",park unit,"John D. Rockefeller, Jr., Memorial Parkway",44.0882,-110.7229,inferred from title or description,CS - Condition Assessment – JODR002,"This contract is for professional services to assess the condition, maintenance, and capital improvement needs of NPS-owned facilities for the next concession contract. This is crucial for compliance with the 1998 Concession Management Improvement Act (54 U.S.C. §§ 101911–101926), which mandates safeguards for resource protection and reasonable profit opportunities. Specialized expertise is needed for objective assessments.",Concession franchise fees
701,IMR,Intermountain,JODR,"John D. Rockefeller, Jr., Memorial Parkway",park unit,"John D. Rockefeller, Jr., Memorial Parkway",44.0882,-110.7229,inferred from title or description,Prospectus Development for JODR002,Prospectus Development for JODR002,Concession franchise fees
702,PWR,Pacific West,JODA,John Day Fossil Beds National Monument,park unit,John Day Fossil Beds National Monument,44.5383,-119.6483,as listed,3D Scanner for making 3D models of museum objects,3D Scanner for making 3D models of museum objects; will need to discuss with IT,Park operations (ONPS)
703,PWR,Pacific West,JODA,John Day Fossil Beds National Monument,park unit,John Day Fossil Beds National Monument,44.5383,-119.6483,as listed,Design and Installation of Graphic Wrap on Park Mobile Visitor Center,Contract for design and installation of a graphic wrap on an 8' x20' cargo trailer to be used as a mobile visitor center by the park.,Park operations (ONPS)
704,PWR,Pacific West,JODA,John Day Fossil Beds National Monument,park unit,John Day Fossil Beds National Monument,44.5383,-119.6483,as listed,Rehabilitate Multipurpose Telnet Building - Title I,"Title I task order for AE design services for rehabilitation of the historic Multipurpose Telnet Building. Project includes rehabilitation the building exterior and interior; modernizing the mechanical, electrical, and plumbing systems; improving the building foundation; creating an accessible entry; and adding a fire suppression system.",Repair and rehabilitation
705,PWR,Pacific West,JOMU,John Muir National Historic Site,park unit,John Muir National Historic Site,37.9817,-122.1323,as listed,Tree Pruning at JOMU Gravesite,"Contractor will prune up to 3 trees and remove 1 tree. Pruning will include canopy reduction, thinning/cleaning of canopy.",Cultural cyclic maintenance
706,NER,Northeast,JOFL,Johnstown Flood National Memorial,park unit,Johnstown Flood National Memorial,40.3469,-78.7735,as listed,Monitor and Treat Lakebed Grounds,"This project will work to remove woody growth through the historic Lakebed and dam ruins. Areas of work include the spillway area containing approximately 0.34 acre, of which approximately 0.26 acre is wetlands; the wooded knoll and two historic dam abutments contain approximately 4 acres; the historic former lakebed basin contains approximately 55 acres f which approximately 9.43 acres is wetlands Work will be conducted via contractor and non-permanent day labor.",Cyclic maintenance
707,NER,Northeast,JOFL,Johnstown Flood National Memorial,park unit,Johnstown Flood National Memorial,40.3469,-78.7735,as listed,Repair and Repaint Unger House Siding and Trim,"This project will Replace, Repair, and Repaint the wood siding, trim, and windowsills of the Historic Unger House. This house is used year-round by visitors and is a main focal point of the viewshed. The park plans on using a combination of HPTC and Day labor to complete the project.",Cyclic maintenance
708,PWR,Pacific West,JOTR,Joshua Tree National Park,park unit,Joshua Tree National Park,33.8993,-115.9533,as listed,Paint Exterior Surfaces At Joshua Tree National Park,This PR will conduct painting of surfaces within Joshua Tree National Park to include the shade structure at HQ and The Susan Riley Luckie House.,Recreation fees (FLREA)
709,PWR,Pacific West,JOTR,Joshua Tree National Park,park unit,Joshua Tree National Park,33.8993,-115.9533,as listed,Purchase new firepits,This PR will purchase 150 new fire pits and 60 new picnic tables for install in various campsites within Joshua Tree National Park,Recreation fees (FLREA)
710,PWR,Pacific West,JOTR,Joshua Tree National Park,park unit,Joshua Tree National Park,33.8993,-115.9533,as listed,Replace 17 Wayside Exhibits at Backcountry Trailheads and Add New Wayside Exhibits at Cottonwood,"Through this project, we plan to replace 17 wayside exhibits at backcountry trailheads to update outdated information about getting wilderness permits and 3 waysides in the Cottonwood Springs area that are beyond their planned lifespan. We will also add three new interpretive wayside exhibits on the Mastodon Peak Loop to interpret the park's mining history and the natural landscape. The acquisition will involve the purchase of wayside exhibit bases for all wayside exhibits.",Recreation fees (FLREA)
711,PWR,Pacific West,JOTR,Joshua Tree National Park,park unit,Joshua Tree National Park,33.8993,-115.9533,as listed,Replace and Retrofit Compressed High Density Spacesaver Mobile System in Joshua Tree NP Museum Storage Facility,"The project would retrofit the legacy electronic and associated mechanical systems on the Park's three power assisted compressed high-density spacesaver mobile systems to a current system. Work would include removal of existing cabinets from carriages, remove old carriages, replace with new carriages, install new synchro-drive shafts on each carriage, install existing cabinets onto new carriages in original order, retrofit or new laminated end panels, removal of debris and clean up.",Cultural resources
712,PWR,Pacific West,KALA,Kalaupapa National Historical Park,park unit,Kalaupapa National Historical Park,21.1923,-156.9565,as listed,Condition Assessment to Replace Cesspools with Onsite Septic Systems,This effort is to conduct a condition assessment to evaluate the condition and code compliance of existing wastewater systems in Kalaupapa ahead of the Department of Health mandate to convert all cesspools and seepage pits to septic systems.,Repair and rehabilitation
713,PWR,Pacific West,KALA,Kalaupapa National Historical Park,park unit,Kalaupapa National Historical Park,21.1923,-156.9565,as listed,KALA Purchase New 22-Ton Diesel Rough Terrain Forklift,"Purchase a diesel powered it-down lift truck with 45,000 lbs. load capacity; 48-inch load center; short mass; and 4 Function Hydraulics -- Fork Positioning, Side Shift, Tilt and Lift. This forklift is essential to the daily operations of facilities management; loading and unloading of work trucks, cargo containers, freight planes and annual barge; and transporting heavy construction materials throughout the park.",To be determined
714,PWR,Pacific West,KALA,Kalaupapa National Historical Park,park unit,Kalaupapa National Historical Park,21.1923,-156.9565,as listed,KALA Purchase New Tire Changer and Wheel Balancer,"The purpose of this Scope of Work is to outline the requirements for the purchase, delivery, and installation of one Tire Changer and one Wheel Balancer to support the maintenance and repair operations of KALA. These equipment items are essential to ensure efficient tire service, improve safety, and extend the service life of fleet vehicles.",To be determined
715,AKR,Alaska,KATM,Katmai National Park and Preserve,park unit,Katmai National Park and Preserve,58.5105,-155.083,as listed,FY26 Annual Computer Replacement,Moving forward with our 5 year equipment replacement plan for IT needs. Plan on purchasing ~10laptop computers,Park operations (ONPS)
716,AKR,Alaska,KATM,Katmai National Park and Preserve,park unit,Katmai National Park and Preserve,58.5105,-155.083,as listed,FY26 Caribou Collaring Project,Dart and collar caribou for research in the park,To be determined
717,AKR,Alaska,KATM,Katmai National Park and Preserve,park unit,Katmai National Park and Preserve,58.5105,-155.083,as listed,FY26 KATM Radio Replacement,Need to upgrade about 10 radios to replace obsolete ones,Park operations (ONPS)
718,AKR,Alaska,KATM,Katmai National Park and Preserve,park unit,Katmai National Park and Preserve,58.5105,-155.083,as listed,FY26 ORV route design and assessment,Would like to contract professional services to conduct an assessment for an ORV route and design through the preserve.,To be determined
719,AKR,Alaska,KATM,Katmai National Park and Preserve,park unit,Katmai National Park and Preserve,58.5105,-155.083,as listed,FY26 Taser Replacement,Replace Tasers used in LE,Park operations (ONPS)
720,AKR,Alaska,KEFJ,Kenai Fjords National Park,park unit,Kenai Fjords National Park,59.8092,-150.2466,as listed,Replace Twin Outboard Engines for Park Landing Craft Vessel,Replace Twin Outboard Engines for Park Landing Craft Vessel,Park operations (ONPS)
721,SER,Southeast,KEMO,Kennesaw Mountain National Battlefield Park,park unit,Kennesaw Mountain National Battlefield Park,33.924,-84.589,as listed,FY26 Black Powder Purchase,Purchase of black powder for the 2026 Infantry demonstrations of the Historic Weapons program at Kennesaw Mountain NBP.,Other
722,SER,Southeast,KEMO,Kennesaw Mountain National Battlefield Park,park unit,Kennesaw Mountain National Battlefield Park,33.924,-84.589,as listed,Illinois Monument Rifle Repair and New Patina,Fabricate the end of the rifle barrel and the bayonet that is currently missing. The finished part will be made of silicon bronze in keeping with the style of the bronze figures and will seamlessly integrate with the sculpture. Remove all existing corrosion on the entire bronze monument and apply a new patina of a dark tone similar to the original patina observed in the historic photographs. The application of a new patina will preserve the surface of the bronze and will remove all corrosion pro,Repair and rehabilitation
723,SER,Southeast,KEMO,Kennesaw Mountain National Battlefield Park,park unit,Kennesaw Mountain National Battlefield Park,33.924,-84.589,as listed,Replace exterior lightning at VC and parking lot,"Replace exterior lightning at VC and parking lot This project is to install new LED lighting around the Visitor Center parking lot to provide more energy efficient lighting. Specifically, this project proposes the replacement of outdated and inefficient fixtures with state-of-the-art fixtures and retrofit kits. Replacing the lighting system will reduce the park€™s annual energy and maintenance costs, promote sustainability, and promote energy efficiency.",Other
724,PWR,Pacific West,KLMN,Klamath Inventory and Monitoring Network,"office, program, network, or trail","Ashland, Oregon",42.1885,-122.6904,as listed,Chlorophyll analyses for Klamath Network Integrated Water Quality and Aquatic Communities,"Analysis of algal biomass using chlorophyll concentrations of water quality samples. At each of 38 sites, field crews collect multiple samples of the water column for determining algal productivity.",Park operations (ONPS)
725,PWR,Pacific West,KLMN,Klamath Inventory and Monitoring Network,"office, program, network, or trail","Ashland, Oregon",42.1885,-122.6904,as listed,Macroinvertebrate Analysis for Aquatic Habitats of Klamath Network,Analysis of benthic macroinvertebrate samples for water bodies of the parks of the Klamath Network (So. Oregon and No. California). Analysis allows determination of ecological integrity and water quality. Price is based on 38 samples at $450 each.,Park operations (ONPS)
726,PWR,Pacific West,KLMN,Klamath Inventory and Monitoring Network,"office, program, network, or trail","Ashland, Oregon",42.1885,-122.6904,as listed,Zooplankton Analyses for Klamath Network Integrated Water Quality and Aquatic Communities,"In the summer, 2026, Klamath water quality crews will collect zooplankton samples for the analysis of water quality. We anticipate 38 samples being collected. For each samples, the type and number of zooplankton will be determined to determine water quality trends over time.",Park operations (ONPS)
727,AKR,Alaska,KLGO,Klondike Gold Rush National Historical Park,park unit,Klondike Gold Rush National Historical Park,59.6316,-135.2927,as listed,Copier Lease,Lease renewal for Xerox copier,Park operations (ONPS)
728,AKR,Alaska,KLGO,Klondike Gold Rush National Historical Park,park unit,Klondike Gold Rush National Historical Park,59.6316,-135.2927,as listed,Repair Climate Control System in Jeff Smith's Parlor Museum,"Repair and Replacement of system components, start-up and commissioning of HVAC Systems",Cyclic maintenance
729,AKR,Alaska,KLGO,Klondike Gold Rush National Historical Park,park unit,Klondike Gold Rush National Historical Park,59.6316,-135.2927,as listed,Repair Elevator at Pantheon Saloon,Repair personnel elevator to access the 2nd floor of the building,Cyclic maintenance
730,PWR,Pacific West,KLSE,"Klondike Gold Rush National Historical Park, Seattle Unit",park unit,"Seattle, Washington",47.5994,-122.3319,as listed,Renovate Museum Collection Storage,"This project will rehabilitate and modify the park€™s current collections storage room (CSR) to improve storage conditions and accommodate future, modest growth. A basement classroom will be merged with the existing CSR to enlarge the space, and environmental improvements will be made for controlling relative humidity, pest intrusion, and flood risks.",Repair and rehabilitation
731,MWR,Midwest,KNRI,Knife River Indian Villages National Historic Site,park unit,Knife River Indian Villages National Historic Site,47.353,-101.3837,as listed,"Replace carpet in KNRI Visitor Center ADMIN and Visitor Spaces, Repaint Interior Walls",Replace carpeting and paint interior walls in KNRI VC,Cyclic maintenance
732,AKR,Alaska,LACL,Lake Clark National Park and Preserve,park unit,Lake Clark National Park and Preserve,60.5886,-153.2619,as listed,Graphic Design,Graphic design to make book print files compliant with current software,Park operations (ONPS)
733,AKR,Alaska,LACL,Lake Clark National Park and Preserve,park unit,Lake Clark National Park and Preserve,60.5886,-153.2619,as listed,Purchase construction materials,"Purchase of bulk construction materials that may include lumber, paint and supplies, concrete, plumbing, electrical",Park operations (ONPS)
734,AKR,Alaska,LACL,Lake Clark National Park and Preserve,park unit,Lake Clark National Park and Preserve,60.5886,-153.2619,as listed,Purchase furniture and appliances,Purchase bulk furniture and appliances for housing,Park operations (ONPS)
735,AKR,Alaska,LACL,Lake Clark National Park and Preserve,park unit,Lake Clark National Park and Preserve,60.5886,-153.2619,as listed,Purchase laptops,"Purchase up to 15 laptops via the NASA/SEWP, UII code 010-000002538",Park operations (ONPS)
736,AKR,Alaska,LACL,Lake Clark National Park and Preserve,park unit,Lake Clark National Park and Preserve,60.5886,-153.2619,as listed,Purchase Two UTVs,"Purchase of two utility terrain vehicles, delivery to Port Alsworth, AK",Other
737,AKR,Alaska,LACL,Lake Clark National Park and Preserve,park unit,Lake Clark National Park and Preserve,60.5886,-153.2619,as listed,Replace Two Photovoltaic Systems,"Will include the design, purchase, and replacement of the existing photovoltaic system at two cabins along the Lake Clark NP coast. This will include photovoltaic panels, charge controller, inverter, solar mounts, batteries, and all necessary wiring, fuses, disconnects, panels, etc. This will standardize systems in backcountry cabins and will allow for a small generator to be connected to assist in charging the battery pack if needed.",Cultural cyclic maintenance
738,AKR,Alaska,LACL,Lake Clark National Park and Preserve,park unit,Lake Clark National Park and Preserve,60.5886,-153.2619,as listed,Winter Boat Vessel Charter,Winter boat vessel charter to support fisheries work in Tuxedni Bay.,Other
739,PWR,Pacific West,LAKE,Lake Mead National Recreation Area,park unit,Lake Mead National Recreation Area,36.2446,-114.3805,as listed,Demolition of Las Vegas Bay Launch Ramp Lift Station and Restroom,Demolition of abandoned comfort station and sewage lift station at Las Vegas Bay abandoned boat launch ramp. Return site to natural conditions and cap all utility connections.,Repair and rehabilitation
740,PWR,Pacific West,LAKE,Lake Mead National Recreation Area,park unit,Lake Mead National Recreation Area,36.2446,-114.3805,as listed,Flash Flood System Annual Maintenance,The establishment of an annual service maintenance schedule of the park's flash flood system located at the Cottonwood Cove and Willow Beach sites. These sites are susceptible to extreme flooding during the monsoon season which causes hazardous and unsafe conditions for visitors and staff. A proactive system the detects imminent flooding and sets off an alarm with a recorded verbal notice for people to vacate the area immediately. IT Spend Plan 1161,Park operations (ONPS)
741,PWR,Pacific West,LAKE,Lake Mead National Recreation Area,park unit,Lake Mead National Recreation Area,36.2446,-114.3805,as listed,Procurement of Conference Cameras and Option Year of Audio/Visual Equipment at the LAKE Water Safety Center,"Post procurement of Aver 4K Dual Lens PTZ Conferencing Camera (used for MS Teams) to complete the Water Safety Center renovation that was conducted in FY25. Monthly Preventative Maintenance Inspection service (monthly basis). Comprehensive audiovisual maintenance. Includes Technical Assistance Center (TAC) helpdesk phone support, part repair/replacement remediation service, software update & upgrade service, and emergency on-site service as outlined in SOW. IT Spend Plan #1059.",Park operations (ONPS)
742,PWR,Pacific West,LAKE,Lake Mead National Recreation Area,park unit,Lake Mead National Recreation Area,36.2446,-114.3805,as listed,Rehabilitate Echo Bay Restroom at Picnic Area,"This project will rehabilitate a 418-square-foot restroom at a remote picnic area in Lake Mead National Recreation Area (Asset ID 38963). Work includes full replacement of all plumbing and lighting fixtures, installation of new aluminum windows and metal doors, latex repainting of the interior, clay tile roof repair, and ADA accessibility upgrades to meet current standards.",Cyclic maintenance
743,PWR,Pacific West,LAKE,Lake Mead National Recreation Area,park unit,Lake Mead National Recreation Area,36.2446,-114.3805,as listed,Replace carpet and replace with flooring in NPS housing units,The park has several houses that have outdated and warn carpets in several housing units across Lake Mead. This project will provide the necessary materials and labor to remove the old carpet and replace with more durable flooring.,Park housing
744,PWR,Pacific West,LAKE,Lake Mead National Recreation Area,park unit,Lake Mead National Recreation Area,36.2446,-114.3805,as listed,Replace Housing Components for Quarters 402,"This project will consist of replacing housing building components for seasonal housing unit #402 at Boulder Beach. The components would be the internal of the housing unit which are passed there life cycle. The components would be; doors, doors hardware, interior painting on the ceiling and walls, plumbing fixtures, flooring, counter tops and light fixtures.",Cyclic maintenance
745,PWR,Pacific West,LAKE,Lake Mead National Recreation Area,park unit,Lake Mead National Recreation Area,36.2446,-114.3805,as listed,"Replace lighting, solar lighting, panels, and batteries for exterior lighting in Visitor Use","This project will replace numerous outdoor lighting to visitor use areas such as parking lots, boat ramps, trailheads, and various other areas. Several of these lights are at the end of their life expectancy and need to be replaced with more efficient LED lighting. Some areas are in need of replacement rechargeable batteries and solar panels. My of the locations in the park do not have commercial power available so these solar systems are key to safety especially during the winter months.",Park operations (ONPS)
746,PWR,Pacific West,LAKE,Lake Mead National Recreation Area,park unit,Lake Mead National Recreation Area,36.2446,-114.3805,as listed,Replace Trash Cans to Improve Visitor Experience,This project will replace 27 trash cans throughout Boulder Beach and Las Vegas Bay. Contract will be for procurement of the trash cans.,Cyclic maintenance
747,IMR,Intermountain,LAMR,Lake Meredith National Recreation Area,park unit,Lake Meredith National Recreation Area,35.6011,-101.7093,as listed,HVAC Repair and replacement,Aging HVAC repair and replacement,Park operations (ONPS)
748,IMR,Intermountain,LAMR,Lake Meredith National Recreation Area,park unit,Lake Meredith National Recreation Area,35.6011,-101.7093,as listed,LAMR crane repair,Maintenance compound crane,Park operations (ONPS)
749,IMR,Intermountain,LAMR,Lake Meredith National Recreation Area,park unit,Lake Meredith National Recreation Area,35.6011,-101.7093,as listed,Law enforcement building repairs,Drop ceiling and carpet repairs,Park operations (ONPS)
750,IMR,Intermountain,LAMR,Lake Meredith National Recreation Area,park unit,Lake Meredith National Recreation Area,35.6011,-101.7093,as listed,Remove Vegetation Along Paved Roadsides,"Purchase boom mower for tractor, contract out roadside mowing and guard rails. Two contracts",Park operations (ONPS)
751,PWR,Pacific West,LARO,Lake Roosevelt National Recreation Area,park unit,Lake Roosevelt National Recreation Area,47.9106,-118.351,as listed,Contract Tree Pruning and Removal at the Vacation Cabins,Contract Tree Pruning and Removal at the Vacation Cabins,Other
752,PWR,Pacific West,LARO,Lake Roosevelt National Recreation Area,park unit,Lake Roosevelt National Recreation Area,47.9106,-118.351,as listed,LARO Vacation Cabin Sherman Homes Two Water Wells Dug,Two water wells to be dug for up to eight private recreational seasonal vacation cabins at Sherman Homes located in Ferry County located in Lake Roosevelt National Recreation Area.,Other
753,PWR,Pacific West,LAVO,Lassen Volcanic National Park,park unit,Lassen Volcanic National Park,40.4971,-121.4046,as listed,"LAVO Supply, Install Intrusion Alarms is ready for review and approvals.","Lassen Volcanic National Park€™s Facilities Management Division, in cooperation with Park Law Enforcement has a requirement for the supply and service installation of a new intrusion alarm systems with monitoring services necessary to protect eight Park Administrative Buildings.",Park operations (ONPS)
754,PWR,Pacific West,LAVO,Lassen Volcanic National Park,park unit,Lassen Volcanic National Park,40.4971,-121.4046,as listed,Re-Paint Structures at Crossroads Rest Area for Public Enjoyment,"This project shall prepare and paint exterior surfaces of the comfort station and associated structures at the Crossroads Rest Area at the intersection of Ca. State Hwys. 44 and 89 at the Manzanita Lake entrance to LAVO. The project itself is under funded. I will obtain the necessary funding once I have the figures dialed with my IGE but I suspect the project to be closer to $60,000.00",Cyclic maintenance
755,MWR,Midwest,LECL,Lewis and Clark National Historic Trail,park unit,Lewis and Clark National Historic Trail,40.6641,-95.8321,as listed,Native plant species color botanical drawings,Contract an artist to do 10 color drawings of botanical native plants of species found in the native garden. This project is part of the Omaha Ethnobotany project to highlight traditional plant uses of the Omaha people.,Park operations (ONPS)
756,PWR,Pacific West,LEWI,Lewis and Clark National Historical Park,park unit,Lewis and Clark National Historical Park,46.2875,-124.0658,as listed,Demolish Alder Creek Road and Alder Creek Storage Barn & Storage Barn Landscape,"This project includes Decommission and demolition of upper Alder Creek Road, Alder Creek Storage Barn and Storage Barn Landscape. These assets were acquired by the NPS in 2006 as part of as greater restoration project that transitioned the original farm back into a tidal wetland by removing the tide gates.",Cyclic maintenance
757,PWR,Pacific West,LEWI,Lewis and Clark National Historical Park,park unit,Lewis and Clark National Historical Park,46.2875,-124.0658,as listed,Replace and Refurbished Park Gate Components,"The project will accomplish replacement and installation of two new electric gates. Work will include replacing 2 total gates and repurposing usable footings and complete refurbishment two gates with new wooden top rail gate components and performing maintenance to posts, latches and hinges.",Cyclic maintenance
758,PWR,Pacific West,LEWI,Lewis and Clark National Historical Park,park unit,Lewis and Clark National Historical Park,46.2875,-124.0658,as listed,Replace Cedar Plank Roof On South Structure of Fort Clatsop Replica,"Replace the failing roof cedar plank roof on South structure of Fort Clatsop replica. This project includes replacement the 2,400 square foot (SF) cedar plank roof and incorporates the install of a 50 year PVC rubber roof underlayment, including 300 lineal foot of metal flashing drip edge and 300 lineal foot of hand chiseled cedar overhang drip trim. This project include removal of all rotted plywood, cedar ceiling boards and repair of all damaged structural timbers.",Other
759,PWR,Pacific West,LEWI,Lewis and Clark National Historical Park,park unit,Lewis and Clark National Historical Park,46.2875,-124.0658,as listed,Replace Signage for Seven Waysides at Fort Clatsop and Netul Landing,"Funding for this project will result in the replacement and updating of seven existing park wayside exhibits panels and bases at Fort Clatsop replica and historic canoe landing and Netul Landing units of Lewis and Clark National Historical Park. Three high pressure laminate 36-inch by 24-inch panels and four high pressure laminate 42-inch X 24-inch panels. Fonts, text sizes and background contrasts will be updated to comply with applicable media accessibility standards.",Other
760,PWR,Pacific West,LEWI,Lewis and Clark National Historical Park,park unit,Lewis and Clark National Historical Park,46.2875,-124.0658,as listed,Replacing and Updating Middle Village-Station Camp Waysides Exhibits,Funding for this project will result in the replacement and updating of thirty-one existing park wayside exhibits panels and bases at the Middle Village-Station Camp (MVSC.) There are a variety of sizes and shapes of wayside panels at MVSC. All the wayside exhibit panels are high pressure laminate and phenolic sheet panels. The panels range from 60-inch by 2-inch upright to round 31-inch diameter panels to 175-inch wave shape panel. Some of the bases are wooden and will need to be replaced.,Other
761,MWR,Midwest,LIHO,Lincoln Home National Historic Site,park unit,Lincoln Home National Historic Site,39.7972,-89.6451,as listed,Replace Geothermal Heat Pump Unit at Rosenwald House,This project will consist of replacing two five-ton self-contained geothermal heat pump/air handling units at the Rosenwald House with new units.,Cultural cyclic maintenance
762,IMR,Intermountain,LIBI,Little Bighorn Battlefield National Monument,park unit,Little Bighorn Battlefield National Monument,45.5654,-107.4277,as listed,Maintain Critical Supply of Park Ungird Brochures for Distribution to Park Visitors.,"Purchase 300,000 much needed Ungird brochures provide critical safety, orientation, and interpretive information to thousands of park visitors each year.",Park operations (ONPS)
763,IMR,Intermountain,LIBI,Little Bighorn Battlefield National Monument,park unit,Little Bighorn Battlefield National Monument,45.5654,-107.4277,as listed,Replace 6 Metal Waysides with Stone Waysides.,"Upgrade Weir Point Wayside upright, Sharpshooter Ridge Wayside upright, Indian Encampment Wayside upright, Deep Coulee Wayside upright, Medicine Tail Ford Wayside upright, Medicine Tail Coulee Wayside upright to stone. Replace Porcelain Sign Indian Encampment, Porcelain Sign Deep Coulee, Porcelain Sign Medicine Tail Ford, Porcelain Sign Medicine Tail Coulee, Porcelain Sign Sharpshooter Ridge, Porcelain Sign Weir Point Replace six metal wayside stands continuously damaged by horses with a more",Recreation fees (FLREA)
764,IMR,Intermountain,LIBI,Little Bighorn Battlefield National Monument,park unit,Little Bighorn Battlefield National Monument,45.5654,-107.4277,as listed,Wayside Sign Replacements Project Level Add-on Costs,"This component will cover compliance, predesign and design costs.",Recreation fees (FLREA)
765,MWR,Midwest,CHSC,Little Rock Central High School National Historic Site,park unit,Little Rock Central High School National Historic Site,34.7373,-92.2998,as listed,Little Rock Nine Educational Immersion Training,"Immersive educational activity specifically designed to educate the general public on the lives of the Little Rock Nine, historical events that led to the 1957 desegregation of Little Rock Central High School, and the impact of this history in the world beyond. The project will first be uniquely designed for the site's history and then the trainer will train the staff at CHSC how to execute the activity for the general public as well as school groups.",Park operations (ONPS)
766,MWR,Midwest,CHSC,Little Rock Central High School National Historic Site,park unit,Little Rock Central High School National Historic Site,34.7373,-92.2998,as listed,Replace Bathroom Partitions and door opener to meet ADA,"CHSC is replacing bathroom partitioner and automatic door openers to meet ADA compliancy requirements. The project will include six stall partitioners, new hardware, and equipment for replacement for stalls and doors",Concession franchise fees
767,NER,Northeast,LONG,Longfellow House-Washington's Headquarters National Historic Site,park unit,Longfellow House-Washington's Headquarters National Historic Site,42.377,-71.1264,as listed,Conserve Japanese Hanging Scrolls,Conservation services to stabilize and repair thirteen (13) nineteenth century Japanese hanging scrolls.,Cultural cyclic maintenance
768,NER,Northeast,LOWE,Lowell National Historical Park,park unit,Lowell National Historical Park,42.6454,-71.3124,as listed,Rehabilitate Mogan Cultural Center Bathrooms,"The project rehabilitates visitor restrooms in the Mogan Cultural Center (Boott Cotton Mills Boarding House #7) first and second floors, correcting deficiencies including accessibility barriers.",Repair and rehabilitation
769,IMR,Intermountain,LYJO,Lyndon B. Johnson National Historical Park,park unit,Lyndon B. Johnson National Historical Park,30.2516,-98.6251,as listed,Extend Cooled Chiller Rental (Jan 2026 through May 2026),Extend Cooled Chiller Rental (Jan 2026 through May 2026),Park operations (ONPS)
770,IMR,Intermountain,LYJO,Lyndon B. Johnson National Historical Park,park unit,Lyndon B. Johnson National Historical Park,30.2516,-98.6251,as listed,FY24 Pavement Preservation Project,"Perform crack sealing, patching, surface treatments, and restripe all eligible Functional Class 1,2 park roads and parking areas as identified under the FLTP Category I – 3R pavement preservation program.",Other
771,IMR,Intermountain,LYJO,Lyndon B. Johnson National Historical Park,park unit,Lyndon B. Johnson National Historical Park,30.2516,-98.6251,as listed,"Install Climbing Ladder, Inspect, Maintain and Paint Communications Tower","This project includes analyzing tower legs with a D-meter to measure thickness of steel. Replace lightening rod if necessary. Grade soil away from anchors. Plumb and tension tower. Check for loose bolts and tighten. The grounding system and other structural components will be inspected and treated for rust as necessary. Prune trees. This project also includes installing a 6-foot high, 400 linear foot security fence with two double gates around the tower to protect access to sensitive equipment.",Cyclic maintenance
772,IMR,Intermountain,LYJO,Lyndon B. Johnson National Historical Park,park unit,Lyndon B. Johnson National Historical Park,30.2516,-98.6251,as listed,LYJO Event Center HVAC Replacement,Replace Standard 14 Series 1.5 Ton Ameristar Heat Pump System,Park operations (ONPS)
773,IMR,Intermountain,LYJO,Lyndon B. Johnson National Historical Park,park unit,Lyndon B. Johnson National Historical Park,30.2516,-98.6251,as listed,LYJO ORKIN Pest Control,"Provide routine, preventive pest control services for government-owned buildings, including historic structures and sensitive facilities, using Integrated Pest Management (IPM) practices.",Park operations (ONPS)
774,IMR,Intermountain,LYJO,Lyndon B. Johnson National Historical Park,park unit,Lyndon B. Johnson National Historical Park,30.2516,-98.6251,as listed,MAT: Rebuild Windmill Tower and Install Windmill,"Rehabilitate the windmill tower, replacing defective or deteriorated elements in kind as needed to ensure Visitor and Staff safety in the immediate vicinity when the dynamic load of the windmill is in place. The work associated with this includes, disconnecting the tower from the 4 Ashe Juniper ground legs and lifting the tower up and over to the side in order to dig up and replace the ground legs.",Legacy Restoration Fund (GAOA)
775,IMR,Intermountain,LYJO,Lyndon B. Johnson National Historical Park,park unit,Lyndon B. Johnson National Historical Park,30.2516,-98.6251,as listed,RCM: Paint Exterior of the Junction School,Paint the exterior of the Junction School 14679533-Paint metal exterior of the Junction School,Cyclic maintenance
776,IMR,Intermountain,LYJO,Lyndon B. Johnson National Historical Park,park unit,Lyndon B. Johnson National Historical Park,30.2516,-98.6251,as listed,RCM: Rehabilitate Settlement Trail Bridges,"This project is for three bridges along the settlement trail. Work consists of replace approximately 560 S.F. of rough sawn 2x6 wood decking on a steel bridge, replacing approximately 140 S.F. of rough sawn 2x6 wood decking and cedar hand rails on wood framed bridge and replacing approximately 100 S.F. of round cedar poles covered with fabric and 6"" of gravel with stone edging.",Cyclic maintenance
777,IMR,Intermountain,LYJO,Lyndon B. Johnson National Historical Park,park unit,Lyndon B. Johnson National Historical Park,30.2516,-98.6251,as listed,Repair & Replace Pump for Martin Well,The Martin Well pump needs to be repaired / replaced as it is no longer operational.,Park operations (ONPS)
778,IMR,Intermountain,LYJO,Lyndon B. Johnson National Historical Park,park unit,Lyndon B. Johnson National Historical Park,30.2516,-98.6251,as listed,Replace Roof on Settlement Cabin,Replace approximately 2024 S.F. of Cedar Shake Roof on the c. 1867 S.E. Johnson Settlement Cabin. (241282) Replace approx. 2400 S.F. of Cedar Shake Roof Historic Barn at Settlement. (241283) Rehabilitate Stone Walls at Settlement.,Cyclic maintenance
779,IMR,Intermountain,LYJO,Lyndon B. Johnson National Historical Park,park unit,Lyndon B. Johnson National Historical Park,30.2516,-98.6251,as listed,Update Fire Alarm Systems in Park Housing Units,"The project aims to Update Fire Alarm System in Park Housing Units. Presently, the systems are extremely outdated and associated components are obsolete.",To be determined
780,NER,Northeast,MAWA,Maggie L. Walker National Historic Site,park unit,Maggie L. Walker National Historic Site,37.5474,-77.4367,as listed,Perform Structural and Cosmetic Repairs on Historic Buildings,"Preserve, repair and replace interior and exterior, structural and non-structural features at the Maggie L. Walker NHS. Exterior work includes masonry pointing and repair, window sash, siding and porch repairs. Interior work includes plaster repair, wood trim repair, water damage repair and painting.",Repair and rehabilitation
781,NER,Northeast,MAWA,Maggie L. Walker National Historic Site,park unit,Maggie L. Walker National Historic Site,37.5474,-77.4367,as listed,Preservation of Historic Doors and Windows of Maggie Walker House,"The purpose of this project is to perform preservation to the existing Maggie Walker House and Carriage House exterior envelope through component renewal of ten exterior doors and 60 windows. The work will include Repair Class I: routine maintenance, Repair Class II: Stabilization and minimal Repair Class III: parts repair and replacement. It will also include CLASS II Exterior Surface Conditions Generally Requiring Limited Paint Removal. All work will be completed by contract.",Cyclic maintenance
782,NER,Northeast,MAWA,Maggie L. Walker National Historic Site,park unit,Maggie L. Walker National Historic Site,37.5474,-77.4367,as listed,Replace Wallpapers (previously fabricated) in the Historic Maggie L. Walker House,"This project seeks to complete recommendations from the MAWA Historic Furnishings Report and Wallpaper Reproduction Project (Research #227120C, Fabrication 227120B). Project will use contractors to professionally remove damaged and inaccurate ceiling & wallpapers; and to carefully install newly reproduced papers in five of the furnished rooms including some of the most thematically important spaces in the home: Maggie Walker’s library, dining room, den, and bedroom suite.",Cyclic maintenance
783,SER,Southeast,MACA,Mammoth Cave National Park,park unit,Mammoth Cave National Park,37.1886,-86.1203,as listed,MACA - Cyclic Maintenance and Update of Dangerous and Rapidly Deteriorating Historic Entrance Stairs,"Design Cyclic Maintenance of Dangerous and Rapidly Deteriorating Historic Entrance Stairs. Work includes the following: •Mil unusable step surfaces, to create mating surface for new concrete to mount to. •Repoint steps as needed. •Resurface/ pour concrete as needed to fill cracks, and repair chipped/ broken steps. •Revealing full length of existing heating element. •Assessing whether or not existing heating element is usable and/or fixable. •AS NECESSARY: Purchase and modification of new heating",Cyclic maintenance
784,SER,Southeast,MACA,Mammoth Cave National Park,park unit,Mammoth Cave National Park,37.1886,-86.1203,as listed,MACA - Cyclic Painting of Facility Exteriors + Interior,"This project for FY26 includes interior and exterior painting of non-public use buildings. This project entails the repainting of approximately 12,000 square feet of interior walls and ceilings across five staff office facilities and the 10,000 square feet of exterior of these same buildings. The work involves surface preparation, application of high-quality, environmentally friendly paint, and ensuring a professional finish to maintain the aesthetic and structural integrity of these buildings.",Cyclic maintenance
785,SER,Southeast,MACA,Mammoth Cave National Park,park unit,Mammoth Cave National Park,37.1886,-86.1203,as listed,MACA - Cyclic Replacement of Facility Interior Secondary Windows,"The primary objective of this project is to address the issues posed by the existing glass secondary windows, which fail to provide adequate insulation and protection against cold air infiltration. To remedy this problem, the project will focus on replacing the current 13 secondary windows and frames with energy-efficient solutions. This upgrade aims to enhance thermal comfort, reduce energy consumption, and improve overall office conditions within the Facility Management Division.",Cyclic maintenance
786,SER,Southeast,MACA,Mammoth Cave National Park,park unit,Mammoth Cave National Park,37.1886,-86.1203,as listed,MACA - Design - Upgrade The Outlying Cave Security System At Mammoth Cave National Park,"This project provides for the improvement of the cave security system through the purchase and installation of computer software that integrates the sensors with the park’s current radio system that auto dials 24/7 dispatch to alert law enforcement of gate breaches. The system will comprise of remote cave access monitoring stations, a base station at the radio tower and control room equipment.",Repair and rehabilitation
787,SER,Southeast,MACA,Mammoth Cave National Park,park unit,Mammoth Cave National Park,37.1886,-86.1203,as listed,"MACA - Develop Sign Plan and Replace Deteriorated Signs for Park Roads, Trails, and Grounds","Design to This project entails the creation of a sign plan for Mammoth Cave National Park and the replacement of deteriorated over 300 signs and associated posts. This includes the following elements: 1. Inventory all existing signs along road, trails, and grounds. 2. Verify the inventory of existing signs with the information in FMSS. Where needed, update the asset information within the Facility Management Software System. 3. Develop a GIS/AutoCAD database of all existing signs.",Repair and rehabilitation
788,SER,Southeast,MACA,Mammoth Cave National Park,park unit,Mammoth Cave National Park,37.1886,-86.1203,as listed,MACA - Emergency Stabilization Of The Riverbank Underneath Echo River Springs Bridge,This project entails the emergency and long-term stabilization of the streambank adjacent to the left abutment underneath the Echo River Pedestrian Bridge. The work entails: -Long term stabilization of the streambank,Recreation fees (FLREA)
789,SER,Southeast,MACA,Mammoth Cave National Park,park unit,Mammoth Cave National Park,37.1886,-86.1203,as listed,MACA - Inventory Archaeological Collections from 17 Sites for NAGPRA Consultation,"Prepare an inventory of archeological items in NPS collections from 17 sites in consultation with federally recognized Tribes to determine if items are subject to NAGPRA as funerary objects. In consultation with the tribes, we will determine whether any of the objects are appropriate for scanning before repatriation. The project will allow us to arrange for repatriation of funerary objects with ancestors.",Cultural resources
790,SER,Southeast,MACA,Mammoth Cave National Park,park unit,Mammoth Cave National Park,37.1886,-86.1203,as listed,MACA - Prepare Historic Structure Report for Maple Springs Residence (Bldg. 21) and Office (Bldg. 22),"An HSR is the guiding treatment document for preservation and management of historic structures. Constructed in 1942 by the CCC, Bldgs. 21 & 22 were listed on the National Register of Historic Places in 1991. There is no documentation or guidance in place to inform the proposed work on these National Register listed properties. Rehabilitation work on these structures is currently scheduled for Repair/Rehab funding in FY2019 (PMIS 217853). A complete HSR is needed to inform park management",Cultural resources
791,NCR,National Capital,MANA,Manassas National Battlefield Park,park unit,Manassas National Battlefield Park,38.8317,-77.5219,as listed,MANA Fence Line Mowing& Trimming Services,"Mod for Option Year 1, Contract no. 140P3025C0008",Not specified
792,NCR,National Capital,MANA,Manassas National Battlefield Park,park unit,Manassas National Battlefield Park,38.8317,-77.5219,as listed,Manassas National Battlefield Park Trash Collection and Disposal,"Provide service for MANA Trash/Recycle and Roll Off Collection and Disposal. All trash/recycle, and on call roll off dumpster service is collected from one location at the maintenance yard. The service is provided on a weekly basis for trash and recycled products. Roll off dumpster service is provided as an on call service approximately 4-6 times per year. MANA would like to have these services combined under a contract on a firm fixed price, with option year(s) contract.",Not specified
793,NCR,National Capital,MANA,Manassas National Battlefield Park,park unit,Manassas National Battlefield Park,38.8317,-77.5219,as listed,Prepare Park Wide Cultural Landscape Report for Manassas National Battlefield Park,Prepare Park Wide Cultural Landscape Report for Manassas National Battlefield Park,Not specified
794,NCR,National Capital,MANA,Manassas National Battlefield Park,park unit,Manassas National Battlefield Park,38.8317,-77.5219,as listed,Rehab Failing Elements of the Historic Henry House,"Inquire a firm with experience in historic preservation and expertise in Rehabbing Failing Elements of the Historic Henry House that includes the Chimney, Fireplace hearth, Window Sashes, trim/frames, Doors, and exterior siding.",Not specified
795,NCR,National Capital,MANA,Manassas National Battlefield Park,park unit,Manassas National Battlefield Park,38.8317,-77.5219,as listed,Remove or Prune Hazardous and Diseased Trees FY-26,"The park intends to contract an arborist service to remove or prune hazardous trees and implement measures that preserve historic landscapes and trail systems, addressing conditions that threaten the safety of visitors as well as the integrity of cultural and natural resources.",Not specified
796,NCR,National Capital,MANA,Manassas National Battlefield Park,park unit,Manassas National Battlefield Park,38.8317,-77.5219,as listed,RESURFACE DETERIORATED VISITOR USE PARKING AREAS,"Correct paved surface deficiencies according to treatments recommended by Federal Highways Cycle 6 inspection report of January 2019. Approximately 96,659 Square Feet of popular Visitor Parking Areas will be milled and resurfaced and remarked at key interpretive stops located throughout Manassas National Battlefield Park. Two culverts will be installed at the Stone House Parking Area and the Rosefield Parking Area",Not specified
797,NCR,National Capital,MANA,Manassas National Battlefield Park,park unit,Manassas National Battlefield Park,38.8317,-77.5219,as listed,"RESURFACE DETERIORATED VISITOR USE PARKING AREAS Stone Bridge Parking, Stone House parking","Correct paved surface deficiencies according to treatments recommended by Federal Highways Cycle 6 inspection report of January 2019. A total of 96,659 Square Feet of popular Visitor Parking Areas will be milled and resurfaced and remarked at five key interpretive stops located throughout Manassas National Battlefield Park. Two culverts will be installed at the Stone House Parking Area and the Rosefield Parking Area.",Not specified
798,NCR,National Capital,MANA,Manassas National Battlefield Park,park unit,Manassas National Battlefield Park,38.8317,-77.5219,as listed,"RESURFACE DETERIORATED VISITOR USE PARKING AREAS Stone Bridge Parking, Stone House parking","Correct paved surface deficiencies according to treatments recommended by Federal Highways Cycle 6 inspection report of January 2019. A total of 96,659 Square Feet of popular Visitor Parking Areas will be milled and resurfaced and remarked at five key interpretive stops located throughout Manassas National Battlefield Park. Two culverts will be installed at the Stone House Parking Area and the Rosefield Parking Area.",Repair and rehabilitation
799,SER,Southeast,MALU,"Martin Luther King, Jr., National Historical Park",park unit,"Martin Luther King, Jr., National Historical Park",33.7549,-84.3717,as listed,Big Belly Trash Compactors,Donation funded to provide additional Big Belly Solar Trash Compactors for parkwide operations and installation,Other
800,SER,Southeast,MALU,"Martin Luther King, Jr., National Historical Park",park unit,"Martin Luther King, Jr., National Historical Park",33.7549,-84.3717,as listed,"Catalog Backlog Archives at Martin Luther King, Jr.","Professional archival survey of all park offices and facilities, the creation of a processing plan outlining measures necessary to ensure conservation and access to a new museum collection of park resource management records, pickup of collections materials, records appraisal, hands-on conservation and rehousing, inventorying and description, collection cataloging, and return of all materials to MALU’s Curatorial Facility for long-term storage.",Cultural cyclic maintenance
801,SER,Southeast,MALU,"Martin Luther King, Jr., National Historical Park",park unit,"Martin Luther King, Jr., National Historical Park",33.7549,-84.3717,as listed,"Ethnographic Overview and Assessment for Martin Luther King, Jr. NHP","Complete an Ethnographic Overview and Assessment for the Martin Luther King, Jr. National Historical Park in Atlanta, GA. The EOA will include oral history data, descriptions of historical and contemporary resource use, a bibliography of ethnohistorical and ethnographical information, and recommendations for further studies. Project methods will include review and analysis of existing historical and ethnographic literature and archival documentation, and fieldwork including interviews with key c",Cultural resources
802,SER,Southeast,MALU,"Martin Luther King, Jr., National Historical Park",park unit,"Martin Luther King, Jr., National Historical Park",33.7549,-84.3717,as listed,Graphics Art Wrap for Solar Trash Compactors,Donation Funded Graphic Art Wrap for Solar Trash Compactors,Other
803,SER,Southeast,MALU,"Martin Luther King, Jr., National Historical Park",park unit,"Martin Luther King, Jr., National Historical Park",33.7549,-84.3717,as listed,Perform Conservation Treatment on King Family Home Collection Objects,"This project will contract conservation treatment for approximately 50 objects made up of various materials that were recently acquired in 2019, and part of the Martin Luther King, Jr. National Historical Park’s museum collection. The objects date to the 1964-1972 period of significance for the home—when the King Family purchased the home through the year the King Center for Nonviolent Social Change was created and ran out of the home basement.",Cultural cyclic maintenance
804,SER,Southeast,MALU,"Martin Luther King, Jr., National Historical Park",park unit,"Martin Luther King, Jr., National Historical Park",33.7549,-84.3717,as listed,Prepare a Historic Furnishings Report for the SCLC Offices in the Prince Hall Masonic Lodge,"A historic furnishings report (HFR) is needed to provide park leadership with important management recommendations for historically accurate furnishings in the SCLC Offices. The HFR will be used to make determinations regarding the proper use and management of historic furnishings at the property, guide acquisition and accession of related museum objects, and develop a comprehensive installation plan. An accurately curated exhibit space is critical to the restoration and interpretation of SCLC o",Cultural resources
805,SER,Southeast,MALU,"Martin Luther King, Jr., National Historical Park",park unit,"Martin Luther King, Jr., National Historical Park",33.7549,-84.3717,as listed,"Replicate new window treatments for the Birth Home of Martin Luther King, Jr.",Reproduction window curtains based on 1929 Sears & Roebuck Catalog for 34 total windows (double paneled) within the Birth Home. Includes hardware reproduction and rolling shades.,Other
806,IMR,Intermountain,MEVE,Mesa Verde National Park,park unit,Mesa Verde National Park,37.2535,-108.4556,as listed,Fabricate Information Desk and Benches for Museum,"This project will design and fabricate new custom furniture for the Mesa Verde Museum to support visitor services and maintain visual continuity with the historic character of the building. The scope includes one information desk, two chairs, and five small benches, all inspired by and replicating the design of the museum€™s historic benches.",Park operations (ONPS)
807,IMR,Intermountain,MEVE,Mesa Verde National Park,park unit,Mesa Verde National Park,37.2535,-108.4556,as listed,Historical Research Services,"Conduct professional historical research. Tasks include archival research, evaluation of historic sites, and preparation of detailed reports documenting findings. Work will support compliance with federal regulations, including Section 106 of the National Historic Preservation Act. Deliverables include research reports, supporting documentation, and summaries suitable for submission to federal or state historic preservation offices.",Park operations (ONPS)
808,IMR,Intermountain,MEVE,Mesa Verde National Park,park unit,Mesa Verde National Park,37.2535,-108.4556,as listed,Invasive Plant Removal,Removal and control invasive plants in Mesa Verde National Park on up to 200 acres using chemical and mechanical methods.,Recreation fees (FLREA)
809,IMR,Intermountain,MEVE,Mesa Verde National Park,park unit,Mesa Verde National Park,37.2535,-108.4556,as listed,Purchase Handheld LiDAR Scanner,"Procure one hand-held LiDAR scanning unit to support cultural resource documentation, site condition assessments, and 3D mapping of historic structures and landscapes. The unit will enable staff to efficiently capture high-resolution geospatial data in the field for compliance, research, and preservation projects.",To be determined
810,IMR,Intermountain,MEVE,Mesa Verde National Park,park unit,Mesa Verde National Park,37.2535,-108.4556,as listed,Purchase variable message board to improve visitor safety and communication,"Purchase a variable message board on trailer to convey important messages to park visitors for safety improvement such as Wildland fire activity, prescribed burns, construction, weather and road conditions, etc...",Park operations (ONPS)
811,IMR,Intermountain,MEVE,Mesa Verde National Park,park unit,Mesa Verde National Park,37.2535,-108.4556,as listed,Spruce Tree House Arch Stabilization- Title III and Construction Management,This contract provides construction management services and Title III (A/E) service during the construction phase of the Project #230751A. This is essential to the safe and timely execution of the construction and stabilization of the Spruce Tree House Cliff Dwelling at MEVE.,Concession franchise fees
812,IMR,Intermountain,MEVE,Mesa Verde National Park,park unit,Mesa Verde National Park,37.2535,-108.4556,as listed,Taser 7 Purchase,"Purchase Taser 7 and associated equipment to provide LE Rangers with updated duty gear, needed to perform LE duties and provide for the safety of the public and officers.",Park operations (ONPS)
813,MWR,Midwest,MWRO,Midwest Regional Office,"office, program, network, or trail","Omaha, Nebraska",41.2649,-95.9245,as listed,Complete CLR for Virginia Kendall State Park Historic District including the VK Reserve,"Project will utilize MWRO IDIQ for AE Services. The project will complete a Cultural Landscape Report (CLR) for Cuyahoga Valley National Park, focusing on the Virginia Kendall State Park Historic District. The CLR will build upon the 2009 Cultural Landscape Inventory with updated research and condition assessments. Treatment recommendations will guide long-term landscape management. The CLR will also help prioritize actions addressing deferred and ongoing maintenance needs.",Cultural resources
814,MWR,Midwest,MWRO,Midwest Regional Office,"office, program, network, or trail","Omaha, Nebraska",41.2649,-95.9245,as listed,Complete Cultural Landscape Report for River Raisin National Battlefield Park,"Project will utilize MWRO IDIQ for AE Services. The project will complete a Cultural Landscape Report (CLR) for River Raisin National Battlefield Park to expand baseline documentation and guide rehabilitation of the battlefield landscape. The CLR will inform invasive exotic plant control, management of Masons Run, and compatible design for a bridge replacement project, with partner/stakeholder engagement for informing cultural significance.",Cultural resources
815,MWR,Midwest,MWRO,Midwest Regional Office,"office, program, network, or trail","Omaha, Nebraska",41.2649,-95.9245,as listed,MWRO Environmental Audits,MWR Environmental Audits - Various Parks within Midwest Region that require environmental auditing.,Other
816,SER,Southeast,MISP,Mill Springs Battlefield National Monument,park unit,Mill Springs Battlefield National Monument,37.057,-84.7375,as listed,A&E Design & Project Documentation,"Demolition & Removal: -Decommission and safely abandon existing geothermal wells and associated piping in accordance with EPA well abandonment guidelines and Kentucky state environmental regulations. -Remove existing geothermal heat pumps, distribution piping, circulation pumps, and control systems. Installation of New Conventional HVAC System: -Provide and install packaged high-efficiency gas/electric rooftop units (RTUs) or split system air handlers with condensers sized appropriately for 9,7",Repair and rehabilitation
817,SER,Southeast,MISP,Mill Springs Battlefield National Monument,park unit,Mill Springs Battlefield National Monument,37.057,-84.7375,as listed,"Baseline document: Prepare Cultural Landscape Report of Mill Springs Battlefield with CLI, FMSS, GIS","Provides baseline documents for new park. This project will complete a Cultural Landscape Report (CLR) and Cultural Landscape Inventory (CLI) for the Mill Springs Battlefield and Encampment, in addition to FMSS, GIS, and IRMA data. The baseline documents will help the park plan new recreational opportunities while preserving the integrity of the landscape. The CLR will follow the format and contents in the Guide to CLRs, including Part I: Site History, Existing Conditions, Analysis and Evaluation",Cultural resources
818,SER,Southeast,MISP,Mill Springs Battlefield National Monument,park unit,Mill Springs Battlefield National Monument,37.057,-84.7375,as listed,Black Powder Acquisition for Living History - Historic Weapons Demonstration Programming,"Mill Springs Battlefield NM conducts blank firing demonstrations of a 19th century cannon and 18th/19th century small arms musket as part of the regular interpretive and educational services as well as in park special events such as Memorial Day and July 4th commemorations and living history events. Therefore, the need and necessary facilities to store black powder. Director's Orders, DO-6, Chapter XX 1.3: The use of black powder in NPS programs is restricted to potassium",Park operations (ONPS)
819,SER,Southeast,MISP,Mill Springs Battlefield National Monument,park unit,Mill Springs Battlefield National Monument,37.057,-84.7375,as listed,MISP Purchase Cannon for Historic Weapons Demonstrations and Interpretation,This project will produce a reproduction Civil War era cannon and carriage for Mill Springs Battlefield National Monument. The funding will cover the manufacturing of the bronze cannon and wooden carriage for historic weapons demonstrations. Also included in this project costs are a wooden limber carriage and chest for required safety storage and implements.,Recreation fees (FLREA)
820,SER,Southeast,MISP,Mill Springs Battlefield National Monument,park unit,Mill Springs Battlefield National Monument,37.057,-84.7375,as listed,Purchase Cannon for Historic Weapons Demonstrations and Interpretation,This project will produce a reproduction Civil War era cannon and carriage for Mill Springs Battlefield National Monument. The funding will cover the manufacturing of the bronze cannon and wooden carriage for historic weapons demonstrations. Also included in this project costs are a wooden limber carriage and chest for required safety storage and implements.,Recreation fees (FLREA)
821,SER,Southeast,MISP,Mill Springs Battlefield National Monument,park unit,Mill Springs Battlefield National Monument,37.057,-84.7375,as listed,Re-Stripe Visitor Center Parking,Re-Stripe Visitor Center Parking. Restripe all parking lots to improve the visibility and utilization of parking locations. The existing asphalt is in good condition however the striping has faded making it difficult for visitors to determine parking spots.,Cyclic maintenance
822,SER,Southeast,MISP,Mill Springs Battlefield National Monument,park unit,Mill Springs Battlefield National Monument,37.057,-84.7375,as listed,Update Exterior Lighting on the Visitor Center,"Update Exterior Lighting on the Visitor Center: Will improve the visibility and utilization of parking locations. Also, it will improve the surveillance and security of the VC.",Cyclic maintenance
823,NER,Northeast,MIMA,Minute Man National Historical Park,park unit,Minute Man National Historical Park,42.4549,-71.2999,as listed,2026 Purchase Black Powder for Living History Demonstrations,Park makes annual purchase of sporting grade black powder for living history demonstrations,Park operations (ONPS)
824,NER,Northeast,MIMA,Minute Man National Historical Park,park unit,Minute Man National Historical Park,42.4549,-71.2999,as listed,MIMA Remove or Trim Hazardous Trees,To remove or remove trees from National Park Service units that pose a hazard to visitors or employees or a detriment to the landscape.,Park operations (ONPS)
825,PWR,Pacific West,MOJA,Mojave National Preserve,park unit,Mojave National Preserve,35.0972,-115.5394,as listed,Evaluating 15 mine sites via determination of eligibility for abandoned mineral land physical safety mitigations,"Mojave National Preserve, National Park Service, is seeking a qualified historian to assist with evaluating fifteen (15) mine sites to determine their eligibility for listing on the National Register of Historic Places. The Determination of Eligibilities will assist the Park with compliance required by 36 CFR 800 for Section 106 of the National Historic Preservation Act (NHPA) for installation of physical safety mitigations at hazardous abandoned mineral lands.",Other
826,PWR,Pacific West,MOJA,Mojave National Preserve,park unit,Mojave National Preserve,35.0972,-115.5394,as listed,Hydrology Report to Improve Flood Protection at Kelso Depot,"Task order for AE contracting for hydrology report that assesses the drainage patterns, flood risks, and potential mitigations at the historic Kelso Depot. This hydrology report is an important step in addressing the flood vulnerability at Kelso Depot due to the complex flood risks and latent conditions at the site.",Repair and rehabilitation
827,PWR,Pacific West,MOJA,Mojave National Preserve,park unit,Mojave National Preserve,35.0972,-115.5394,as listed,MOJA Two New Wells at Zzyzx: Title II Electrical Design,This project will install two new production wells at Zzyzx: Well 1: Irrigation only for existing pond infrastructure. Well 2: Potable water and fire supply.,Repair and rehabilitation
828,PWR,Pacific West,MOJA,Mojave National Preserve,park unit,Mojave National Preserve,35.0972,-115.5394,as listed,Remove Invasive Burros to Protect Endangered Desert Resources at Three Parks,"This project will fund a contract to remove invasive burros from Mojave National Park via helicopter gather, wrangling, and trapping.",Other
829,NCR,National Capital,MONO,Monocacy National Battlefield,park unit,Monocacy National Battlefield,39.3612,-77.3931,as listed,Black Powder,Black Powder for Living History Programs,Not specified
830,NCR,National Capital,MONO,Monocacy National Battlefield,park unit,Monocacy National Battlefield,39.3612,-77.3931,as listed,Black Powder,Black Powder for Living History Programs,Not specified
831,NCR,National Capital,MONO,Monocacy National Battlefield,park unit,Monocacy National Battlefield,39.3612,-77.3931,as listed,Prepare Monocacy National Battlefield Parent Cultural Landscape Report,Prepare Monocacy National Battlefield Parent Cultural Landscape Report,Not specified
832,NCR,National Capital,MONO,Monocacy National Battlefield,park unit,Monocacy National Battlefield,39.3612,-77.3931,as listed,Reconfigure heating ventilation and air conditioning system at MONO Visitor Center,"The Visitor Center, built in 2007, is a barn style building that serves as one of the main attractions at Monocacy National Battlefield. It provides interpretive programs, exhibits, artifacts and restroom facilities. This space is used by NPS staff, volunteers and is used as an event space. The building currently has a boiler system which heats the building in the winter and a chiller unit which cools it during the summer. Over the years the boiler system has become increasingly time consuming.",Not specified
833,NCR,National Capital,MONO,Monocacy National Battlefield,park unit,Monocacy National Battlefield,39.3612,-77.3931,as listed,Rehabilitate Thomas Barn Concrete Pad,"Thomas Barn has an existing concrete pad on the south side of the barn that was originally part of farm operations and is now a temporary parking area. This concrete pad has fallen into disrepair. It is cracked, not level, and has vegetation growing through the cracks. Additionally, due to the uneven surface of the pad it presents safety concerns. Following guidance from the cultural landscape report (CLR) from 2013, all of the concrete pad will be removed.",Not specified
834,NCR,National Capital,MONO,Monocacy National Battlefield,park unit,Monocacy National Battlefield,39.3612,-77.3931,as listed,Replace Gutters on Multiple Park Buildings,This project involves the replacement of the gutter systems on four of the parks structures.,Not specified
835,IMR,Intermountain,MOCA,Montezuma Castle National Monument,park unit,Montezuma Castle National Monument,34.6132,-111.8367,as listed,Replace Entrance Sign and Pedestal to Increase Visitor Satisfaction,"The entrance sign at Montezuma Castle is made of wood, painted brown, with routed white lettering. It is mounted on a white concrete base with four posts. The entrance sign at Montezuma Well is a small aluminum sign with an arrowhead attached on two U channel posts. The current entrance signs are falling into disrepair and new signs and pedestals are desired by the park to enhance the visitor experience.",Cyclic maintenance
836,IMR,Intermountain,MOCA,Montezuma Castle National Monument,park unit,Montezuma Castle National Monument,34.6132,-111.8367,as listed,Replace outdated alarm and security system at MOCA/TUZI,"This project involves replacement of outdated intrusion alarm system and Closed-Circuit Television (CCTV) security system at the Visitor Center. This project will protect the safety of visitors, employees, historic visitor center and associated NPS buildings with a new integrated alarm and CCTV system. The Visitor Center is an historic complex built in 1940 by the Civilian Conservation Corps and added on to in 1964 under Mission 66. It is 5,300 square feet and houses NPS interpretive and fee op",Park operations (ONPS)
837,IMR,Intermountain,MOCA,Montezuma Castle National Monument,park unit,Montezuma Castle National Monument,34.6132,-111.8367,as listed,Replumb MOWE Housing Units #12 and #17,"The existing plumbing in housing unit #12 and #17 at Montezuma Well National Monument has reached its lifespan and is showing signs of senescence. This plumbing needs to be replaced. Contractors will identify the service lines entering the building. They will then remove the interior dry wall, roughly 150 square ft. where they plan to run the new service line plumbing roughly 150 linear ft. through the walls following the path of the existing plumbing. to all fixtures within the residences",Cyclic maintenance
838,IMR,Intermountain,MOCA,Montezuma Castle National Monument,park unit,Montezuma Castle National Monument,34.6132,-111.8367,as listed,Restripe Roads And Parking Lots MOWE,The work covered by this project is for pavement markings and striping on the Montezuma’s Well entrance road and visitor center parking areas. This work is scheduled as a Recurring Maintenance (RM) activity as identified by the Park’s Facility Investment Plan (FIP). The estimated life cycle for pavement markings and striping will be due. Failure to conduct this work in a timely manner can incur safety hazards from faded paint.,Cyclic maintenance
839,NER,Northeast,MORR,Morristown National Historical Park,park unit,Morristown National Historical Park,40.7678,-74.5375,as listed,Rehabilitate Trails,"This project will rehabilitate multiple park trails and associated parking spaces. These trails are used for recreation as well as interpreting the historic sites associated with General Washington’s 1779–1780 encampment. Rehabilitating these trails will enhance both visitor experiences and natural conservation. This trail also allows most of the park’s 250,000 annual visitors to experience the park’s cultural landscape and history of the site. Well-maintained trails help protect the ecosystem.",Other
840,PWR,Pacific West,MORA,Mount Rainier National Park,park unit,Mount Rainier National Park,46.8547,-121.7064,as listed,Convert Jackson Visitor Center Audiovisual Programs to Current Technology,"Replacement of two exhibit audio visual programs to work with current technology and programming, associated audiovisual equipment replacement, and minor redesign of exhibits to accommodate the new equipment. The programs and equipment will be developed in compliance with the Architectural Barriers Act & NPS Programmatic Accessibility Guidelines. The new equipment will prevent full failure of the current system that operates on outdated technology and the now defunct Flash programming framework.",Recreation fees (FLREA)
841,MWR,Midwest,MORU,Mount Rushmore National Memorial,park unit,Mount Rushmore National Memorial,43.8799,-103.4539,as listed,HVAC and Building Automation System Service,This service agreement will include annual specialized maintenance of boilers and chillers and required upgrades to hardware for building automation system which control the visitor center and headquarters buildings at Mt Rushmore National Memorial.,Park operations (ONPS)
842,MWR,Midwest,MORU,Mount Rushmore National Memorial,park unit,Mount Rushmore National Memorial,43.8799,-103.4539,as listed,Replace unsafe Concrete Steps and broken sidewalks at MORU QMIS#43,This project will remove and replace the existing concrete steps and concrete sidewalk leading to the park housing apartment building.,Park housing
843,SER,Southeast,NATC,Natchez National Historical Park,park unit,Natchez National Historical Park,31.5425,-91.3821,as listed,Install Dual-Arm Electric Swing Gate Opener – Melrose Maintenance Entrance,"Upgrade existing 20-ft manual gate with dual swing motors, battery backup, keypad entry, photo-eye sensor, and manual override. Includes boring 160 LF under paved road for electrical connection. Improves security and safety.",To be determined
844,SER,Southeast,NATC,Natchez National Historical Park,park unit,Natchez National Historical Park,31.5425,-91.3821,as listed,Modernize Maintenance Facility to Support MAT,"Rehabilitate Park maintenance facility to accommodate additional staff. To include 2 private offices, new finishes in selective areas, workstations in training room for maintenance staff, upgrade the mechanical systems, electrical and telecommunications. Replace existing dated asphalt shingle roof. Provisions for physical security such as access control, video surveillance, etc. and provide for and/or prepare space within metal building / shop area for a new lead abatement suite.",Repair and rehabilitation
845,SER,Southeast,NATC,Natchez National Historical Park,park unit,Natchez National Historical Park,31.5425,-91.3821,as listed,Remove Six Flagpoles & Lighting – Visitor Center,"Remove six obsolete flagpoles, six in-ground lights, underground wiring, and concrete bases. Backfill and restore 300 sq ft with topsoil and St. Augustine sod. Asset divestiture reduces deferred maintenance.",To be determined
846,SER,Southeast,NATC,Natchez National Historical Park,park unit,Natchez National Historical Park,31.5425,-91.3821,as listed,Revarnish Exterior Faux Painted Doors at Melrose and William Johnson House,"This project calls for the contracting of a specialist to recondition he exterior doors at Melrose and the William Johnson House. These exterior doors display the popular mid-19th century technique of applying a faux finish. Here, the faux finish has been applied to cypress doors, giving them the appearance of white oak. In order to maintain this decorative treatment, the park routinely hires a qualified and experienced specialist to sand, touch-up, and re-varnish the doors to maintain deco.",To be determined
847,SER,Southeast,NATC,Natchez National Historical Park,park unit,Natchez National Historical Park,31.5425,-91.3821,as listed,Update Cultural Landscape Report (CLR) for Melrose PMIS 336210,"A needed update to the 1996 CLR for the nearly 80-acre Melrose property at NATC. An 1848 Greek Revival estate, Melrose exemplifies the plantation economy of Natchez. This updated report will provide current guidance for long-term management and treatment decisions. The park’s existing CLR needs updating to reflect advances in scholarship and research techniques. Melrose is a National Historic Landmark and the nomination and does not adequately inventory the landscape.",To be determined
848,SER,Southeast,NATT,Natchez Trace National Scenic Trail,"office, program, network, or trail","Tupelo, Mississippi",34.33,-88.7095,as listed,Replace 5 Bridges along the Yockanookany Section of the Natchez Trace National Scenic Trail,This project proposes to replace 5 bridges along the Natchez Trace National Scenic Trail. Contractor will install steel I-beams and concrete abutments. Wood components will be installed in-house and Public Land Corps crews.,Park operations (ONPS)
849,SER,Southeast,NATR,Natchez Trace Parkway,park unit,Natchez Trace Parkway,32.8707,-89.6547,as listed,Arborist Care of 20 Historic Trees in the Mount Locust Historic Landscape and Tree Care Training,Arborist Care of 20 Historic Trees in the Mount Locust Historic Landscape and Tree Care Training,Cyclic maintenance
850,SER,Southeast,NATR,Natchez Trace Parkway,park unit,Natchez Trace Parkway,32.8707,-89.6547,as listed,Arborist Care of 40 Historic Trees in the Meriwether Lewis Landscape and Tree Care Training,Arborist Care of 40 Historic Trees in the Meriwether Lewis Landscape and Tree Care Training,Cyclic maintenance
851,SER,Southeast,NATR,Natchez Trace Parkway,park unit,Natchez Trace Parkway,32.8707,-89.6547,as listed,Cleaning Contract for Weekends and Holidays at Leipers Fork and Meriwether Lewis,Cleaning Contract for Weekends and Holidays at Leipers Fork and Meriwether Lewis,Park operations (ONPS)
852,SER,Southeast,NATR,Natchez Trace Parkway,park unit,Natchez Trace Parkway,32.8707,-89.6547,as listed,Conduct Cyclic Repairs to Historic TU House #12 used for office space and storage.,Conduct Cyclic Repairs to Historic TU House #12 used for office space and storage.,Cyclic maintenance
853,SER,Southeast,NATR,Natchez Trace Parkway,park unit,Natchez Trace Parkway,32.8707,-89.6547,as listed,Conduct Cyclic Repairs to Historic TU House #35 used for office space and storage.,Conduct Cyclic Repairs to Historic TU House #35 used for office space and storage.,Cyclic maintenance
854,SER,Southeast,NATR,Natchez Trace Parkway,park unit,Natchez Trace Parkway,32.8707,-89.6547,as listed,Cyclic Recurring Maintenance to Sections of the National Scenic Trail,Cyclic Recurring Maintenance to Sections of the National Scenic Trail,Cyclic maintenance
855,SER,Southeast,NATR,Natchez Trace Parkway,park unit,Natchez Trace Parkway,32.8707,-89.6547,as listed,Cyclic Replacement of Parkwide Emergency Radio Tower Antenna and Coax,Cyclic Replacement of Parkwide Emergency Radio Tower Antenna and Coax,Cyclic maintenance
856,SER,Southeast,NATR,Natchez Trace Parkway,park unit,Natchez Trace Parkway,32.8707,-89.6547,as listed,CYCLIC Vegetation Removal along South District Old Trace Sections,CYCLIC Vegetation Removal along South District Old Trace Sections,Cyclic maintenance
857,SER,Southeast,NATR,Natchez Trace Parkway,park unit,Natchez Trace Parkway,32.8707,-89.6547,as listed,Emergency Removal of Hazardous and Downed Trees and Limbs Post-Ice Storm,"The entire 444 miles of the Natchez Trace Parkway was hit hard by the January 2026 ice storm. Downed trees and limbs were pushed to the side of the road to allow it to be reopened. A contractor is needed to remove all the wood between the roadway and the tree line and dispose of it, as well as to remove additional hazard trees and limbs.",To be determined
858,SER,Southeast,NATR,Natchez Trace Parkway,park unit,Natchez Trace Parkway,32.8707,-89.6547,as listed,Emergency Replacement of Generators at Dispatch and HQ,Emergency Replacement of Generators at Dispatch and HQ,Park operations (ONPS)
859,SER,Southeast,NATR,Natchez Trace Parkway,park unit,Natchez Trace Parkway,32.8707,-89.6547,as listed,Hazardous Limb Trimming Along the Motor Road FY26,Hazardous Limb Trimming Along the Motor Road FY26,Cyclic maintenance
860,SER,Southeast,NATR,Natchez Trace Parkway,park unit,Natchez Trace Parkway,32.8707,-89.6547,as listed,Install External Tornado Shelters at the District Offices along the Natchez Trace Parkway,Install External Tornado Shelters at the District Offices along the Natchez Trace Parkway,Park operations (ONPS)
861,SER,Southeast,NATR,Natchez Trace Parkway,park unit,Natchez Trace Parkway,32.8707,-89.6547,as listed,Purchase 2 Stump Grinders,Purchase 2 Stump Grinders,Park operations (ONPS)
862,SER,Southeast,NATR,Natchez Trace Parkway,park unit,Natchez Trace Parkway,32.8707,-89.6547,as listed,Purchase 8 PTO Turbine Blowers for NATR Maintenance Districts,Purchase 1 tractor PTO turbine blower for 8 of the 9 NATR districts,Park operations (ONPS)
863,SER,Southeast,NATR,Natchez Trace Parkway,park unit,Natchez Trace Parkway,32.8707,-89.6547,as listed,Purchase Split-Rail Fencing for Port Gibson and Natchez Districts,Purchase Split-Rail Fencing for Port Gibson and Natchez Districts,Park operations (ONPS)
864,SER,Southeast,NATR,Natchez Trace Parkway,park unit,Natchez Trace Parkway,32.8707,-89.6547,as listed,Purchase two tilt-bed trailers for Natchez and Port Gibson Districts,Purchase two tilt-bed trailers for Natchez and Port Gibson Districts,Park operations (ONPS)
865,SER,Southeast,NATR,Natchez Trace Parkway,park unit,Natchez Trace Parkway,32.8707,-89.6547,as listed,Recondition Ditches and Clean Culverts in Port Gibson District of Natchez Trace Parkway,Recondition Ditches and Clean Culverts in Port Gibson District of Natchez Trace Parkway,Cyclic maintenance
866,SER,Southeast,NATR,Natchez Trace Parkway,park unit,Natchez Trace Parkway,32.8707,-89.6547,as listed,Recondition Ditches and Clean Culverts in Port Gibson District of Natchez Trace Parkway-- PE and CE Costs,Recondition Ditches and Clean Culverts in Port Gibson District of Natchez Trace Parkway-- PE and CE Costs,Cyclic maintenance
867,SER,Southeast,NATR,Natchez Trace Parkway,park unit,Natchez Trace Parkway,32.8707,-89.6547,as listed,"Recondition Ditches, Culverts, and repair outfalls in Natchez District of NATR Phase 2","Recondition Ditches, Culverts, and repair outfalls in Natchez District of NATR Phase 2",Cyclic maintenance
868,SER,Southeast,NATR,Natchez Trace Parkway,park unit,Natchez Trace Parkway,32.8707,-89.6547,as listed,Rehabilitate Jackson Falls Trail,Rehabilitate Jackson Falls Trail,Repair and rehabilitation
869,SER,Southeast,NATR,Natchez Trace Parkway,park unit,Natchez Trace Parkway,32.8707,-89.6547,as listed,Replace the Low Boardwalk on the Blackland Prairie Section of the Natchez Trace Scenic Trail,Replace the Low Boardwalk on the Blackland Prairie Section of the Natchez Trace Scenic Trail,Cyclic maintenance
870,NCR,National Capital,NACE,National Capital Parks-East,park unit,"Washington, DC",38.8681,-76.9945,as listed,Complete Cultural Landscape Inventory for Fort Dupont Park,Complete Cultural Landscape Inventory for Fort Dupont Park,Not specified
871,,Not specified,NACE,National Capital Parks-East,park unit,"Washington, DC",38.8681,-76.9945,inferred from title or description,CS - Condition Assessment – NACE006,"This contract is for professional services to assess the condition, maintenance, and capital improvement needs of NPS-owned facilities for the next concession contract. This is crucial for compliance with the 1998 Concession Management Improvement Act (54 U.S.C. §§ 101911–101926), which mandates safeguards for resource protection and reasonable profit opportunities. Specialized expertise is needed for objective assessments.",Concession franchise fees
872,NCR,National Capital,NACE,National Capital Parks-East,park unit,"Washington, DC",38.8681,-76.9945,as listed,FLEET PURCHASE UTVs (4),FLEET PURCHASE UTVs (4),Not specified
873,NCR,National Capital,NACE,National Capital Parks-East,park unit,"Washington, DC",38.8681,-76.9945,as listed,HQ SPLIT SYSTEM A/C REPLACEMENT,HQ SPLIT SYSTEM A/C REPLACEMENT,Not specified
874,NCR,National Capital,NACE,National Capital Parks-East,park unit,"Washington, DC",38.8681,-76.9945,as listed,HVAC Preventative Maintenance,HVAC Preventative Maintenance,Not specified
875,NCR,National Capital,NACE,National Capital Parks-East,park unit,"Washington, DC",38.8681,-76.9945,as listed,NACE - EXERCISE OY3 140P3022F0042 PARKWA,NACE - EXERCISE OY3 140P3022F0042 PARKWA - Mowing,Not specified
876,NCR,National Capital,NACE,National Capital Parks-East,park unit,"Washington, DC",38.8681,-76.9945,as listed,NACE - EXERCISE OY3 140P3022F0049 ANAC,NACE - EXERCISE OY3 140P3022F0049 ANAC - Mowing,Not specified
877,NCR,National Capital,NACE,National Capital Parks-East,park unit,"Washington, DC",38.8681,-76.9945,as listed,NACE - FY25 HAZARDOUS TREE CYCLIC MAINTE 250547,NACE - FY25 HAZARDOUS TREE CYCLIC MAINTE 250547,Not specified
878,NCR,National Capital,NACE,National Capital Parks-East,park unit,"Washington, DC",38.8681,-76.9945,as listed,NACE - HERBIVORY MONITORING FY26,NACE - HERBIVORY MONITORING FY26 - CESU TA for Canada Goose Herbivory Monitoring - 54002361,Not specified
879,NCR,National Capital,NACE,National Capital Parks-East,park unit,"Washington, DC",38.8681,-76.9945,as listed,NACE - TESTING AND REMOVAL OF GROUNDWATE,NACE - TESTING AND REMOVAL OF GROUNDWATE,Not specified
880,NCR,National Capital,NACE,National Capital Parks-East,park unit,"Washington, DC",38.8681,-76.9945,as listed,NACE CAWO Office furniture for staff and visitors,NACE CAWO Office furniture for staff and visitors,Not specified
881,NCR,National Capital,NACE,National Capital Parks-East,park unit,"Washington, DC",38.8681,-76.9945,as listed,NACE Oxon Hill Cow Barn Hydrant Install,NACE Oxon Hill Cow Barn Hydrant Install,Not specified
882,NCR,National Capital,NACE,National Capital Parks-East,park unit,"Washington, DC",38.8681,-76.9945,as listed,NCR-NAMA: PEST CONTROL IN DC PARKS OY3,NCR-NAMA: PEST CONTROL IN DC PARKS OY3,Not specified
883,NCR,National Capital,NACE,National Capital Parks-East,park unit,"Washington, DC",38.8681,-76.9945,as listed,Prepare Cultural Landscape Report for Anacostia Park,Prepare Cultural Landscape Report for Anacostia Park,Not specified
884,NCR,National Capital,NACE,National Capital Parks-East,park unit,"Washington, DC",38.8681,-76.9945,as listed,Remove Underground Fuel Storage Tanks and Replace with Above Ground Fuel Storage Tanks - Fort Dupont,Remove Underground Fuel Storage Tanks and Replace with Above Ground Fuel Storage Tanks - Fort Dupont - We may need to split this up and do one at a time with base since we are,Not specified
885,NCR,National Capital,NACE,National Capital Parks-East,park unit,"Washington, DC",38.8681,-76.9945,as listed,Remove Underground Fuel Storage Tanks and Replace with Above Ground Fuel Storage Tanks - Kenilworth,Remove Underground Fuel Storage Tanks and Replace with Above Ground Fuel Storage Tanks - Kenilworth,Not specified
886,NCR,National Capital,NACE,National Capital Parks-East,park unit,"Washington, DC",38.8681,-76.9945,as listed,Remove Underground Fuel Storage Tanks and Replace with Above Ground Fuel Storage Tanks - Suitland,254787C Remove Underground Fuel Storage Tanks and Replace with Above Ground Fuel Storage Tanks - Suitland,Not specified
887,NCR,National Capital,NACE,National Capital Parks-East,park unit,"Washington, DC",38.8681,-76.9945,as listed,Shepherd Parkway Cultural Landscape Inventory,Shepherd Parkway Cultural Landscape Inventory,Not specified
888,NCR,National Capital,NACE,National Capital Parks-East,park unit,"Washington, DC",38.8681,-76.9945,as listed,Vehicle Repairs over 10k,Vehicle Repairs over 10k,Not specified
889,NCR,National Capital,NCRO,National Capital Regional Office,"office, program, network, or trail","Washington, DC",38.8764,-77.0335,as listed,Assess and Improve Park National Register Documentation Status,Assess and Improve Park National Register Documentation Status,Not specified
890,NCR,National Capital,NCRO,National Capital Regional Office,"office, program, network, or trail","Washington, DC",38.8764,-77.0335,as listed,Complete NCA Museum Management Program Baseline Documents FY25,Complete NCA Museum Management Program Baseline Documents FY25,Not specified
891,NCR,National Capital,NCRO,National Capital Regional Office,"office, program, network, or trail","Washington, DC",38.8764,-77.0335,as listed,Electrician Services,Hire electrician to perform needed services to relocate electrical boxes and update systems.,Not specified
892,NCR,National Capital,NCRO,National Capital Regional Office,"office, program, network, or trail","Washington, DC",38.8764,-77.0335,as listed,Heavy Equipment Repair,Equipment repair services for heavy equipment that exceeds the micropurchase threshold.,Not specified
893,NCR,National Capital,NCRO,National Capital Regional Office,"office, program, network, or trail","Washington, DC",38.8764,-77.0335,as listed,National Historic Landmark Nomination/Update,National Historic Landmark Nomination/Update,Not specified
894,NCR,National Capital,NCRO,National Capital Regional Office,"office, program, network, or trail","Washington, DC",38.8764,-77.0335,as listed,NHL and Historic Surplus Property Program - NCR File Scanning,"Scan, make accessible, and complete metadata for approximately 10 boxes of documents.",Not specified
895,NCR,National Capital,NCRO,National Capital Regional Office,"office, program, network, or trail","Washington, DC",38.8764,-77.0335,as listed,Prepare Condition Assessment for Pry House Structure and Systems,"This project will complete structural and systems condition assessments for the Pry House at ANTI. A/E professionals will review, document, and analyze existing structural, mechanical, electrical, plumbing, and fire protection and security systems. The completed assessments will aid park managers in planning, programming, and management decisions, including for future construction and safety improvement projects.",Not specified
896,NCR,National Capital,NCRO,National Capital Regional Office,"office, program, network, or trail","Washington, DC",38.8764,-77.0335,as listed,Prepare Cultural Landscape Inventory for Fort Dupont Park,"This project will complete a Cultural Landscape Inventory (CLI) for Fort Dupont Park, National Capital Parks-East (NACE). The CLI is an evaluated inventory of all NPS landscapes with historical significance and fulfills NPS legal obligations under Section 110 of the National Historic Preservation Act. The CLI aids park managers in planning, programming, and recording treatment and management decisions, including for future construction and safety improvement projects.",Not specified
897,NCR,National Capital,NCRO,National Capital Regional Office,"office, program, network, or trail","Washington, DC",38.8764,-77.0335,as listed,Prepare Cultural Landscape Report for Anacostia Park,"The Cultural Landscape Report is the primary tool to inform long-term management decisions for the Anacostia Park landscape. Completion of this report will specifically address the park€™s 2025 Development Concept Plan (DCP) and develop implementation recommendations that (1) preserve and enhance historic landscape character, (2) minimize any adverse effects to historic landscape character, and (3) guide future use, construction, and safety efforts in resource protection.",Not specified
898,NCR,National Capital,NCRO,National Capital Regional Office,"office, program, network, or trail","Washington, DC",38.8764,-77.0335,as listed,Prepare Historic Structure Report for the Grandview School,"This project will create a Historic Structure Report (HSR) for the Grandview School at HAFE. The preparation of the HSR will follow NPS standards and will include a Part I (historical context, existing conditions, and analysis and evaluation) and a Part II (treatment plan). The completed report will aid park managers in planning, programming, and management decisions, including for future construction and safety improvement projects.",Not specified
899,NCR,National Capital,NCRO,National Capital Regional Office,"office, program, network, or trail","Washington, DC",38.8764,-77.0335,as listed,"Prepare Historic Structures Report for the Grandview School, HAFE","Prepare Historic Structures Report for the Grandview School, HAFE",Not specified
900,NCR,National Capital,NCRO,National Capital Regional Office,"office, program, network, or trail","Washington, DC",38.8764,-77.0335,as listed,Purchase and Install Compact Storage Units for Museum Collections at MRCE,Purchase and install compact storage equipment at the regional museum collection storage facility to improve efficient storage of museum collections for long-term preservation.,Not specified
901,NCR,National Capital,NCRO,National Capital Regional Office,"office, program, network, or trail","Washington, DC",38.8764,-77.0335,as listed,Purchase New Forklift for Museum Resource Center,Purchase new forklift equipment for MRCE to move heavy objects in the warehouse.,Not specified
902,NCR,National Capital,NAMA,National Mall and Memorial Parks,park unit,National Mall and Memorial Parks,38.8898,-77.0222,as listed,"Complete National Register Nomination for Martin Luther King, Jr. Memorial","Complete National Register Nomination for Martin Luther King, Jr. Memorial",Not specified
903,NCR,National Capital,NAMA,National Mall and Memorial Parks,park unit,National Mall and Memorial Parks,38.8898,-77.0222,as listed,Electrical Meter Line Tracing,"Electrical Meter Line Tracing - a package to have a contractor locate, trace out service, and document all of the Parks electric meters.",Not specified
904,NCR,National Capital,NAMA,National Mall and Memorial Parks,park unit,National Mall and Memorial Parks,38.8898,-77.0222,as listed,NAMA Repair Brentwood Electrical,,Not specified
905,NCR,National Capital,NAMA,National Mall and Memorial Parks,park unit,National Mall and Memorial Parks,38.8898,-77.0222,as listed,Purchase 2 Utility Vehicles (JOHN DEERE GATOR„¢ XUV865R),Purchase 2 Utility Vehicles (JOHN DEERE GATOR„¢ XUV865R) - goods purchase,Not specified
906,NCR,National Capital,NAMA,National Mall and Memorial Parks,park unit,National Mall and Memorial Parks,38.8898,-77.0222,as listed,Purchase Light Poles Materials,"goods purchase, done for last several years, buying historic light parts for lighting throughout the Park.",Not specified
907,NCR,National Capital,NAMA,National Mall and Memorial Parks,park unit,National Mall and Memorial Parks,38.8898,-77.0222,as listed,Replace DDEM Restroom Doors,Once we have a new IDIQ in place we can make this a task order to the new contract.,Other
908,IMR,Intermountain,NTIR,"National Trails Office, Intermountain Region","office, program, network, or trail","Santa Fe, New Mexico",35.6691,-105.9266,as listed,Butterfield Overland National Historic Trail Interpretive Plan (FY26),"Procure interpretive planning services for an Interpretive Plan for Butterfield Overland National Historic Trail Interpretive Plan. The Interpretive Plan will create the basis for a unified approach to interpretation for use by the many agencies, partners, and stakeholders along the Trail over the next 5-10 years.",Park operations (ONPS)
909,IMR,Intermountain,NTIR,"National Trails Office, Intermountain Region","office, program, network, or trail","Santa Fe, New Mexico",35.6691,-105.9266,as listed,High Potential Site review for 7 NHTs (FY26),Review location and source information for High Potential Sites of national historic; prepare data for public release.,Park operations (ONPS)
910,IMR,Intermountain,NTIR,"National Trails Office, Intermountain Region","office, program, network, or trail","Santa Fe, New Mexico",35.6691,-105.9266,as listed,NHT Signing BPA,Blanket Purchase Agreement for larger sign purchases that exceed the micropurchase limit.,Park operations (ONPS)
911,IMR,Intermountain,NTIR,"National Trails Office, Intermountain Region","office, program, network, or trail","Santa Fe, New Mexico",35.6691,-105.9266,as listed,NTIR DESIGN AND EDITING (FY26),"The primary work of this project will be to provide editing, layout, graphic art services, writing of Audio Descriptive text, and converting NTIR produced documents and materials to compliance with the federal government requirements of Section 508 of the Rehabilitation Act of 1973 (as amended), hereinafter Section 508. The documents shall be edited and formatted for hard copy publication and posting to the NTIR website. In order to ensure that the editing and formatting proceed according to NP",Park operations (ONPS)
912,IMR,Intermountain,NTIR,"National Trails Office, Intermountain Region","office, program, network, or trail","Santa Fe, New Mexico",35.6691,-105.9266,as listed,"Utah Wayside Exhibits (MOPI, CALI, POEX) (FY26)","This contract is to obtain the services of a company that will create a total of 11-14 interpretive wayside exhibits along the route of the National Historic Trails in North-Central Utah. The waysides will be a mixture of low profile and upright styles spread across 10-12 locations. The contractor is responsible for creating each panel's text and design, obtaining images, creating/or obtaining artwork, the fabrication of a frame and base for each wayside, and 508 accessibility requirements.",Park operations (ONPS)
913,IMR,Intermountain,NABR,Natural Bridges National Monument,park unit,Natural Bridges National Monument,37.6026,-110.0111,as listed,Crackseal Paved Park Roads,Crackseal at Natural Bridges - Material Supply,Cyclic maintenance
914,IMR,Intermountain,NABR,Natural Bridges National Monument,park unit,Natural Bridges National Monument,37.6026,-110.0111,as listed,Replace NABR Power System Batteries,"This project will perform cyclic replacement of the 216 2-Volt flooded lead acid photovoltaic system batteries and associated battery cables. The existing batteries will be removed, recycled and replaced with new batteries. These batteries serve as critical park utility infrastructure and failure to complete would impact health and life-safety as well as the ability to keep the park open and operational for visitors.",Cultural cyclic maintenance
915,WASO,National (WASO),NRSS,Natural Resource Stewardship and Science directorate,"office, program, network, or trail","NPS headquarters, Washington, DC",38.8939,-77.0427,as listed,NR-ARD-11 End of Year Equipment,"Purchase, acceptance testing, and deployment of new equipment. Task order off of GPMP IDIQ.",Park operations (ONPS)
916,WASO,National (WASO),NRSS,Natural Resource Stewardship and Science directorate,"office, program, network, or trail","NPS headquarters, Washington, DC",38.8939,-77.0427,as listed,NR-ARD-12 CLAS Improvements,Improvements to CLAS online tool. 140P2125P0071 Vendor: JASON A COOMBS UEI: YEKXV97WS785,Park operations (ONPS)
917,WASO,National (WASO),NRSS,Natural Resource Stewardship and Science directorate,"office, program, network, or trail","NPS headquarters, Washington, DC",38.8939,-77.0427,as listed,NR-ARD-281 IMPROVE NETWORK OPERATIONS,"This contract is used to manage operations of the Interagency Monitoring of Protected Visual Environments (IMPROVE) network and conduct analyses on particulate matter samples, including measurements of mass, elemental composition and light absorption, which results in a final, integrated visibility dataset each year. Option Period TO",Interagency agreement
918,WASO,National (WASO),NRSS,Natural Resource Stewardship and Science directorate,"office, program, network, or trail","NPS headquarters, Washington, DC",38.8939,-77.0427,as listed,NR-ARD-282 Special Ozone Data Processing,NR-ARD-SEQ#282 - Gaseous Pollutant Monitoring Program (GPMP) - Task 13 - Special Ozone Data Processing - Task Order for processing and validating ozone data during contract period gap (8/1/25-9/18/25) - Technical Contact - Barkley Sive; COR Contact: Barkley Sive - POP: 02/09/2026 - 5/10/2026.,Park operations (ONPS)
919,WASO,National (WASO),NRSS,Natural Resource Stewardship and Science directorate,"office, program, network, or trail","NPS headquarters, Washington, DC",38.8939,-77.0427,as listed,NR-ARD-3 IT APPLICATION DME/O&M,Maintenance for the Enjoy the View Visual Resources Inventory Database (ETV Service and Support),Park operations (ONPS)
920,WASO,National (WASO),NRSS,Natural Resource Stewardship and Science directorate,"office, program, network, or trail","NPS headquarters, Washington, DC",38.8939,-77.0427,as listed,NR-EQD-95 PEPC Modernization DME,New development for the PEPC system to meet Presidential and Secretarial priorities,Line-item construction
921,WASO,National (WASO),NRSS,Natural Resource Stewardship and Science directorate,"office, program, network, or trail","NPS headquarters, Washington, DC",38.8939,-77.0427,as listed,NR-GRD-46 GSRI Park Project TBD,New contract to complete anticipated project TBD submitted as part of SCC call,Park operations (ONPS)
922,WASO,National (WASO),NRSS,Natural Resource Stewardship and Science directorate,"office, program, network, or trail","NPS headquarters, Washington, DC",38.8939,-77.0427,as listed,NR-GRD-58 Evaluate AML Hazards WRST,NR-GRD Evaluate AML Hazards at Bremner & Gold Hill Placer Mines,Park operations (ONPS)
923,WASO,National (WASO),NRSS,Natural Resource Stewardship and Science directorate,"office, program, network, or trail","NPS headquarters, Washington, DC",38.8939,-77.0427,as listed,NR-GRD-59 Mitigate AML Hazards WRST,NR-GRD Mitigate up to 10 AML Hazards at Bremner & Chisana-Gold Hill - WRST,Park operations (ONPS)
924,WASO,National (WASO),NRSS,Natural Resource Stewardship and Science directorate,"office, program, network, or trail","NPS headquarters, Washington, DC",38.8939,-77.0427,as listed,NR-GRD-61 Reclamation & Compliance OCMU,NR-GRD Prepare Reclamation Design & Complete Compliance for Lamar Mounds Surface Mine - OCMU,Park operations (ONPS)
925,WASO,National (WASO),NRSS,Natural Resource Stewardship and Science directorate,"office, program, network, or trail","NPS headquarters, Washington, DC",38.8939,-77.0427,as listed,NR-GRD-78 Assess Hazard Features WRST,NR-GRD Assess 40 Hazardous Features Associated with Underground Workings - WRST,Park operations (ONPS)
926,WASO,National (WASO),NRSS,Natural Resource Stewardship and Science directorate,"office, program, network, or trail","NPS headquarters, Washington, DC",38.8939,-77.0427,as listed,NR-GRD-79 Mitigate Kennecott Haz. WRST,NR-GRD Mitigate Above Ground Structure Hazards at 4 Kennecott Mine Sites - WRST,Park operations (ONPS)
927,WASO,National (WASO),NRSS,Natural Resource Stewardship and Science directorate,"office, program, network, or trail","NPS headquarters, Washington, DC",38.8939,-77.0427,as listed,NR-IMD-100 GRYN Water Lab Contract OY3,"GRYN's contract with Energy Labs to process water samples collected as part of the long-term monitoring program 140P2123C0042 ENERGY LABORATORIES, INC. UEI: SJNSGRNYN323",Park operations (ONPS)
928,WASO,National (WASO),NRSS,Natural Resource Stewardship and Science directorate,"office, program, network, or trail","NPS headquarters, Washington, DC",38.8939,-77.0427,as listed,NR-IMD-115 GRYN Computers & IT Supplies,laptop replacements and related supplies,Park operations (ONPS)
929,WASO,National (WASO),NRSS,Natural Resource Stewardship and Science directorate,"office, program, network, or trail","NPS headquarters, Washington, DC",38.8939,-77.0427,as listed,NR-IMD-117 Spring Inventories GRCA FY26,Baseline Spring Inventories Across Grand Canyon National Park (FY2026-2027),To be determined
930,WASO,National (WASO),NRSS,Natural Resource Stewardship and Science directorate,"office, program, network, or trail","NPS headquarters, Washington, DC",38.8939,-77.0427,as listed,NR-IMD-126 SOPN Grassland Power Analyses,SOPN Grasslands Power Analyses,Park operations (ONPS)
931,WASO,National (WASO),NRSS,Natural Resource Stewardship and Science directorate,"office, program, network, or trail","NPS headquarters, Washington, DC",38.8939,-77.0427,as listed,NR-IMD-173 ROMN Stream Bioanalysis,New contract to analyze stream macroinvertebrates and diatoms at ROMN parks,Park operations (ONPS)
932,WASO,National (WASO),NRSS,Natural Resource Stewardship and Science directorate,"office, program, network, or trail","NPS headquarters, Washington, DC",38.8939,-77.0427,as listed,NR-IMD-179 NW Pond Turtle Inv. KLMN,"Inventory Northwestern Pond turtles across four KLMN parks (ORCA, LAVO, REDW, WHIS) - eDNA lab work",Park operations (ONPS)
933,WASO,National (WASO),NRSS,Natural Resource Stewardship and Science directorate,"office, program, network, or trail","NPS headquarters, Washington, DC",38.8939,-77.0427,as listed,NR-IMD-188 SCPN Water Quality Testing,Contract with RTI Laboratories to conduct water quality testing.,Park operations (ONPS)
934,WASO,National (WASO),NRSS,Natural Resource Stewardship and Science directorate,"office, program, network, or trail","NPS headquarters, Washington, DC",38.8939,-77.0427,as listed,NR-IMD-99 RTK Dome,Need Trimble RTK dome to be consistent with existing survey gear,Other
935,WASO,National (WASO),NRSS,Natural Resource Stewardship and Science directorate,"office, program, network, or trail","NPS headquarters, Washington, DC",38.8939,-77.0427,as listed,NR-NNL-85 AKR NNL Support,Contract to support anticipated needs of NNLs in Alaska,Recreation fees (FLREA)
936,WASO,National (WASO),NRSS,Natural Resource Stewardship and Science directorate,"office, program, network, or trail","NPS headquarters, Washington, DC",38.8939,-77.0427,as listed,NR-NNL-86 New Proposed NNL Evaluation,Contract to support possible evaluation of potential NNL site,Recreation fees (FLREA)
937,WASO,National (WASO),NRSS,Natural Resource Stewardship and Science directorate,"office, program, network, or trail","NPS headquarters, Washington, DC",38.8939,-77.0427,as listed,NR-NSNSD-88 Noise Reference Station NOAA,Support for the deployment of underwater noise reference stations at parks in the Caribbean and Pacific,Park operations (ONPS)
938,WASO,National (WASO),NRSS,Natural Resource Stewardship and Science directorate,"office, program, network, or trail","NPS headquarters, Washington, DC",38.8939,-77.0427,as listed,NR-SRRD-198 Economic Animal Preservation,new task order,To be determined
939,WASO,National (WASO),NRSS,Natural Resource Stewardship and Science directorate,"office, program, network, or trail","NPS headquarters, Washington, DC",38.8939,-77.0427,as listed,NR-SRRD-203 Economic Study TBD 05,new task order,To be determined
940,WASO,National (WASO),NRSS,Natural Resource Stewardship and Science directorate,"office, program, network, or trail","NPS headquarters, Washington, DC",38.8939,-77.0427,as listed,NR-WRD-235 Shoreline Spill Response Plan,Learning and Development Office (or consolidated DOI office),Park operations (ONPS)
941,WASO,National (WASO),NRSS,Natural Resource Stewardship and Science directorate,"office, program, network, or trail","NPS headquarters, Washington, DC",38.8939,-77.0427,as listed,NR-WRD-236 HAB Assessing atmospheric drip,Contract to HAB assess atmospheric drivers of harmful algal blooms to increase resilience of water resources,Park operations (ONPS)
942,WASO,National (WASO),NRSS,Natural Resource Stewardship and Science directorate,"office, program, network, or trail","NPS headquarters, Washington, DC",38.8939,-77.0427,as listed,NR-WRD-237 Benthic Mapping Supplies,Benthic Mapping - ASV operations (spare parts and shipping),Park operations (ONPS)
943,WASO,National (WASO),NRSS,Natural Resource Stewardship and Science directorate,"office, program, network, or trail","NPS headquarters, Washington, DC",38.8939,-77.0427,as listed,NR-WRD-238 WSR Spill Response,WSR Spill Response,Park operations (ONPS)
944,WASO,National (WASO),NRSS,Natural Resource Stewardship and Science directorate,"office, program, network, or trail","NPS headquarters, Washington, DC",38.8939,-77.0427,as listed,NR-WRD-239 ADCP Velocity and Discharge,Measuring velocity and discharge in rivers,Park operations (ONPS)
945,WASO,National (WASO),NRSS,Natural Resource Stewardship and Science directorate,"office, program, network, or trail","NPS headquarters, Washington, DC",38.8939,-77.0427,as listed,NR-WRD-240 Single Beam Sonar,Measuring various parameters in rivers,Park operations (ONPS)
946,WASO,National (WASO),NRSS,Natural Resource Stewardship and Science directorate,"office, program, network, or trail","NPS headquarters, Washington, DC",38.8939,-77.0427,as listed,NR-WRD-271 NRSS eRecords support,NRSS eRecords support,Park operations (ONPS)
947,IMR,Intermountain,NAVA,Navajo National Monument,park unit,Navajo National Monument,36.6855,-110.5363,as listed,Extend Concrete Trailer Pad,Extend concrete pad 12 feet by 30 feet by contract for trailer pad.,Park housing
948,NER,Northeast,NERI,New River Gorge National Park and Preserve,park unit,New River Gorge National Park and Preserve,37.897,-81.0429,as listed,Archeology surveys for Gauley River rail trail project,Conduct Phase I archeological surveys within anticipated footprint of the Gauley River rail trail project.,Park operations (ONPS)
949,NER,Northeast,NERI,New River Gorge National Park and Preserve,park unit,New River Gorge National Park and Preserve,37.897,-81.0429,as listed,Botany surveys for Gauley River rail trail project,Conduct surveys for rare plants within anticipated Gauley River rail trail project footprint.,Park operations (ONPS)
950,PWR,Pacific West,NEPE,Nez Perce National Historical Park,park unit,Nez Perce National Historical Park,45.7964,-116.2748,as listed,Nez Perce National Historical Park – Replace Spalding Visitor Center Parking Lot Lighting,"Project Title: Lighting Replacement and Solar Inverter Upgrades Locations: • Nez Perce National Historical Park – Spalding Visitor Center Parking Lot • Whitman Mission National Historic Site – Stand-alone parking areas and maintenance shop Project Description: This project involves the replacement and upgrade of exterior lighting systems and solar components at two National Park Service sites to improve safety, security, and reliability.",Cultural cyclic maintenance
951,PWR,Pacific West,NEPE,Nez Perce National Historical Park,park unit,Nez Perce National Historical Park,45.7964,-116.2748,as listed,Replacement of Double Wood Doors with Solid Steel Doors for Archive Vault,"This project involves replacing the existing double wood doors at the archive vault with a pair of solid steel doors and associated high-security hardware. The vault contains museum collection items, requiring maximum security, environmental sealing, and controlled access. Objectives: Security: Install heavy-duty, commercial-grade steel doors with reinforced frames and Grade 1 locking hardware, including deadbolts and optional astragal reinforcement. Environmental Control: Ensure proper seal",Park operations (ONPS)
952,MWR,Midwest,NICO,Nicodemus National Historic Site,park unit,Nicodemus National Historic Site,39.3904,-99.6179,as listed,Historic Furnishings Plan for the AME Church,"The project will include HFC in house work to historically furnish the sanctuary of the church in a consistent 19th century style with both furniture and other antiques. This estimate includes two Park decision points, choosing between seating or pews and between three types of lecterns.",Park operations (ONPS)
953,MWR,Midwest,NICO,Nicodemus National Historic Site,park unit,Nicodemus National Historic Site,39.3904,-99.6179,as listed,"Trim and remove trees, shrubs and plant new tree",In roadside park trim hazard trees and remove dead trees include grinding stumps and planting new trees in selected areas,Park operations (ONPS)
954,PWR,Pacific West,,,no location given,,,,no location given,Building cleaning contract (safety related),Regularly clean I&M office building and workspace in a safe manner to prevent potential contact with hantavirus,Park operations (ONPS)
955,SER,Southeast,,,no location given,,,,no location given,Construct Office Space at ETIC,Construct office space at the ETIC to support administrative operations.,Other
956,,Not specified,,,no location given,,,,no location given,Courier Service,Courier Service,Other
957,,Not specified,,,no location given,,,,no location given,CRPS - Laptops and Monitors,regular computer equipment purchase,Other
958,,Not specified,,,no location given,,,,no location given,CS - Condition Assessment – NCRO001,"This contract is for professional services to assess the condition, maintenance, and capital improvement needs of NPS-owned facilities for the next concession contract. This is crucial for compliance with the 1998 Concession Management Improvement Act (54 U.S.C. §§ 101911–101926), which mandates safeguards for resource protection and reasonable profit opportunities. Specialized expertise is needed for objective assessments.",Concession franchise fees
959,NER,Northeast,,,no location given,,,,no location given,HACE FY26 Book Conservation/Preservation Services,"The contract will provide book-specific technical conservation and preservation services to NER parks under the guidance of the Historic Architecture, Conservation, and Engineering (HACE) division. Services will support maintenance preservation projects and preservation of our cultural heritage.",Cyclic maintenance
960,NER,Northeast,,,no location given,,,,no location given,HACE FY26 Decorative Arts Conservation/Preservation Services,"The contract will provide decorative-arts-specific technical conservation and preservation services to NER parks under the guidance of the Historic Architecture, Conservation, and Engineering (HACE) division. Services will support maintenance preservation projects and preservation of our cultural heritage.",Cyclic maintenance
961,NER,Northeast,,,no location given,,,,no location given,HACE FY26 Furniture Conservation/Preservation Services,"The contract will provide furniture-specific technical conservation and preservation services to NER parks under the guidance of the Historic Architecture, Conservation, and Engineering (HACE) division. Services will support maintenance preservation projects and preservation of our cultural heritage.",Cyclic maintenance
962,WASO,National (WASO),,,no location given,,,,no location given,HACE FY26 Objects Conservation/Preservation Services,"The contract will provide objects-specific technical conservation and preservation services to NER parks under the guidance of the Historic Architecture, Conservation, and Engineering (HACE) division. Services will support maintenance preservation projects and preservation of our cultural heritage.",Cyclic maintenance
963,NER,Northeast,,,no location given,,,,no location given,HACE FY26 Preventive Conservation/Preservation Services,"The contract will provide preventive-specific technical conservation and preservation services to NER parks under the guidance of the Historic Architecture, Conservation, and Engineering (HACE) division. Services will support maintenance preservation projects and preservation of our cultural heritage.",Cyclic maintenance
964,PWR,Pacific West,,,no location given,,,,no location given,Janitorial Services Option Year 1,Janitorial Services option year 1,Park operations (ONPS)
965,PWR,Pacific West,,,no location given,,,,no location given,Kobuk and Koyukuk Rivers Moose Ecology Project - Capture drug,"Study to investigate moose movements and demographics in the upper Kobuk and Koyukuk Rivers watersheds. As part of the project, NPS will collars 80 moose and track movements, calf production and survival across 3 years, and collect baseline physiology measures. This would pay for capture drugs used to anesthetize moose.",Other
966,PWR,Pacific West,,,no location given,,,,no location given,Kobuk and Koyukuk Rivers Moose Ecology Project - GPS collars,"Study to investigate moose movements and demographics in the upper Kobuk and Koyukuk Rivers watersheds. As part of the project, NPS will collars 80 moose and track movements, calf production and survival across 3 years, and collect baseline physiology measures.",Other
967,WASO,National (WASO),,,no location given,,,,no location given,LWCF Information Management System - Contract 1,"The Land and Water Conservation Fund (LWCF) Stateside Program requires a modern, integrated information management system that directly connects Federal staff with staff from all 56 States and territories to support the cooperative administration of approximately $1.2 billion in annual grant funding. Contract to hire a project manager to oversee planning, design, and construction.",Other
968,WASO,National (WASO),,,no location given,,,,no location given,LWCF Information Management System - Contract 2,"The Land and Water Conservation Fund (LWCF) Stateside Program requires a modern, integrated information management system that directly connects Federal staff with staff from all 56 States and territories to support the cooperative administration of approximately $1.2 billion in annual grant funding. Contract to perform the planning, design and construction.",Other
969,WASO,National (WASO),,,no location given,,,,no location given,LWCF Information Management System - Contract 3,"The Land and Water Conservation Fund (LWCF) Stateside Program requires a modern, integrated information management system that directly connects Federal staff with staff from all 56 States and territories to support the cooperative administration of approximately $1.2 billion in annual grant funding. Contract to maintain the information mgmt. sys and train staff.",Other
970,PWR,Pacific West,,,no location given,,,,no location given,Replacement Plotter,Large Plotter to include Ink and 2 types of Paper,Park operations (ONPS)
971,SER,Southeast,,,no location given,,,,no location given,Snow Removal and Landscaping at Robert Temple Church of God In Christ-TILL Chicago,Snow removal and minor groundskeeping at Robert Temple parking lot,Other
972,NER,Northeast,,,no location given,,,,no location given,USPAP Compliant Appraisal of Theodore Roosevelt Museum Objects,"The Government requires contracted personal property appraisal services to produce written monetary appraisals suitable for insurance valuation in support of an outgoing loan of 56 museum objects located in or near New York City. Appraisals must be compliant with USPAP, the national standards for appraisal services including personal property.",Park operations (ONPS)
973,SER,Southeast,,,no location given,,,,no location given,Water Quality Analysis and Modeling Services,"The contractor for this project is required to track, evaluate, and provide recommendations regarding Everglades restoration through the federal Consent Decree with the state of Florida. They are required to be a technical expert (1) with experience in legal testimonies on behalf of the Department of Interior and (2) developing models for operating Stormwater Treatment Areas. Need to exercise Option Year 2 for contract 140P5423C0008",To be determined
974,,Not specified,,,no location given,,,,no location given,Web Catalog Hosting,Web Catalog Hosting,Park operations (ONPS)
975,PWR,Pacific West,NOCA,North Cascades National Park,park unit,North Cascades National Park,48.8284,-121.3501,as listed,Procurement of Electric Scissor Lift for North Cascades National Park,"The scope of this procurement encompasses the supply, delivery, and commissioning of one (1) electric scissor lift designed to meet the operational and safety requirements for facility maintenance and related tasks. The contractor shall provide all necessary equipment, documentation, and support to ensure the lift is fully functional and compliant with applicable standards upon delivery.",To be determined
976,NER,Northeast,NERO,Northeast Regional Office,"office, program, network, or trail","Philadelphia, Pennsylvania",39.9517,-75.161,as listed,250th NHL,Inventory and Identification of 250th related national historic landmarks in the region,Other
977,NER,Northeast,NERO,Northeast Regional Office,"office, program, network, or trail","Philadelphia, Pennsylvania",39.9517,-75.161,as listed,Integration of data sources and warehouse development,"Consolidate disparate resource management data sources including but not limited to: GIS, I&M, CRIS and other data sources (e.g., archeology, storms, habitat, land use, eTic) into a cloud-based data warehouse, leveraging Squirrel Share and/or Blobstorage and other emerging technologies.",Park operations (ONPS)
978,NER,Northeast,NERO,Northeast Regional Office,"office, program, network, or trail","Philadelphia, Pennsylvania",39.9517,-75.161,as listed,NER | Region Wide RoIP Computer Replacement,"This project will provide long overdue and necessary infrastructure capitol improvement to the NER RoIP (Radio over IP) Program Dispatch centers, and involves procurement and deployment of 33 new Dell Pro Tower QCT1250 workstations to replace existing Radio over IP (RoIP) computers at nine National Park Service units across the Northeast Region. SHEN, COLO, ASIS, FRSP, RICH, GEWA, PETE, BOST & ACAD",Park operations (ONPS)
979,NER,Northeast,NERO,Northeast Regional Office,"office, program, network, or trail","Philadelphia, Pennsylvania",39.9517,-75.161,as listed,NERO IT Cisco Smartnet Renewal,Service Contract for Cisco Network Switches,Park operations (ONPS)
980,NER,Northeast,NERO,Northeast Regional Office,"office, program, network, or trail","Philadelphia, Pennsylvania",39.9517,-75.161,as listed,NERO IT FY26 Copier Lease Renewal,"Exercise option year 2, copier lease contract PR#40671372 (Option year 1), 140P4224F0089, NERO LOWELL and PHIL",Park operations (ONPS)
981,NER,Northeast,NERO,Northeast Regional Office,"office, program, network, or trail","Philadelphia, Pennsylvania",39.9517,-75.161,as listed,Rehabilitate Nuclear Lake Dam Gate,"Provide A/E service to rehabilitate non operable upstream gate which include pre-design, schematic design, and construction documents. This task also include draining of the lake by the A/E in order to inspect the dam by A/E.",Other
982,NER,Northeast,NERO,Northeast Regional Office,"office, program, network, or trail","Philadelphia, Pennsylvania",39.9517,-75.161,as listed,STEA - Conduct Sitewide Summary/PA Report/SI SAP,STEA - Conduct Sitewide Summary/PA Report/SI SAP for EDL 5NER111,Other
983,NER,Northeast,NERO,Northeast Regional Office,"office, program, network, or trail","Philadelphia, Pennsylvania",39.9517,-75.161,as listed,Teams Rooms upgrade,"Upgrade all teams rooms to a new equipment, install, parts and labor, service contract, New TVs and mounts, every room identical.",Park operations (ONPS)
984,SER,Southeast,OCMU,Ocmulgee Mounds National Historical Park,park unit,Ocmulgee Mounds National Historical Park,32.8273,-83.5944,as listed,Design Stormwater Infrastructure Repair,"A/E Design for the removal of 110 feet of dilapidated corrugated stormwater drainpipe and stabilization and restoration of the stormwater streambed after the pipe is removed. GA DNR Environmental Protection Division requires an A/E Design to issue a Stream Buffer Variance permit for the pipe€™s removal. The A/E must be a certified design professional (Level II). Macon Water Authority will complete the removal, stabilization, and restoration work once the NPS completes A/E Design/secures permit.",Repair and rehabilitation
985,SER,Southeast,OCMU,Ocmulgee Mounds National Historical Park,park unit,Ocmulgee Mounds National Historical Park,32.8273,-83.5944,as listed,Evaluate Great Temple Mound Foundation and Stairs,A Structural Engineer is need to evaluate the structural integrity of the Great Temple Mound foundation and stairs.,Cultural cyclic maintenance
986,SER,Southeast,OCMU,Ocmulgee Mounds National Historical Park,park unit,Ocmulgee Mounds National Historical Park,32.8273,-83.5944,as listed,Ocmulgee Indigenous Celebration Bus Contract,The park will be exercising option year 3 for an existing shuttle bus contract for a large annual event.,Park operations (ONPS)
987,SER,Southeast,OCMU,Ocmulgee Mounds National Historical Park,park unit,Ocmulgee Mounds National Historical Park,32.8273,-83.5944,as listed,Paint Exterior of National Register Listed Visitor Center,"Existing paint on the Visitor Center of this Native American site is faded, cracked and peeling, producing a deteriorated appearance . This appearance threatens the historic integrity of the structure. Project will include sandblasting and removal of all the old paint, patching and caulking in needed areas, and power washing structure before reapplying elastomeric coating to the exterior of the facility, including all walls and adjacent walls attached to the structure.",Repair and rehabilitation
988,SER,Southeast,OCMU,Ocmulgee Mounds National Historical Park,park unit,Ocmulgee Mounds National Historical Park,32.8273,-83.5944,as listed,Preventive Maintenance for Visitor Center HVAC,Perform bi-annual preventive maintenance services performed on the HVAC systems located at the OCMU Visitor Center by a certified and licensed contractor t,Cyclic maintenance
989,SER,Southeast,OCMU,Ocmulgee Mounds National Historical Park,park unit,Ocmulgee Mounds National Historical Park,32.8273,-83.5944,as listed,Repair Parking Lot Drainage Culvert at OCMU Visitor Center,"Funding of this project will repair the failing drainage culvert which runs from the Visitor Center Parking Lot downhill to the nearby stream. The Park proposes to install approximately 350 of replacement pipe. The stream bank around the pipe outlet has continued to erode, exposing the pipe and creating a large ditch around the pipe outlet. During recent severe weather, a large tree was uprooted and broke the existing concrete pipe in half, exposing it at the ground surface.",Repair and rehabilitation
990,SER,Southeast,OCMU,Ocmulgee Mounds National Historical Park,park unit,Ocmulgee Mounds National Historical Park,32.8273,-83.5944,as listed,Repair Visitor Center Electrical System,"During the HVAC project that was done in 2018 several issues were identified where the electrical system was out of code. Most were corrected during the HVAC project, but to assure the electrical system integrity, a comprehensive condition assessment is needed. The condition assessment will help to consolidate a complete scope of work to address any remaining items, along with repairs for all of the ""hodge podge"" electrical jobs that have been done in the VC over he years.",Repair and rehabilitation
991,SER,Southeast,OCMU,Ocmulgee Mounds National Historical Park,park unit,Ocmulgee Mounds National Historical Park,32.8273,-83.5944,as listed,Replace 2023 Polaris Ranger Crew XP 1000,Replace stolen 2023 Polaris Ranger Crew XP 1000,Other
992,SER,Southeast,OCMU,Ocmulgee Mounds National Historical Park,park unit,Ocmulgee Mounds National Historical Park,32.8273,-83.5944,as listed,Replace the Roof on Quarters 2,"This project involves the removal (2,195 SF) and lawful disposal of the existing roofing system, including asphalt shingles, underlayment, flashing, and other related components. A new architectural-grade asphalt shingle system will be installed to meet modern durability standards while maintaining the visual character appropriate to the historical context of the building. The new system will include underlayment, drip edges, ridge caps, step flashing, and ventilation components.",Cyclic maintenance
993,SER,Southeast,OCMU,Ocmulgee Mounds National Historical Park,park unit,Ocmulgee Mounds National Historical Park,32.8273,-83.5944,as listed,Replacement of Copier,"Looking to purchase a Canon DX C5840i Digital Imaging system with duplexing universal by-pass, network printing, scanning, fax board, stapling finisher.",Park operations (ONPS)
994,PWR,Pacific West,OLYM,Olympic National Park,park unit,Olympic National Park,47.7867,-123.5343,as listed,Removal of Dock Pilings at Log Cabin,Contract removal of three dock pilings located at Log Cabin on Lake Crescent,Recreation fees (FLREA)
995,PWR,Pacific West,OLYM,Olympic National Park,park unit,Olympic National Park,47.7867,-123.5343,as listed,Replace In Kind Two Stock Trailer I60212T & I59662T,"Two of the four parks 20’ stock trailers, are over 20 years old and are nearing the end of their intended lifecycles. These 14,000 GVW stock trailers haul 8 mules, along with pack boxes and tools and equipment (up to 14,000# of cargo), over paved US highways and rough and steep unpaved mountain roads. New stock trailers will allow our program to continue safe transportation of stock and gear throughout the entirety of the park to support all wilderness programs.",Other
996,PWR,Pacific West,ORCA,Oregon Caves National Monument and Preserve,park unit,Oregon Caves National Monument and Preserve,42.1046,-123.4043,as listed,Rehabilitate Cave Lighting - Title II,"Title II AE design services for the rehabilitation of the cave lighting system, including replacement and addition of light fixtures, cabling, switches, outlets, electrical panels, and cave phone system.",Repair and rehabilitation
997,PWR,Pacific West,ORCA,Oregon Caves National Monument and Preserve,park unit,Oregon Caves National Monument and Preserve,42.1046,-123.4043,as listed,Rehabilitate Illinois Valley Visitor Center - Title II,"Title II task order for A/E design services to rehabilitate the Illinois Valley Visitor Center. Building rehabilitation includes architectural, structural, fire protection, mechanical, engineering, and plumbing scope.",Repair and rehabilitation
998,PWR,Pacific West,ORCA,Oregon Caves National Monument and Preserve,park unit,Oregon Caves National Monument and Preserve,42.1046,-123.4043,as listed,Rehabilitate Illinois Valley Visitor Center Parking Lot- Title II,"Title II AE design services to rehabilitate the existing parking lot, sidewalks, curbs, and accessible ramps to meet accessibility standards and improve drainage. Project includes demolishing existing pavement, regrading lot, placing new pavement for parking lot and accessible routes, and restriping parking lot.",Repair and rehabilitation
999,PWR,Pacific West,ORCA,Oregon Caves National Monument and Preserve,park unit,Oregon Caves National Monument and Preserve,42.1046,-123.4043,as listed,Rehabilitate Kiosk Restrooms and Visitor Contact Station to Improve Visitor Access and Experience,"This project addresses necessary repairs to the facility and improves accessibility. The interior partitions will be reconfigured one accessible stall in each side of the restroom. The sinks and faucets will be replaced with accessible and efficient fixtures, 2 each. The urinal in the men’s room will be replaced with a waterless urinal, and the remaining three toilets will be replaced with low-flow models.",Recreation fees (FLREA)
1000,PWR,Pacific West,ORCA,Oregon Caves National Monument and Preserve,park unit,Oregon Caves National Monument and Preserve,42.1046,-123.4043,as listed,Rehabilitate Old and Vandalized Interpretive Waysides at Illinois Valley Visitor Center,"This project will rehabilitate faded, broken and vandalized outdoor exhibits located outside the Illinois Valley Visitor Center in Cave Junction, Oregon. The project will entail removal of seven interpretive panels and wood mountings, including a kiosk. Six large rocks used for a geology exhibit will be moved to a different, safer location to prevent injuries. Rehabilitation will entail creation of one new information sign and mounting.",Recreation fees (FLREA)
1001,PWR,Pacific West,ORCA,Oregon Caves National Monument and Preserve,park unit,Oregon Caves National Monument and Preserve,42.1046,-123.4043,as listed,Replace Four Trailhead Signs,"Need to purchase metal sign stands, for trail sign inserts.",Cyclic maintenance
1002,PWR,Pacific West,ORCA,Oregon Caves National Monument and Preserve,park unit,Oregon Caves National Monument and Preserve,42.1046,-123.4043,as listed,Replace Shared Bathroom and Kitchen in Quarters #5,"Work will consist of demolishing and replacing all existing kitchen cabinets and countertops and replacing with new. New kitchen sink, faucet, backsplash and floor tiles will be installed. All existing bathroom fixtures including sink, shower/tub, flooring, and toilet will be removed and new fixtures and flooring installed.",Cyclic maintenance
1003,IMR,Intermountain,ORPI,Organ Pipe Cactus National Monument,park unit,Organ Pipe Cactus National Monument,32.0084,-112.8755,as listed,Cyclic Striping of Paved Roads,Cyclic striping of all paved roads and parking lots parkwide.,Cyclic maintenance
1004,IMR,Intermountain,ORPI,Organ Pipe Cactus National Monument,park unit,Organ Pipe Cactus National Monument,32.0084,-112.8755,as listed,Maintain Unpaved Road,"This project will maintain approximately 17 unpaved miles of the Ajo Mountain Drive road. Work will be done by in-house labor, requires purchase of gravel fill.",Cyclic maintenance
1005,IMR,Intermountain,ORPI,Organ Pipe Cactus National Monument,park unit,Organ Pipe Cactus National Monument,32.0084,-112.8755,as listed,ORPI Pest Control - Year 2 of 5,"Parkwide pest control services (termites, bees, scorpions, noxious arthropods) - first modification for PoP Option year 04/01/2026 through 03/31/2027.",Park operations (ONPS)
1006,IMR,Intermountain,ORPI,Organ Pipe Cactus National Monument,park unit,Organ Pipe Cactus National Monument,32.0084,-112.8755,as listed,ORPI TPCG Bulletin Board,New custom two-sided bulletin board for park safety information to replace fee kiosk & associated facility maintenance at popular ORPI campground.,Park operations (ONPS)
1007,IMR,Intermountain,ORPI,Organ Pipe Cactus National Monument,park unit,Organ Pipe Cactus National Monument,32.0084,-112.8755,as listed,Replace Obsolete and Temporary Housing Units with a Multi-plex Unit - CONSTRUCTION,"This project will replace one obsolete single wide three bedroom trailer and two modular units with a new multi-plex structure using WASO housing prototype design Catalog #2-4 units. This new multiplex will have two 1-bedroom 1- bath units at 527 SF each and two 2-bedroom and 2- bath units at 1,054 SF each. The new building provides handicap accessibility, structural fire, energy conservation, solar and alternative energy to meet park service housing regulations and code compliance.",Repair and rehabilitation
1008,MWR,Midwest,OZAR,Ozark National Scenic Riverways,park unit,Ozark National Scenic Riverways,37.2424,-91.3241,as listed,OZAR IT Buy,"4 Toughbooks, 1 GIS, 14 standard laptops. This is a centralized purchase.",Park operations (ONPS)
1009,MWR,Midwest,OZAR,Ozark National Scenic Riverways,park unit,Ozark National Scenic Riverways,37.2424,-91.3241,as listed,Replace the HVAC System in the Alley General Store,Replace the HVAC System in the Alley General Store,Park operations (ONPS)
1010,PWR,Pacific West,PWRO,Pacific West Regional Office,"office, program, network, or trail","San Francisco, California",37.7963,-122.4009,as listed,MFD - copiers consolidated buy,"replace copiers that older than 5 years old, end of life etc.",Park operations (ONPS)
1011,IMR,Intermountain,PAIS,Padre Island National Seashore,park unit,Padre Island National Seashore,26.7058,-97.3411,as listed,Clean Culverts and Drains Parkwide,"This project will maintain 12 box culverts, 4 open trench culverts headwalls and drop inlets along 8 miles of park road 22, North Beach Access Road and Bird Island Basin.",Cyclic maintenance
1012,IMR,Intermountain,PAIS,Padre Island National Seashore,park unit,Padre Island National Seashore,26.7058,-97.3411,as listed,Down Island Cabin Improvements,"Cabin Security and Access Improvements. The primary work of this project includes, but is not limited to, the improvement of physical security and construction of a ramp extension at PAIS's coastal cabin structure.",Cyclic maintenance
1013,IMR,Intermountain,PAIS,Padre Island National Seashore,park unit,Padre Island National Seashore,26.7058,-97.3411,as listed,FIP - RCM - Grade Unpaved Roads and Parking Areas,This project provides for ongoing cyclic road surface grading of 4 miles of secondary unpaved road and parking lot surfaces located at Padre Island National Seashore.,Cyclic maintenance
1014,IMR,Intermountain,PAIS,Padre Island National Seashore,park unit,Padre Island National Seashore,26.7058,-97.3411,as listed,FY26 Ambulance Service BPA (CALLS),CALLS AGAINST AMBULANCE SERVICE BPA - REFERENCE AAP ID# 7961 - Continue with BPA to provide ambulance services at park events. Contract: D01 140P1325F0028,Park operations (ONPS)
1015,IMR,Intermountain,PAIS,Padre Island National Seashore,park unit,Padre Island National Seashore,26.7058,-97.3411,as listed,FY26 Boat Rental BPA (CALLS),"CALLS AGAINST FY26 BOAT RENTAL BPA - Reference AAP ID # - 7962 - BPA for boat rental for operations support services such as cold-stunned turtle retrieval and release, wildlife surveys, special use permit monitoring, debris removal, and other operational activities. BPA contract # 140P1323A0001. 4th Call.",Park operations (ONPS)
1016,IMR,Intermountain,PAIS,Padre Island National Seashore,park unit,Padre Island National Seashore,26.7058,-97.3411,as listed,FY26 Hazardous Materials Disposal,"New project. Project could potentially be submitted as a base/plus, IDIQ or other procurement method.",Park operations (ONPS)
1017,IMR,Intermountain,PAIS,Padre Island National Seashore,park unit,Padre Island National Seashore,26.7058,-97.3411,as listed,FY26 Hazardous Response Equipment,Supplies & Equipment for field staff responding to hazardous materials.,Park operations (ONPS)
1018,IMR,Intermountain,PAIS,Padre Island National Seashore,park unit,Padre Island National Seashore,26.7058,-97.3411,as listed,FY26 Installation of Radio Equipment (CALLS),"CALLS AGAINST RADIO EUIPMENT BPA - Reference AAP ID #7960 -Install Radios in Park Vehicles, UTVS, Second Call. Contract: D01 SF1449 140P1325A0004",Park operations (ONPS)
1019,IMR,Intermountain,PAIS,Padre Island National Seashore,park unit,Padre Island National Seashore,26.7058,-97.3411,as listed,FY26 LE Armory Outfitting,"Armory Upgrades to meet minimum standards - including AC unit, materials & supplies to make improvements, and a cage.",Park operations (ONPS)
1020,IMR,Intermountain,PAIS,Padre Island National Seashore,park unit,Padre Island National Seashore,26.7058,-97.3411,as listed,FY26 PAAL Black Powder,Purchase sporting grade black powder and friction primers to support FY26 historic weapons at Palo Alto Battlefield National Historical Park.,Park operations (ONPS)
1021,IMR,Intermountain,PAIS,Padre Island National Seashore,park unit,Padre Island National Seashore,26.7058,-97.3411,as listed,FY26 Rehabilitation of Rehab of Fire Suppression,Service for repairs to Turtle Lab fire suppression system.,Other
1022,IMR,Intermountain,PAIS,Padre Island National Seashore,park unit,Padre Island National Seashore,26.7058,-97.3411,as listed,FY26 Rifle Suppressors,Purchase x11 HUXWRX Flow 556k rifle suppressors for Padre Island National Seashore Division of Visitor & Resource Protection to improve employee safety and hearing protection.,Park operations (ONPS)
1023,IMR,Intermountain,PAIS,Padre Island National Seashore,park unit,Padre Island National Seashore,26.7058,-97.3411,as listed,FY26 Rifle Upgrade,"Purchase new upper receiver groups and components to upgrade park firearms rifle program, in order to improve safety and reliability of PAIS existing rifle platforms.",Park operations (ONPS)
1024,IMR,Intermountain,PAIS,Padre Island National Seashore,park unit,Padre Island National Seashore,26.7058,-97.3411,as listed,FY26 SRM RIFLE,PURCHASE .308 RIFLE TO SUPPORT SRM WILDLIFE MANAGEMENT PLAN (WILD PIG MANAGEMENT),Other
1025,IMR,Intermountain,PAIS,Padre Island National Seashore,park unit,Padre Island National Seashore,26.7058,-97.3411,as listed,FY26 STSRS Fume Hood Repair,Fume hood in necropsy lab is in need of repair.,Park operations (ONPS)
1026,IMR,Intermountain,PAIS,Padre Island National Seashore,park unit,Padre Island National Seashore,26.7058,-97.3411,as listed,FY26 Woods Hole Satellite Tracking,"Service Contract to track sea turtle movements using satellite data, collected & processed by an Argos processing center. Contract #: 140P1323P0132, PAIS intends to exercise option year 3.",Other
1027,IMR,Intermountain,PAIS,Padre Island National Seashore,park unit,Padre Island National Seashore,26.7058,-97.3411,as listed,Hazardous Response Training,"Hazardous Response Training, professional development training for park facilities crews.",Park operations (ONPS)
1028,IMR,Intermountain,PAAL,Palo Alto Battlefield National Historical Park,park unit,Palo Alto Battlefield National Historical Park,26.0238,-97.4629,as listed,"CONSTRUCT - Assess, Redesign, and Install New HVAC in Visitor Center","Installation of a modern, energy efficient, cost-effective HVAC system in PAAL's Visitor Center. The new system will replace the current failing, oversized HVAC system.",Repair and rehabilitation
1029,IMR,Intermountain,PAAL,Palo Alto Battlefield National Historical Park,park unit,Palo Alto Battlefield National Historical Park,26.0238,-97.4629,as listed,Replace and Maintain Visitor Center Landscape Features,"The irrigation system needs to be rehabilitated and expanded to better maintain the vegetation around the Visitor Center. The park currently relies on an pop-up sprinkler system that reaches only about half of the maintained landscaping around the building. Large portions of the landscape remain arid and devoid of plant life because of a lack of water. Once the irrigation system is improved, the project would also involve removal of unwanted vegetation, replacing with native plants, and leveling",Repair and rehabilitation
1030,WASO,National (WASO),PPFL,"Park Planning, Facilities, and Lands directorate","office, program, network, or trail","NPS headquarters, Washington, DC",38.8939,-77.0427,as listed,CACH Joint Management Planning,Contractor support for facilitation of community meetings and recommendations for joint management planning.,Other
1031,WASO,National (WASO),PPFL,"Park Planning, Facilities, and Lands directorate","office, program, network, or trail","NPS headquarters, Washington, DC",38.8939,-77.0427,as listed,CAHA Buxton Tech Support,CERCLA Technical Support contractor for Buxton FUDS project,Central Hazardous Materials Fund
1032,WASO,National (WASO),PPFL,"Park Planning, Facilities, and Lands directorate","office, program, network, or trail","NPS headquarters, Washington, DC",38.8939,-77.0427,as listed,CAHA Ocracoke DKQ Well Abandonment,Abandon monitoring well upon receipt of NFA from NC DEC,Central Hazardous Materials Fund
1033,WASO,National (WASO),PPFL,"Park Planning, Facilities, and Lands directorate","office, program, network, or trail","NPS headquarters, Washington, DC",38.8939,-77.0427,as listed,CAHA Oregon Inlet Limited Site Assessment,Investigation for petroleum contamination in response to NC DEC letter,Central Hazardous Materials Fund
1034,WASO,National (WASO),PPFL,"Park Planning, Facilities, and Lands directorate","office, program, network, or trail","NPS headquarters, Washington, DC",38.8939,-77.0427,as listed,CAHA Weather Bureau Limited Site Assessment,Investigation for petroleum contamination in response to NC DEC letter,Central Hazardous Materials Fund
1035,WASO,National (WASO),PPFL,"Park Planning, Facilities, and Lands directorate","office, program, network, or trail","NPS headquarters, Washington, DC",38.8939,-77.0427,as listed,Energy Efficiency and Database Management Support & Reporting,"Annual energy and water data reporting, energy and water audits, energy conservation measures implementation, energy and water cost savings and efficiency of our facilities are annually required reporting for the NPS. The NPS has a mandate for compliance with the following federal laws/ statues: Energy Act 2020, Energy Independence and Security Act 2007 (EISA), the Energy Policy Act (EPACT) of 2005, Energy Policy Act of 1992, Pollution Prevention Act of 1990, and National Energy Conservation Pol",Park operations (ONPS)
1036,WASO,National (WASO),PPFL,"Park Planning, Facilities, and Lands directorate","office, program, network, or trail","NPS headquarters, Washington, DC",38.8939,-77.0427,as listed,IOPS AMRS Technology Refresh Conversion Services,"Report writing and development services to support development, modernization and enhancement of the Asset Management Reporting System, the official reporting system for FMSS to convert it to a new technology platform. In FY 2024, PFMD initiated the Reports Technology Refresh Project to create an updated reporting technology platform for EFMSS that provides best value to the Government and a modern report inventory that is useful for users, lean, responsive, efficient, maintainable and that",Park operations (ONPS)
1037,WASO,National (WASO),PPFL,"Park Planning, Facilities, and Lands directorate","office, program, network, or trail","NPS headquarters, Washington, DC",38.8939,-77.0427,as listed,IOPS AMRS Technology Refresh New Platform Development Environment,"Licensing and maintenance required to support the development environment for the FY24 EFMSS Report Technology Refresh project. In FY 2024, PFMD initiated the Reports Technology Refresh Project to create an updated reporting technology platform for EFMSS that provides best value to the Government and a modern report inventory that is useful for users, lean, responsive, efficient, maintainable and that supports today€™s reporting requirements of the field.",Park operations (ONPS)
1038,WASO,National (WASO),PPFL,"Park Planning, Facilities, and Lands directorate","office, program, network, or trail","NPS headquarters, Washington, DC",38.8939,-77.0427,as listed,IOPS Data Center Azure Assessment,Assessed data center hosting cost to support Azure services and Microsoft support subscriptions. This include the hosting virtual servers in Azure (EFMSS and Transportation) and PFMD Azure data analytic services.,Park operations (ONPS)
1039,WASO,National (WASO),PPFL,"Park Planning, Facilities, and Lands directorate","office, program, network, or trail","NPS headquarters, Washington, DC",38.8939,-77.0427,as listed,IOPS FMSS IT O&M Support,"Required O&M support to operate and maintain EFMSS applications and hardware infrastructure. This includes end to end application maintenance (bug fixes, customization, support, patching), backup, restore, continuity of operations, development, initiative implementation and security support. Lapse of this item will result in the inability to run EFMSS at a functional level.",Park operations (ONPS)
1040,WASO,National (WASO),PPFL,"Park Planning, Facilities, and Lands directorate","office, program, network, or trail","NPS headquarters, Washington, DC",38.8939,-77.0427,as listed,IOPS IBM Maximum Annual Maintenance,"IAA for DOI negotiated and awarded vendor licensing for IBM Maximo Maintenance, the customized COTS product used for EFMSS.",Park operations (ONPS)
1041,WASO,National (WASO),PPFL,"Park Planning, Facilities, and Lands directorate","office, program, network, or trail","NPS headquarters, Washington, DC",38.8939,-77.0427,as listed,IOPS Oracle Licensing and Support,Vendor licensing and support required to maintain in production application core component. Lapse of this item will result in the inability to continue use of this software and will result in the inability to operate EFMSS as designed. This particular item is the underlying database application infrastructure used by EFMSS applications.,Park operations (ONPS)
1042,WASO,National (WASO),PPFL,"Park Planning, Facilities, and Lands directorate","office, program, network, or trail","NPS headquarters, Washington, DC",38.8939,-77.0427,as listed,IOPS RRB and FASAB,"Report writing and development services required to support the Asset Management Reporting System, the official reporting system for FMSS. Lapse of this item will result in loss of mission critical and required reporting capabilities.",Park operations (ONPS)
1043,WASO,National (WASO),PPFL,"Park Planning, Facilities, and Lands directorate","office, program, network, or trail","NPS headquarters, Washington, DC",38.8939,-77.0427,as listed,IOPS SAP BusinessObjects Maintenance Renewal,"Licensing and maintenance support required to support the Asset Management Reporting System, the official reporting system for FMSS. Lapse of this item will result in loss of mission critical reporting capabilities.",Park operations (ONPS)
1044,WASO,National (WASO),PPFL,"Park Planning, Facilities, and Lands directorate","office, program, network, or trail","NPS headquarters, Washington, DC",38.8939,-77.0427,as listed,LAKE Katherine Mine CERCLA Activities,"Technical Support Contractor for CERCLA activities: EE/CA, Contaminated Site Management Plan, etc.",Central Hazardous Materials Fund
1045,WASO,National (WASO),PPFL,"Park Planning, Facilities, and Lands directorate","office, program, network, or trail","NPS headquarters, Washington, DC",38.8939,-77.0427,as listed,MOJA Hidden Hills Removal Action,CERLCA Removal Action at former mine,Central Hazardous Materials Fund
1046,WASO,National (WASO),PPFL,"Park Planning, Facilities, and Lands directorate","office, program, network, or trail","NPS headquarters, Washington, DC",38.8939,-77.0427,as listed,MOJA Morning Star Mine Technical Support,Technical Support for CERCLA activities and limited sampling,Central Hazardous Materials Fund
1047,WASO,National (WASO),PPFL,"Park Planning, Facilities, and Lands directorate","office, program, network, or trail","NPS headquarters, Washington, DC",38.8939,-77.0427,as listed,NAMA Tech Support for East Potomac Golf Course,Technical Support Contractor for SWPPP monitoring and import monitoring of soil from the East Wing Modification,Central Hazardous Materials Fund
1048,WASO,National (WASO),PPFL,"Park Planning, Facilities, and Lands directorate","office, program, network, or trail","NPS headquarters, Washington, DC",38.8939,-77.0427,as listed,Park Energy & Water Audits,"Complete Level II ASHRAE audits in accordance with Section 432 of the Energy Independence and Security Act of 2007 (EISA), and Energy Act 2020. Audits are required every 4 years by law for high energy and water producing federal facilities. The NPS has a mandate for compliance with the following federal laws/ statues: Energy Act 2020, Energy Independence and Security Act 2007 (EISA), the Energy Policy Act (EPACT) of 2005, Energy Policy Act of 1992, Pollution Prevention Act of 1990, and National",Park operations (ONPS)
1049,WASO,National (WASO),PPFL,"Park Planning, Facilities, and Lands directorate","office, program, network, or trail","NPS headquarters, Washington, DC",38.8939,-77.0427,as listed,PFMD-NPS Current Replacement Value (CRV) Calculator,"Provide support to the Asset Management Branch for development or modification of CRVs for individual asset types. Maintain functionality, respond to FMP Help desk support needs. Execute annual update to the cost basis, maintain worksheets to include minor adjustments. Major calculator worksheet changes or additions will be classified as developmental work.",Park operations (ONPS)
1050,WASO,National (WASO),PPFL,"Park Planning, Facilities, and Lands directorate","office, program, network, or trail","NPS headquarters, Washington, DC",38.8939,-77.0427,as listed,PFMD-Strategic Infrastructure Support Service,"The Park Facility Maintenance Division, provides an array of tools to assist Regions and Parks in meeting their requirements for tracking and maintaining their current inventory and its condition, allowing the National Park Service the ability to report its deferred maintenance and repair (DM&R), which is widely tracked through Congress and other governmental and nongovernmental entities. The National Park Service is required by law, Federal Property Management Reform Act of 2016-PLAW-114publ318",Park operations (ONPS)
1051,WASO,National (WASO),PPFL,"Park Planning, Facilities, and Lands directorate","office, program, network, or trail","NPS headquarters, Washington, DC",38.8939,-77.0427,as listed,SAGU Old Yuma Mine EE/CA,"Technical Support Contractor for CERCLA activities: EE/CA, Contaminated Site Management Plan, etc.",Central Hazardous Materials Fund
1052,WASO,National (WASO),PPFL,"Park Planning, Facilities, and Lands directorate","office, program, network, or trail","NPS headquarters, Washington, DC",38.8939,-77.0427,as listed,SEKI Grant Grove Post RA Revegetation,Revegetation and monitoring of disturbed areas post excavation,Central Hazardous Materials Fund
1053,WASO,National (WASO),PPFL,"Park Planning, Facilities, and Lands directorate","office, program, network, or trail","NPS headquarters, Washington, DC",38.8939,-77.0427,as listed,Solid Waste Management Program Support and Reporting,"The NPS must comply with federal waste reduction laws to reduce hazardous and non-hazardous solid waste at the parks, and sustainable procurement requirements to conserve resources, reduce waste, and save money. Reporting is required annually by law. To meet these objectives, the NPS must complete the SWMD annual reporting; solid waste reduction and diversion, including waste reduction; sustainable procurement; and park specific recycling audits and recommendations. EO 13834 section 6, Save Our",Park operations (ONPS)
1054,NER,Northeast,PAGR,Paterson Great Falls National Historical Park,park unit,Paterson Great Falls National Historical Park,40.9169,-74.1793,as listed,Pre-Design & Final Design for Project: Raceway SUM Gatehouse Rehabilitation,"This partnership project is to stabilize and rehabilitate the 1846 SUM Gatehouse. The condition of the Gatehouse is described in the Park’s General Management Plan (2016) and a recent engineering report as poor. The project will include documentation and investigation, draining water from the raceway beneath the structure; stabilization, repair and rehabilitation of the building structural timber frame, floor framing timbers bearing on raceway walls and extending into the canal bed, the concrete",Other
1055,PWR,Pacific West,PERL,Pearl Harbor National Memorial,park unit,Pearl Harbor National Memorial,21.367,-157.9385,as listed,Rehabilitate Historic Chief Petty Officer Bungalow 68,Rehabilitation and the Historic Preservation Chief Petty Officer Bungalow 68,Other
1056,PWR,Pacific West,PERL,Pearl Harbor National Memorial,park unit,Pearl Harbor National Memorial,21.367,-157.9385,as listed,Rehabilitate Landscaping at PHVC,This contract action is to complete Title I Design Development Services to rehabilitate the landscaping at Pearl Harbor Visitor Center. Schematic design services were completed in 2025 by Mason Architects. This task order can be combined with PMIS #348413 (Replace Irrigation System) as separate CLINs.,Recreation fees (FLREA)
1057,PWR,Pacific West,PERL,Pearl Harbor National Memorial,park unit,Pearl Harbor National Memorial,21.367,-157.9385,as listed,Replace Irrigation System at PHVC,This contract action is to complete Title I Design Development Services to rehabilitate the landscaping at Pearl Harbor Visitor Center. Schematic design services were completed in 2025 by Mason Architects. This task order can be combined with PMIS #324155 (Rehab Landscaping) as separate CLINs.,Recreation fees (FLREA)
1058,PWR,Pacific West,PERL,Pearl Harbor National Memorial,park unit,Pearl Harbor National Memorial,21.367,-157.9385,as listed,Virtual Queuing for Visitor Standby,The purpose of this project is to permanently implement a virtual queueing system to reduce the amount of time visitors shall stand in line waiting for a standby seat for a boat out to visit the USS Arizona Memorial. This virtual queuing system shall hold a place in line for the visitor until a seat becomes available. The visitor shall be notified via text and then go to the standby callback check-in area to board the boat.,Recreation fees (FLREA)
1059,IMR,Intermountain,PECO,Pecos National Historical Park,park unit,Pecos National Historical Park,35.5381,-105.6749,as listed,IT Consolidated Buy,Replacement of up to 7 laptops due to computer aging policies,Park operations (ONPS)
1060,IMR,Intermountain,PECO,Pecos National Historical Park,park unit,Pecos National Historical Park,35.5381,-105.6749,as listed,"Medical Advisory Services for Shared Agreement locations (PECO, BAND, VALL, PETR)",Required to have a medical oversight provided by a certified medical director for Law Enforcement programs.,Park operations (ONPS)
1061,IMR,Intermountain,PECO,Pecos National Historical Park,park unit,Pecos National Historical Park,35.5381,-105.6749,as listed,Paint and Repair Casita Exterior,"This project will conduct well-timed cyclic maintenance on the exterior envelope of the historic Casita at Pecos NHP. Project work includes cleanup and repair of the base stucco and exterior surfaces, followed by application of cementite stucco finish color coat and painting of all exterior wood surfaces and features. This will preserve the condition of the Casita and provide for long life cycle before the tasks need to be repeated.",Cyclic maintenance
1062,NER,Northeast,PETE,Petersburg National Battlefield,park unit,Petersburg National Battlefield,37.1447,-77.6156,as listed,Disposal of Surplus Materials,Project seeks to dispose lead bullets and iron materials that were illegally removed from the park in the early 2000s for which no provenance about space of recovery was clearly known at the time the relic hunter was caught and convicted in 2011. Items should be microencapsulated and housed for landfill disposal that prevents additional environmental impact but prevents materials from being put on the market or otherwise distributed to people.,Park operations (ONPS)
1063,NER,Northeast,PETE,Petersburg National Battlefield,park unit,Petersburg National Battlefield,37.1447,-77.6156,as listed,"PETE- Determination of Eligibility for Hickory Hill Structures: RM, LE, and HQ","The park would like to acquire services to evaluate the eligibility of three buildings on Hickory Hill Rd. to the National Register of Historic Places ahead of their proposed demolition. Contractors would conduct the required research and write documentation to be submitted to the reviewing institution, the Virginia Department of Historic Resources.",Park operations (ONPS)
1064,IMR,Intermountain,PEFO,Petrified Forest National Park,park unit,Petrified Forest National Park,34.9311,-109.7727,as listed,Cyclic Replacement of Patio at Holbrook House 05,"This project involves replacing 200 square feet of damaged patio pavers caused by drainage and erosion issues. The work will begin with re-stabilizing the patio area to address water management problems, including improving drainage and grading to prevent further erosion. Once stabilized, the old pavers will be removed and replaced with new ones. Additionally, gutters and downspouts adjacent to the patio will be replaced to better direct water away from the area and prevent future damage.",Cyclic maintenance
1065,IMR,Intermountain,PEFO,Petrified Forest National Park,park unit,Petrified Forest National Park,34.9311,-109.7727,as listed,Design Services for Exhibits in the Visitor Center,"Design interpretive exhibits in the Painted Desert Visitor Center. Currently, regional and some park orientation is provided to the approximately 450,000 travelers who enter the visitor center.",Recreation fees (FLREA)
1066,IMR,Intermountain,PEFO,Petrified Forest National Park,park unit,Petrified Forest National Park,34.9311,-109.7727,as listed,Emergency Replacement of Painted Desert Inn Sewer Pumps,This project will replace Two (2) 1 horsepower wastewater grinder pumps at the Painted Desert Inn Wastewater Lift Station and inspect and make any necessary repairs to the electrical system and floats inside the lift station well. The lift station utilizes an E/One lift station grinder pump system and will require the use of E/One Extreme Series Grinder pumps. No other pump will fit in the system.,Park operations (ONPS)
1067,IMR,Intermountain,PEFO,Petrified Forest National Park,park unit,Petrified Forest National Park,34.9311,-109.7727,inferred from title or description,Prospectus Development for PEFO001,Prospectus Development for PEFO001,Concession franchise fees
1068,IMR,Intermountain,PETR,Petroglyph National Monument,park unit,Petroglyph National Monument,35.14,-106.7453,as listed,Emergency HVAC System Replacement at Visitor Information Center 3 locations,"The HVAC systems at the Visitor Information Center including the Amphitheater, VC Multi purpose Room, and Armory have failed and have outlived their lifespan. Replacement is necessary.",Park operations (ONPS)
1069,IMR,Intermountain,PETR,Petroglyph National Monument,park unit,Petroglyph National Monument,35.14,-106.7453,as listed,Purchase 5 Solar Motion Sensor Street Lights,Solar Lights needed to provide Physical Security to the new expanded Headquarters Boneyard.,Park operations (ONPS)
1070,MWR,Midwest,PIRO,Pictured Rocks National Lakeshore,park unit,Pictured Rocks National Lakeshore,46.5483,-86.3788,as listed,Augmented Reality Sandbox,"Augmented Reality Sandbox to include Microsoft Kinect, projector, keyboard, mouse, AR software, instruction manual.",Park operations (ONPS)
1071,MWR,Midwest,PIRO,Pictured Rocks National Lakeshore,park unit,Pictured Rocks National Lakeshore,46.5483,-86.3788,as listed,ECCB Managed Project PIRO Au Sable EECA RAM,"PIRO Au Sable Lighthouse - Engineering, Evaluation, and Cost Estimate and Removal Action Memorandum for the removal of lead contaminated soil at the lighthouse.",Other
1072,MWR,Midwest,PIRO,Pictured Rocks National Lakeshore,park unit,Pictured Rocks National Lakeshore,46.5483,-86.3788,as listed,Fabricate and Install Metal Handrail,Project will require custom fabrication installation of metal pipe handrail on the Sand Point Boathouse deck and stairs. A design will be provided to the vendor by the park.,Recreation fees (FLREA)
1073,MWR,Midwest,PIRO,Pictured Rocks National Lakeshore,park unit,Pictured Rocks National Lakeshore,46.5483,-86.3788,as listed,Purchase Thermal Camera System,M364C THERMAL CAMERA SYSTEM WITHOUT JCU,Park operations (ONPS)
1074,MWR,Midwest,PIRO,Pictured Rocks National Lakeshore,park unit,Pictured Rocks National Lakeshore,46.5483,-86.3788,as listed,Purchase Tractor and Implements,"Purchase of a 60 HP tractor with deluxe cab, block heater, loaded rear tires and mid PTO. The tractor implements will include a 72"" wide bucket and an 80"" snow blower. Service and parts manuals will also be required.",Park operations (ONPS)
1075,MWR,Midwest,PIRO,Pictured Rocks National Lakeshore,park unit,Pictured Rocks National Lakeshore,46.5483,-86.3788,as listed,Purchase Waysides,"Purchase of custom informational wayside panels, frames and hardware.",Cyclic maintenance
1076,PWR,Pacific West,PINN,Pinnacles National Park,park unit,Pinnacles National Park,36.4754,-121.1734,as listed,Install Shade Structure West Side Visitor Contact Station Amphitheater,This project install a 750 square foot shade structure at the West Side Visitors Contact Station Amphitheater where none currently exists. Work will be completed by non-permanent NPS day labor in conjunction with contractors.,Recreation fees (FLREA)
1077,PWR,Pacific West,PINN,Pinnacles National Park,park unit,Pinnacles National Park,36.4754,-121.1734,as listed,Rehabilitate Westside Off-Grid Photovoltaic System,"Retrofit the Westside Energy and Mechanical Systems This project will replace and upgrade components of the West Pinnacles energy and mechanical systems. Improvements will include: Additional PV capacity, new lithium battery storage, new upgraded propane generator, various ancillary electrical components, new chiller tank, piping, and ancillary mechanical component. This project will be completed by contract labor.",Recreation fees (FLREA)
1078,PWR,Pacific West,PINN,Pinnacles National Park,park unit,Pinnacles National Park,36.4754,-121.1734,as listed,Rehabilitate Westside Off-Grid Photovoltaic System - Title III Services,"This project will replace and upgrade components of the West Pinnacles energy and mechanical systems. Improvements will include: Additional PV capacity, new lithium battery storage, new upgraded propane generator, various ancillary electrical components, new chiller tank, piping, and ancillary mechanical component. This project will be completed by contract labor.",Repair and rehabilitation
1079,PWR,Pacific West,PORE,Point Reyes National Seashore,park unit,Point Reyes National Seashore,38.0708,-122.9175,as listed,Complete Building Repairs to Historic Structure,Complete building repairs to the antenna tuning Building at the Marconi Transmitting Station Historic Districting,Cultural cyclic maintenance
1080,PWR,Pacific West,PORE,Point Reyes National Seashore,park unit,Point Reyes National Seashore,38.0708,-122.9175,as listed,Install Government-Owned HVAC in Park Buildings,Installation of government-owned HVAC system in two park buildings.,Park operations (ONPS)
1081,PWR,Pacific West,PORE,Point Reyes National Seashore,park unit,Point Reyes National Seashore,38.0708,-122.9175,as listed,Purchase of Cobblestone Blocks,Purchase of Belgian Block 4x8 Cobblestone for Park Project - Chimney Rock Trail,Repair and rehabilitation
1082,PWR,Pacific West,PORE,Point Reyes National Seashore,park unit,Point Reyes National Seashore,38.0708,-122.9175,as listed,Repair/Repoint Stonewalls at Historic Lifeboat Station,Repoint stone masonry wall and repair dry-stacked rock wall at Historic Lifeboat Station,Cultural cyclic maintenance
1083,PWR,Pacific West,PORE,Point Reyes National Seashore,park unit,Point Reyes National Seashore,38.0708,-122.9175,as listed,Replace Deteriorated Interpretive Wayside Exhibits at Morgan Horse Ranch,Replace Deteriorated Interpretive Wayside Exhibits at Morgan Horse Ranch,Cyclic maintenance
1084,PWR,Pacific West,PORE,Point Reyes National Seashore,park unit,Point Reyes National Seashore,38.0708,-122.9175,as listed,Replace Faded and Outdated Exhibit Panels and Photos at Bear Valley Visitor Center,Replace Faded and Outdated Exhibit Panels and Photos at Bear Valley Visitor Center,Cyclic maintenance
1085,PWR,Pacific West,PORE,Point Reyes National Seashore,park unit,Point Reyes National Seashore,38.0708,-122.9175,as listed,Replace Outdated Audio-Visual Equipment in Bear Valley Visitor Center,Replace Outdated Audio-Visual Equipment in Bear Valley Visitor Center,Recreation fees (FLREA)
1086,NCR,National Capital,POHE,Potomac Heritage National Scenic Trail,"office, program, network, or trail","Williamsport, Maryland",39.6003,-77.8243,as listed,HRS Community Outreach and Research and Writing (Phase 2),This project is the second component of a data gathering effort to identify Stake Holders associated with POHE. The park is working to gather information for planning purposes and this is a critical first step to moving forward with other data gathering and baseline document efforts.,Cultural resources
1087,NCR,National Capital,POHE,Potomac Heritage National Scenic Trail,"office, program, network, or trail","Williamsport, Maryland",39.6003,-77.8243,as listed,"Phase II HRS Community Outreach, Research and Writing",The project will complete a Historic Resource Study (HRS) of African American History along the Potomac Heritage National Scenic Trail corridor. The HRS will serve as baseline documentation for the park and will help guide development of an upcoming Comprehensive Management Plan (CMP) and will also facilitate future partnerships with communities along the trail.,Cultural resources
1088,NCR,National Capital,PRWI,Prince William Forest Park,park unit,Prince William Forest Park,38.5856,-77.381,as listed,Complete Archeological Identification and Evaluation of the Chopawamsic Backcountry Year 1,This project entrails contractual services for archeological survey in the Chopawomsic back country of PRWI. This work is mandated by Section 110 of the NHPA and the Archeological Resources Protection Act. This work is needed to assist park with management and planning needs. This is Year 1 of a planned 3 year project.,Not specified
1089,NCR,National Capital,PRWI,Prince William Forest Park,park unit,Prince William Forest Park,38.5856,-77.381,as listed,Computer Equipment Replacement,Replacement of Desktops and Laptops at end of life,Not specified
1090,NCR,National Capital,PRWI,Prince William Forest Park,park unit,Prince William Forest Park,38.5856,-77.381,as listed,Cyclic Dredging of Historic Lake,"The following phases will be the dredging, removal and transporting of the materials to an onsite storage containment area. The dredged material will be allowed to air dry and will be mixed with woodchips and composted. The recycled material will be used as planting material in flower beds within the park site.",Not specified
1091,NCR,National Capital,PRWI,Prince William Forest Park,park unit,Prince William Forest Park,38.5856,-77.381,as listed,Design Repair and Improve Visitor Access to Theater Building Camp Four.,"This project will address ongoing structural and exterior deterioration, deferred maintenance, and safety concerns at the Historic Camp four Theatre. Building foundation and structural elements will be stabilized. The building envelope will be repaired and treated to slow future deterioration. Outdated building systems will be replaced, including roofing, interior electrical systems, and plumbing components.",Not specified
1092,NCR,National Capital,PRWI,Prince William Forest Park,park unit,Prince William Forest Park,38.5856,-77.381,as listed,Improve Visitor Access at Carter's Pond,"Create a fully accessible and safe visitor experience at Carter€™s Pond by improving the existing trail and wildlife viewing area. Develop a design that includes sustainable and environmentally friendly construction methods and materials along the existing 753 foot trail and boardwalk. The existing boardwalk over the headwaters to the pond is about 50’ long and 3’ wide. Widen the boardwalk to approximately 6’, lengthen it to approximately 80’, and include sloping ramps to meet Architectural Barri",Not specified
1093,NCR,National Capital,PRWI,Prince William Forest Park,park unit,Prince William Forest Park,38.5856,-77.381,as listed,Installation of Accessible Picnic Pads and Sidewalk at Pine Grove,"Installation of accessible picnic pads and sidewalk at Pine Grove picnic and playground area at Prince William Forest Park. This project will remove 2,381 square feet of existing standard sidewalk and walkways and install an accessible Architectural Barriers Act Accessibility Standards (ABAAS) walkway and pull off/rest area/picnic pads.",Not specified
1094,NCR,National Capital,PRWI,Prince William Forest Park,park unit,Prince William Forest Park,38.5856,-77.381,as listed,Land Surveying,Land and boundary surveying,Not specified
1095,NCR,National Capital,PRWI,Prince William Forest Park,park unit,Prince William Forest Park,38.5856,-77.381,as listed,Paint and Stain Exterior of 46 Historic and Non-Historic Buildings in Cabin Camp 1,"Cyclic painting and staining work will be performed on the exterior surfaces of 46 wooden structures throughout Cabin Camp 1 (Camp Goodwill) in Prince William Forest Park (PRWI). The 46 structures include all of the sleeping cabins, 4 Unit Lodges, 1 Craft Lodge, 6 Bathhouses, Building 65 and Storage Building 30. Total of 10 structures out of the 46 are on the List of Classified Structures (LCS). Work will include minor repairs as needed to all wood surfaces, windows, doors, porches and steps.",Not specified
1096,NCR,National Capital,PRWI,Prince William Forest Park,park unit,Prince William Forest Park,38.5856,-77.381,as listed,Paint and Statin Exterior of 33 Historic Buildings and Structures at Cabin Camp 5,"This project aims to preserve the historic structures of Cabin Camp 5 (Camp Happyland) by performing essential maintenance, including painting and staining. These efforts will protect the buildings from weathering, extend their lifespan, and enhance the visitor experience Conduct painting and staining on the exterior surfaces of 33 historic wooden structures within Cabin Camp 5.",Not specified
1097,NCR,National Capital,PRWI,Prince William Forest Park,park unit,Prince William Forest Park,38.5856,-77.381,as listed,Perform Cyclic Maintenance on Wastewater Systems,A contractor will pump and clean waste water wet pits and perform cyclic maintenance on 21 wastewater lift stations. The work will be done by a certified contractor who can enter confined spaces. Work will include: pumping wet pits/holding tanks; cleaning built up wall scaling and removing debris from pit; repairing and sealing the tanks as necessary; replacing pump components as needed.,Not specified
1098,NCR,National Capital,PRWI,Prince William Forest Park,park unit,Prince William Forest Park,38.5856,-77.381,as listed,Perform Parkwide Roadside Tree Pruning,"The purpose of this project is to clear roadside trees growing too close to the road present a significant threat to drivers whose attention wanders. Consider removing any tree that seems to attract scrapes and accidents. Dead or damaged trees should also be removed. Overhanging branches should be trimmed. Remove Overgrown brush – Tall, dense weeds and bushes pose sight hazards and other potential issues for drivers.",Not specified
1099,NCR,National Capital,PRWI,Prince William Forest Park,park unit,Prince William Forest Park,38.5856,-77.381,as listed,Prepare Combined Historic Structures Report for Cabin Camp 4 at Prince William Forest Park,Prepare Combined Historic Structures Report for Cabin Camp 4 at Prince William Forest Park,Not specified
1100,NCR,National Capital,PRWI,Prince William Forest Park,park unit,Prince William Forest Park,38.5856,-77.381,as listed,Prepare Updated National Register Nomination for Prince William Forest Park,Prepare Updated National Register Nomination for Prince William Forest Park,Not specified
1101,NCR,National Capital,PRWI,Prince William Forest Park,park unit,Prince William Forest Park,38.5856,-77.381,as listed,Produce an HSR for the Historic Visitor Center Building,"The purpose of this project is to enhance accessibility in accordance with the Architectural Barriers Act Accessibility Standards (ABAAS) by adding an addition to the existing Interpretation and Visitor Services (IVS) facility. The addition will replace the current office space located in the park visitor center basement, which does not meet modern accessibility standards and is inadequate for staff capacity needs.",Not specified
1102,NCR,National Capital,PRWI,Prince William Forest Park,park unit,Prince William Forest Park,38.5856,-77.381,as listed,PRWI IT Infrastructure Fiber Install,"Mission Critical - Day to Day Operations - Contract with local utility to install fiber network cables to three buildings (Visitor Center, Entrance Station and Head Quarters) within the park to improve network connectivity essential to all park ops.",Not specified
1103,NCR,National Capital,PRWI,Prince William Forest Park,park unit,Prince William Forest Park,38.5856,-77.381,as listed,Ratification - Thermocouple Safety Valve Repair,Outstanding Ratification for Thermocouple Safety Valve Kit,Not specified
1104,NCR,National Capital,PRWI,Prince William Forest Park,park unit,Prince William Forest Park,38.5856,-77.381,as listed,Rehabilitate Piedmont Trail for Accessibility & Safety,Improve the surface of the Piedmont Trail to improve visitor experience. Improvements will ensure the trail is compliant with the Architectural Barriers Act Accessibility Standards (ABAAS) to include visual and mobility standards.,Not specified
1105,NCR,National Capital,PRWI,Prince William Forest Park,park unit,Prince William Forest Park,38.5856,-77.381,as listed,Remove or Prune Hazardous and Diseased Trees,"This project is for the technical removal of diseased and hazardous trees which could damage Prince William Forest Park’s resources. The work will include the cutting and removal of hazardous trees and resulting reuse or disposal of debris. The removal of hazardous trees is located in the park including cultural landscapes, along park boundaries with privately owned properties and along roadways which may damage property.",Not specified
1106,NCR,National Capital,PRWI,Prince William Forest Park,park unit,Prince William Forest Park,38.5856,-77.381,as listed,Repair Walkways at Oak Ridge and Turkey Run Campgrounds,"Repairs will be made to the existing concrete walkways to the comfort stations in Loops A and B within the Oak Ridge Campground as well as the Turkey Run Campground. The Oak Ridge Campground Loop C walkway, which is currently made of asphalt, will be removed, and new concrete walkway will be constructed in its place.",Not specified
1107,NCR,National Capital,PRWI,Prince William Forest Park,park unit,Prince William Forest Park,38.5856,-77.381,as listed,Replace Inefficient Well at Lease Property (Shah House),Rollover FY25 requirement,Not specified
1108,NCR,National Capital,PRWI,Prince William Forest Park,park unit,Prince William Forest Park,38.5856,-77.381,as listed,Replace Water Fountains,"The purpose of this project is to replace, purchase, and install an accessible water bottle filling station at four locations in the park (Parking lot F and G) located on Scenic Drive in Prince William Park, Pine Grove Picnic Area and Oak Ridge Campground. This project will provide all visitors with potable water to fill re-usable water bottles.",Not specified
1109,NCR,National Capital,PRWI,Prince William Forest Park,park unit,Prince William Forest Park,38.5856,-77.381,as listed,Restore Historic Buildings and Structures at Cabin Camp 3,"Project will address critical repairs of infrastructure and deferred maintenance providing a well-maintained camp area for visitor rentals. The work will address needs through maintenance and repair of historic structures, preserving their integrity for future use. Performing wood repairs and painting and staining on the exterior surfaces of 34 historic wooden structures within Cabin Camp 3 will ensure long-term durability.",Not specified
1110,PWR,Pacific West,PUHO,Pu'uhonua o Honaunau National Historical Park,park unit,Pu'uhonua o Honaunau National Historical Park,19.4092,-155.8978,as listed,Phase 3 Faunal Analysis of Museum Collection,"Faunal Analysis of Museum Collection. The contractor shall provide all labor, equipment and travel to identify 5,000 bone objects (primary requirement) to the lowest taxonomic classification possible using visual methods, to identify the bone type, to examine the objects for secondary uses, to re-house the objects into appropriate park-supplied containers and label, and enter the resulting data into a park-supplied database/spreadsheet",Other
1111,PWR,Pacific West,PUHO,Pu'uhonua o Honaunau National Historical Park,park unit,Pu'uhonua o Honaunau National Historical Park,19.4092,-155.8978,as listed,Purchase Cantilever Storage Racks,This project will purchase new cantilever storage racks used to store large wooden carvings in the park's museum collection.,Other
1112,PWR,Pacific West,PUHO,Pu'uhonua o Honaunau National Historical Park,park unit,Pu'uhonua o Honaunau National Historical Park,19.4092,-155.8978,as listed,Replace Sewer Lines from VC to Septic Tank,This will be a new procurement for Title II design development services and topographic surveying to replace the sewer line from the visitor center facilities to the septic tank.,Recreation fees (FLREA)
1113,WASO,National (WASO),RFEE,"Recreation fee program, Washington office","office, program, network, or trail","NPS headquarters, Washington, DC",38.8939,-77.0427,as listed,CHOH CONSTRUCTION - Refurbish Well Systems at Two Fee Campsites,This component will refurbish the well systems in two fee campgrounds from manual hand pump wells to efficient solar powered well pumps,Recreation fees (FLREA)
1114,WASO,National (WASO),RFEE,"Recreation fee program, Washington office","office, program, network, or trail","NPS headquarters, Washington, DC",38.8939,-77.0427,as listed,CHOH DESIGN - Refurbish Well Systems at Three Fee Campsites,Provide safe potable water for visitors/campers at three CHOH campsites. Refurbish the water systems in each campground to provide potable water in compliance with Director’s Order #83 (RM-83) and local water treatment requirements. Final design and construction will be predicated on results from the pre-design covered in PMIS 323573. This component covers the costs for design to inform the construction component of this project and compliance needs for participating in the design process.,Recreation fees (FLREA)
1115,WASO,National (WASO),RFEE,"Recreation fee program, Washington office","office, program, network, or trail","NPS headquarters, Washington, DC",38.8939,-77.0427,as listed,CHOH Refurbish Well Systems at Fee Campsites - Design & Compliance,This component will refurbish the well systems in two fee campgrounds from manual hand pump wells to efficient solar powered well pumps.,Recreation fees (FLREA)
1116,WASO,National (WASO),RFEE,"Recreation fee program, Washington office","office, program, network, or trail","NPS headquarters, Washington, DC",38.8939,-77.0427,as listed,GATE- 312219A-Replace Communications Tower,"This project will replace the existing 158 foot communication tower. The work to be completed includes the construction of a new support caisson, erection of a new tower, installation of new cable from the new tower to the building, transfer equipment from the existing tower and install on the new tower, provide all necessary protection equipment, all work conforming to existing city, state, and federal requirements, demolition of the existing tower and removal of caisson as required",Recreation fees (FLREA)
1117,WASO,National (WASO),RFEE,"Recreation fee program, Washington office","office, program, network, or trail","NPS headquarters, Washington, DC",38.8939,-77.0427,as listed,GWMP ARHO Bonded Pavement Seal Coat FY26,"Provide safe walking surface at Arlington House. The purpose of this project is to support the application, on an annual basis, an epoxy seal coat to maintain the performance of the bonded aggregate, permeable pavement located around the exterior of the Arlington House.",Recreation fees (FLREA)
1118,WASO,National (WASO),RFEE,"Recreation fee program, Washington office","office, program, network, or trail","NPS headquarters, Washington, DC",38.8939,-77.0427,as listed,GWMP CONSTRUCTION Rehabilitate Great Falls Visitor Center Courtyard,"this project shall rehabilitate the Great Falls Park Visitor Center Courtyard and adjacent area by removing the existing deteriorated aggregate surface, correcting drainage issues within and surrounding the project area, and re-working surface treatments and transitions to meet accessibility standards. The courtyard shall be integrated to the adjacent trails, stairs and accessible routes of the visitors center and site.",Recreation fees (FLREA)
1119,WASO,National (WASO),RFEE,"Recreation fee program, Washington office","office, program, network, or trail","NPS headquarters, Washington, DC",38.8939,-77.0427,as listed,HAE Replace VC Restroom doors with ABAAS doors & openers,"Replace current doors and hardware to the visitor center restrooms to meet ABAAS standards and provide visitor access to all. This project will install 3 new doors with ABAAS door openers to provide universal public use of restroom facilities. The Scope of Work (SOW) will include staging, protections, site management, and submittals; removal and discard of existing doors and doorways; installation of new automatic ADA doorway frame, door, threshold, signage, automatic operators and all related f",Recreation fees (FLREA)
1120,WASO,National (WASO),RFEE,"Recreation fee program, Washington office","office, program, network, or trail","NPS headquarters, Washington, DC",38.8939,-77.0427,as listed,HAFE Repair/Replace Steps Leading to Historic Armory Berm and Lower Armory Archeological Site,Provide visitor access by repairing/replacing approx. 800 sf of wood steps leading to the Lower Armory area and approx 800 sf of landscape steps leading to the Armory and Train Station berm.,Recreation fees (FLREA)
1121,WASO,National (WASO),RFEE,"Recreation fee program, Washington office","office, program, network, or trail","NPS headquarters, Washington, DC",38.8939,-77.0427,as listed,Replace Roofs and Repaint Carderock Comfort Stations,The project work on the two separate comfort stations is nearly identical and will retain the character-defining features. The roof will be replaced in-kind. The interior finishes will be repainted. The exterior finishes will be cleaned and repainted.,Recreation fees (FLREA)
1122,WASO,National (WASO),RFEE,"Recreation fee program, Washington office","office, program, network, or trail","NPS headquarters, Washington, DC",38.8939,-77.0427,as listed,ROCR Replace Roof at Grove #24 Comfort Station,Replace the roof on Grove #24 comfort station. The roof is 924 sf and is severely deteriorated and leaks. It is past the option for repairing and needs to be replaced to preserve the integrity of the building before future renovations begin. The complete rehabilitation of Picnic Grove #24 comfort station is being addressed in a separate PMIS project #304809.,Recreation fees (FLREA)
1123,WASO,National (WASO),RFEE,"Recreation fee program, Washington office","office, program, network, or trail","NPS headquarters, Washington, DC",38.8939,-77.0427,as listed,SHEN 328070A Rehabilitate Big Meadows Picnic Area,"This project will replace 2,865 linear feet of crumbling sidewalks with new asphalt walkways addressing Architectural Barriers Act (ABA) requirements for the sidewalk and key picnic site pads. The project will address this by creating a minimum 36-inch paved pathway with passing areas at least every 200 feet to create a smooth stable surface that meets accessibility requirements. The project will also rehabilitate 5 drinking fountains that have begun to crumble.",Recreation fees (FLREA)
1124,WASO,National (WASO),RFEE,"Recreation fee program, Washington office","office, program, network, or trail","NPS headquarters, Washington, DC",38.8939,-77.0427,as listed,SHEN-256146-Dicky Ridge Picnic,"This project will replace 15 old grills with new adjustable fire rings and grates, remove 20 old concrete bases tables, replace 35 old wooden picnic tables with new vinyl clad perforated picnic tables and replace 3472 linear feet of crumbling sidewalks with new asphalt walkways ones to improve visitor satisfaction with facilities at Dickey Ridge Picnic Area. Work will address minimal Architectural Barriers Act (ABA) requirements for the sidewalk and key picnic sites.",Recreation fees (FLREA)
1125,WASO,National (WASO),RFEE,"Recreation fee program, Washington office","office, program, network, or trail","NPS headquarters, Washington, DC",38.8939,-77.0427,as listed,SHEN-327963A-Rehabilitate Pinnacles Picnic Area,"This project will replace 2,381 linear feet of crumbling sidewalks with new asphalt walkways addressing Architectural Barriers Act (ABA) requirements for the sidewalk and key picnic site pads; rehabilitation of 5 drinking fountains and associated plumbing fixtures; Replace, provide and relocate 3 dumpster pads; Restore cultural landscape to improve visitor satisfaction with facilities at Pinnacles Picnic Area. The Design and Construction will be accomplished through contract.",Recreation fees (FLREA)
1126,PWR,Pacific West,REDW,Redwood National Park,park unit,Redwood National Park,41.2776,-124.0045,as listed,Acquire Bulletin Boards,Bulletin board replacements for multiple sites throughout park,Other
1127,NER,Northeast,RICH,Richmond National Battlefield Park,park unit,Richmond National Battlefield Park,37.5701,-77.2813,as listed,"RICH - Scanning, Digitization and Naming of Federal Analog Records","RICH SCANNING, DIGITIZATION AND NAMING OF FEDERAL RECORDS: Create digital images of permanent Federal records currently in analog form COR - Technical POC = Andrew Trivizas PM Shelly Stubblefield 804-239-7229",Park operations (ONPS)
1128,MWR,Midwest,RIRA,River Raisin National Battlefield Park,park unit,River Raisin National Battlefield Park,41.9127,-83.3763,as listed,AE Task Order for Mason Run Bridge Replacement Design,"AE design to replace a cement vehicular bridge over Mason Run that was constructed back when the site was a paper mill. The bridge is 50-100 years old. This bridge connects River Raisin’s North and South trail loops. The intent is to create an ADA accessible footbridge made of materials that fit with the 1812 cultural landscape, which will also keep visitors safe while crossing over the Mason Run drain. The current bridge lacks any sort of railings to prevent visitors from going off the edge.",Other
1129,NCR,National Capital,ROCR,Rock Creek Park,park unit,Rock Creek Park,38.9642,-77.0475,as listed,Complete the Rock Creek Park National Register Nomination Update,"Acquire professional services through contract to complete the NR for ROCR as mandated by Section 110 of the NHPA. This nomination, near completion, requires major editing and reorganization to move forward. This project has been stalled out for 10 years due to lack of capacity and is critical need for the park.",Not specified
1130,NCR,National Capital,ROCR,Rock Creek Park,park unit,Rock Creek Park,38.9642,-77.0475,as listed,Fee Management Agreement Parking Meter FY26-30,Parking fees are collected year round at the Thompson Boat House parking area. A contract is utilized for the maintenance of two parking payment stations at the lot. Maintenance keeps the payment stations in good working order.,Not specified
1131,NCR,National Capital,ROCR,Rock Creek Park,park unit,Rock Creek Park,38.9642,-77.0475,as listed,Georgetown Waterfront Ground Maintenance,Performs all grounds maintenance at GTWP.,Not specified
1132,NCR,National Capital,ROCR,Rock Creek Park,park unit,Rock Creek Park,38.9642,-77.0475,as listed,Prepare Historic Structures Report for Peirce Mill,Prepare Historic Structures Report for Peirce Mill,Not specified
1133,NCR,National Capital,ROCR,Rock Creek Park,park unit,Rock Creek Park,38.9642,-77.0475,as listed,Provide Mowing Services,"Contractor will provide all personnel, equipment, and other items as necessary to ensure trimming and mowing is performed in designated park grounds.",Not specified
1134,NCR,National Capital,ROCR,Rock Creek Park,park unit,Rock Creek Park,38.9642,-77.0475,as listed,Provide Mowing Services,"Contractor will provide all personnel, equipment, and other items as necessary to ensure trimming and mowing is performed in designated park grounds.",Not specified
1135,NCR,National Capital,ROCR,Rock Creek Park,park unit,Rock Creek Park,38.9642,-77.0475,as listed,Remove or Prune Hazardous and Diseased Trees,Remove hazardous trees and prune hazardous tree branches throughout the park.,Not specified
1136,IMR,Intermountain,ROMO,Rocky Mountain National Park,park unit,Rocky Mountain National Park,40.3573,-105.7037,inferred from title or description,CS - Condition Assessment – ROMO001/002,"This contract is for professional services to assess the condition, maintenance, and capital improvement needs of NPS-owned facilities for the next concession contract. This is crucial for compliance with the 1998 Concession Management Improvement Act (54 U.S.C. §§ 101911–101926), which mandates safeguards for resource protection and reasonable profit opportunities. Specialized expertise is needed for objective assessments.",Concession franchise fees
1137,IMR,Intermountain,ROMO,Rocky Mountain National Park,park unit,Rocky Mountain National Park,40.3573,-105.7037,as listed,Demo West Command Radio Tower,Demolish and remove obsolete radio tower,Cyclic maintenance
1138,IMR,Intermountain,ROMO,Rocky Mountain National Park,park unit,Rocky Mountain National Park,40.3573,-105.7037,as listed,FY26 ROMO InReach,FY26 ROMO InReach Annual Service,Park operations (ONPS)
1139,IMR,Intermountain,ROMO,Rocky Mountain National Park,park unit,Rocky Mountain National Park,40.3573,-105.7037,as listed,Park and Ride Topo Survey,Complete topographic survey of the Park and Ride vault toilet area to support design of replacement project.,Recreation fees (FLREA)
1140,IMR,Intermountain,ROMO,Rocky Mountain National Park,park unit,Rocky Mountain National Park,40.3573,-105.7037,as listed,Procure Furniture for Headquarters Area Offices,Project will procure furniture to support office reorganization.,Park operations (ONPS)
1141,IMR,Intermountain,ROMO,Rocky Mountain National Park,park unit,Rocky Mountain National Park,40.3573,-105.7037,inferred from title or description,Prospectus Development for ROMO001/002,Prospectus Development for ROMO001/002,Concession franchise fees
1142,IMR,Intermountain,ROMO,Rocky Mountain National Park,park unit,Rocky Mountain National Park,40.3573,-105.7037,as listed,Rehab Blister Rust Restroom,Rehab dorm men and women's restrooms/shower rooms.,Cyclic maintenance
1143,IMR,Intermountain,ROMO,Rocky Mountain National Park,park unit,Rocky Mountain National Park,40.3573,-105.7037,as listed,Rehab Masonry Steps at Tuxedo Park and Rock Cut,Remove and replace masonry steps at each location and install handrails.,Cyclic maintenance
1144,IMR,Intermountain,ROMO,Rocky Mountain National Park,park unit,Rocky Mountain National Park,40.3573,-105.7037,as listed,Rehab Upper Beaver Meadows Road,"Remove recycled asphalt and mill road. Provide new road base, grading, edging, and dust palliative",Cyclic maintenance
1145,IMR,Intermountain,ROMO,Rocky Mountain National Park,park unit,Rocky Mountain National Park,40.3573,-105.7037,as listed,Repair Fall River Entrance,Repair kiosk roofs and correct drainage issues,Repair and rehabilitation
1146,IMR,Intermountain,ROMO,Rocky Mountain National Park,park unit,Rocky Mountain National Park,40.3573,-105.7037,as listed,Replace damaged fence at Lily Lake,This is a planned SABER Shelved Project to replace the damaged split rail fence at Lily Lake,Cyclic maintenance
1147,IMR,Intermountain,ROMO,Rocky Mountain National Park,park unit,Rocky Mountain National Park,40.3573,-105.7037,as listed,Replace Existing Windows in Beaver Meadows Visitor Center (Dispatch) with Bullet Proof Glass,This proposed SABER Shelved Project would replace the existing windows in park dispatch with bullet proof (ballistic) glass for safety and complete other necessary upgrades to walls and doors to meet security requirements.,Cyclic maintenance
1148,IMR,Intermountain,ROMO,Rocky Mountain National Park,park unit,Rocky Mountain National Park,40.3573,-105.7037,as listed,Replace Garage Door at AVC Vault Toilet (B-1115),Replace failing garage-style door at the Alpine Visitor Center vault toilet B-1115.,Cyclic maintenance
1149,IMR,Intermountain,ROMO,Rocky Mountain National Park,park unit,Rocky Mountain National Park,40.3573,-105.7037,as listed,Replace Generator at Beaver Meadows Visitor Center,This is a planned SABER Shelved Project to replace the emergency generator at the Beaver Meadows Visitor Center.,Cyclic maintenance
1150,IMR,Intermountain,ROMO,Rocky Mountain National Park,park unit,Rocky Mountain National Park,40.3573,-105.7037,as listed,Replace Picnic Tables,SABER shelved project to replace concrete picnic tables parkwide.,Other
1151,IMR,Intermountain,ROMO,Rocky Mountain National Park,park unit,Rocky Mountain National Park,40.3573,-105.7037,as listed,Replace Wooden Fascia on Guardrail at Bear Lake Road,This is a carryover SABER Shelved Project for FY25 to replace the timber components of sections of guard rails located along Bear Lake Road,Cyclic maintenance
1152,IMR,Intermountain,ROMO,Rocky Mountain National Park,park unit,Rocky Mountain National Park,40.3573,-105.7037,as listed,Roadside Barriers,Acquire roadside barriers and/or material for traffic control and safety,Recreation fees (FLREA)
1153,IMR,Intermountain,ROMO,Rocky Mountain National Park,park unit,Rocky Mountain National Park,40.3573,-105.7037,as listed,ROMO FY26 I612287 Upfit,ROMO FY26 I612287 LE Vehicle Upfit,Park operations (ONPS)
1154,IMR,Intermountain,ROMO,Rocky Mountain National Park,park unit,Rocky Mountain National Park,40.3573,-105.7037,as listed,ROMO Laundry Facility Machine Service and Maintenance FY26,New requirement for maintenance services for washer and dryer machines provided at park laundry facility in the east district of RMNP.,Park housing
1155,IMR,Intermountain,ROMO,Rocky Mountain National Park,park unit,Rocky Mountain National Park,40.3573,-105.7037,as listed,ROMO Picnic Tables,New requirement to purchase concrete picnic tables to replace failing tables at campsites and picnic areas throughout the park.,Cyclic maintenance
1156,IMR,Intermountain,ROMO,Rocky Mountain National Park,park unit,Rocky Mountain National Park,40.3573,-105.7037,as listed,ROMO Supply Cedar Shingles FY26,New requirement to supply cedar shingles for roofing projects.,Cyclic maintenance
1157,IMR,Intermountain,ROMO,Rocky Mountain National Park,park unit,Rocky Mountain National Park,40.3573,-105.7037,as listed,Supply Campground Equipment,Supply trash and recycling containers; picnic tables and food storage lockers.,Cyclic maintenance
1158,IMR,Intermountain,ROMO,Rocky Mountain National Park,park unit,Rocky Mountain National Park,40.3573,-105.7037,as listed,Supply Pressure Treated Logs,Supply pressure treated logs for campground maintenance.,Cyclic maintenance
1159,SER,Southeast,RUCA,Russell Cave National Monument,park unit,Russell Cave National Monument,34.9745,-85.8146,as listed,Install Shade Structure,"Install a 20x30 shade structure on 20x30 concrete slab and securing vertical posts in concrete. Once the posts are set and cured, horizontal beams and cross members are assembled to form the frame.",Other
1160,IMR,Intermountain,SAGU,Saguaro National Park,park unit,Saguaro National Park,32.1707,-110.6184,as listed,Perform Road Shoulder Maintenance PRR,"This project will address shoulder erosion and Vegetation Management on Picture Rocks Road. The primary purpose of this project is public and employee safety. Maintenance of the existing shoulder will reduce the consequences of road departures which pose a safety hazard, damage park signs, and contribute to resource damage.",Cyclic maintenance
1161,IMR,Intermountain,SAGU,Saguaro National Park,park unit,Saguaro National Park,32.1707,-110.6184,as listed,Purchase Canycom Equipment,Purchase Contract- to replace existing walk-behind power wheel borrows that are past their expected lifespan. Requirement would cover the purchase price of up to 2 units (Canycom BP602 or similar) and delivery of those units. Plan to summit this PR in the 3rd quarter.,Recreation fees (FLREA)
1162,IMR,Intermountain,SAGU,Saguaro National Park,park unit,Saguaro National Park,32.1707,-110.6184,as listed,Replace EE Flooring & Paint Interior,This project will replace all flooring and paint the entire interior of the Environmental Education Center at Visitor Center Complex in the Tucson Mountain District of Saguaro National Park. Repainted surfaces and replaced flooring will be reflected in future condition assessments. Safety will be improved for occupants which will be reflected in future Safety Inspections. The interior of the building should not require Cyclic maintenance until at least 2033.,Cyclic maintenance
1163,IMR,Intermountain,SAGU,Saguaro National Park,park unit,Saguaro National Park,32.1707,-110.6184,as listed,Replace Exterior Doors & Closers at Red Hills Visitor Center,"This project will Replace Exterior Doors & Closers at the Red Hills Visitor Center in the Tucson Mountain District of Saguaro National Park. Red Hills VC west doors will avoid public closure due to structural defects. All VC doors will close completely without assistance, reducing energy use and denying pests access to the building.",Cyclic maintenance
1164,IMR,Intermountain,SAGU,Saguaro National Park,park unit,Saguaro National Park,32.1707,-110.6184,as listed,RMD VC Replace Septic System Cleanouts and Cast Iron Piping,This project is designed to address the repair or replacement of malfunctioning sections of septic piping located within the leach field of the Rincon Mountain District Visitor Center’s septic system. The scope of work will require the careful excavation and removal of deteriorated or damaged piping sections. Staff will employ specialized equipment to facilitate efficient excavation and quick replacement of any compromised piping.,Cyclic maintenance
1165,MWR,Midwest,SACN,Saint Croix National Scenic Riverway,park unit,Saint Croix National Scenic Riverway,46.0293,-92.0172,as listed,Trail Project Supplies,"This contract will purchase supplies for a trail rehab project. (lumber, culverts, hardware, bagged concrete, gravel, etc.)",Cyclic maintenance
1166,NER,Northeast,SAGA,Saint-Gaudens National Historical Park,park unit,Saint-Gaudens National Historical Park,43.5005,-72.3733,as listed,Update and Replace Park Waysides for Visitor Orientation and Enhanced Experience,"This project will update and replace 29 old, damaged, and outdated wayside exhibit panels and bases located throughout the main Aspet Campus and develop five new waysides for the recently acquired Blow-Me-Down Farm property. The project will enhance the quality of the visitor experience by updating the content and providing new messaging concerning resource protection, visitor orientation and safety, and interpretive information at Blow-Me-Down Farm",Recreation fees (FLREA)
1167,NER,Northeast,SAMA,Salem Maritime National Historical Park,park unit,Salem Maritime National Historical Park,42.5192,-70.8857,as listed,Budget and Financial management,Contract to acquire financial management support for 2 NPS units,Park operations (ONPS)
1168,IMR,Intermountain,SAPU,Salinas Pueblo Missions National Monument,park unit,Salinas Pueblo Missions National Monument,34.2597,-106.0902,as listed,Replace Entrance Signs,Replace Entrance Signs for 3 Visitors Centers and one HQ building,Cyclic maintenance
1169,IMR,Intermountain,SAAN,San Antonio Missions National Historical Park,park unit,San Antonio Missions National Historical Park,29.3327,-98.4547,as listed,Fire Suppression System Testing Parkwide,Tests and certifications for all fire alarms and suppression systems in all park buildings.,Park operations (ONPS)
1170,IMR,Intermountain,SAAN,San Antonio Missions National Historical Park,park unit,San Antonio Missions National Historical Park,29.3327,-98.4547,as listed,Law Enforcement Firearms,Purchase of Sig Sauer P365 9mm pistols for Law Enforcement Officers.,Park operations (ONPS)
1171,IMR,Intermountain,SAAN,San Antonio Missions National Historical Park,park unit,San Antonio Missions National Historical Park,29.3327,-98.4547,as listed,Law Enforcement Radios,Purchase of Motorola APX 8000 radios for Law Enforcement Officers.,Park operations (ONPS)
1172,IMR,Intermountain,SAAN,San Antonio Missions National Historical Park,park unit,San Antonio Missions National Historical Park,29.3327,-98.4547,as listed,Replace Roofs on Four Park Buildings,Project will replace deteriorated roofing and flashing on four buildings located at Mission San José and Mission San Juan.,Repair and rehabilitation
1173,PWR,Pacific West,SAFR,San Francisco Maritime National Historical Park,park unit,San Francisco Maritime National Historical Park,37.8105,-122.4238,as listed,Conservation and Repair of Ship Models Year 2,"San Francisco Maritime National Historical Park has a number of ship models in the museum collection that have been identified as highly significant, historically important, and desirable for educational use but are in fair to poor condition. This project will contract with a professional conservator and/or model specialist to perform conservation treatment and repair on these ship models to halt active deterioration and to prepare them for exhibition to park visitors. Year 2.",Cultural cyclic maintenance
1174,PWR,Pacific West,SAFR,San Francisco Maritime National Historical Park,park unit,San Francisco Maritime National Historical Park,37.8105,-122.4238,as listed,Conserve Museum Small Craft Collection,"Conserve approximately 20 of 110 museum small craft, including in-water and stored vessels. In-water vessels will be hauled out, surveyed, cleaned, repaired as needed, painted, and relaunched. Stored small craft will be cleaned, stabilized, and treated as needed. Approximately 20 small craft will be conserved each year on a 5-year rotation.",Cultural cyclic maintenance
1175,PWR,Pacific West,SAFR,San Francisco Maritime National Historical Park,park unit,San Francisco Maritime National Historical Park,37.8105,-122.4238,as listed,Conserve Prismatarium Murals in Bathhouse,"This project will provide conservation maintenance to the wall and ceiling murals in the Prismatarium in the Aquatic Park Bathhouse. Work is to dust/clean, treat and report on the condition of mural. The mural is one of several in the building, which are a primary experience for visitors to the building.",Other
1176,PWR,Pacific West,SAFR,San Francisco Maritime National Historical Park,park unit,San Francisco Maritime National Historical Park,37.8105,-122.4238,as listed,Conserve Third Floor Murals in Bathhouse Building,"Cyclic conservation and maintenance of 2500 square feet of interior 3rd floor murals of the Bathhouse. Work will include cleaning, dusting, minor repairs, and minor in-painting as required to maintain the murals in stable condition. The effort will conserve the complete surface area of the murals, which extend from wainscot to the ceiling. A treatment report summarizing the conservation methods undertaken, and any observations, will be provided; if conditions are encountered that require treatment",Other
1177,PWR,Pacific West,SAFR,San Francisco Maritime National Historical Park,park unit,San Francisco Maritime National Historical Park,37.8105,-122.4238,as listed,Conserve Woman's Mural in Bathhouse for Visitor Satisfaction and Enjoyment,"This project will provide conservation maintenance to the wall murals in the vestibule to the Woman's Restroom. Work is to dust/clean, treat and report on the condition of mural. The mural is one of several in the building, which are a primary experience for visitors to the building.",Other
1178,PWR,Pacific West,SAFR,San Francisco Maritime National Historical Park,park unit,San Francisco Maritime National Historical Park,37.8105,-122.4238,as listed,Maintain Trees Along Jefferson and Beach Streets,"This project to prune trees located along Jefferson Street and Beach Street. The trees are located at San Francisco Maritime NHP. Removals and replacements may also be done at this time. Tree contractor shall remove all diseased, damaged, dead and/or crossed branches, including all branches that pose a safety hazard for the public. Tree service contractor shall also thin canopies by 25%, yielding an atheistically pleasing appearance.",Cyclic maintenance
1179,PWR,Pacific West,SAFR,San Francisco Maritime National Historical Park,park unit,San Francisco Maritime National Historical Park,37.8105,-122.4238,as listed,MMB Tile Restoration,"Contractor shall furnish all labor, equipment, and materials necessary to strip, recondition, and refinish all Saltillo floor and baseboard tiles throughout the ground floor of the Sala Burton Building within San Francisco Maritime National Historical Park. The tiled floor area is approximately 4500 feet. The purpose of this project is to beautify and protect the original tiles floors installed in 1938. Currently the floor surfaces are darkened from wear and are degrading the visitor experience.",Recreation fees (FLREA)
1180,PWR,Pacific West,SAFR,San Francisco Maritime National Historical Park,park unit,San Francisco Maritime National Historical Park,37.8105,-122.4238,as listed,Repair Damaged Bathhouse Fountain for Visitor Satisfaction and Enjoyment,"This project will repair National Historic Landmark (NHL) Aquatic Park Bathhouse (museum) building entry fountain which was damaged by a car collision. Existing damaged slate will be removed, underlying concrete sub-structure will be repaired, and new slate stone slabs and a terrazzo panel will be installed. Grout joints in the area of damage will also be repaired.",Repair and rehabilitation
1181,PWR,Pacific West,SAFR,San Francisco Maritime National Historical Park,park unit,San Francisco Maritime National Historical Park,37.8105,-122.4238,as listed,Scoping Services for Sala Burton Building 4th Floor Leaks,"The fourth floor Radio Room€ of the historic Sala Burton Building is experiencing active water intrusion (leaks) during rain events and is resulting in damage to historic interior finishes. The intent of this project is to identify the sources of water intrusion, develop a scope of repairs that resolve the water intrusion, and develop a rough order of magnitude cost estimate for the recommended repairs. This information will be used to develop a separate project to design and implement repairs.",To be determined
1182,PWR,Pacific West,SAFR,San Francisco Maritime National Historical Park,park unit,San Francisco Maritime National Historical Park,37.8105,-122.4238,as listed,West Park Geotechnical Survey,Hire a Civil Engineering firm to conduct soil borings and analysis of borings. West Park is the proposed site for the relocated Boat Shop and Small Craft Center due upcoming requirement to move off Hyde Street Pier. The site is known to be fill from the 1920’s/1930’s but the composition of the soil is unknown. An analysis needs to be conducted in order to determine what type of foundation is needed to support the proposed structures.,Other
1183,PWR,Pacific West,SAJH,San Juan Island National Historical Park,park unit,San Juan Island National Historical Park,48.4622,-123.0087,as listed,"Fabricate and Install Waysides & Viewing Areas to Improve Access, Safety and Interpretation at English Camp","This project will create wildlife viewing and photography opportunities, rehabilitation of park trails and grounds, and installation of four visitor viewing areas comprised of benches, spotting scopes and waysides for the benefit of the park’s 500,000 plus annual visitors.",Recreation fees (FLREA)
1184,SER,Southeast,SAJU,San Juan National Historic Site,park unit,San Juan National Historic Site,18.4685,-66.1205,as listed,Acquire Exhibit Case for Santa Maria Replica,Acquire case to exhibit Santa Maria ship replica at the Visitor Center,Recreation fees (FLREA)
1185,SER,Southeast,SAJU,San Juan National Historic Site,park unit,San Juan National Historic Site,18.4685,-66.1205,as listed,Acquire Museum Quality Materials for Collection Rehousing Project,"This project will provide funds to process and rehouse the Casa Rosa archeological collection, recently transferred back to SAJU. All materials will be rehoused according to best NPS practices and standards.",Cultural cyclic maintenance
1186,SER,Southeast,SAJU,San Juan National Historic Site,park unit,San Juan National Historic Site,18.4685,-66.1205,as listed,Complete/Write Historic Structure's Report (HSR) El Morro Fort,"Following the guidelines in DO-28, the HSR will document the historical context, chronology of development and use, existing condition, significance, and integrity of the headquarters building, and provide recommendations and general guidance for its treatment and use.",Recreation fees (FLREA)
1187,SER,Southeast,SAJU,San Juan National Historic Site,park unit,San Juan National Historic Site,18.4685,-66.1205,as listed,Design-Replace Video Surveillance System San Cristobal and El Morro Forts,"The work of this project consists of a video monitoring, motion sensor, and panic buttons in conjunction with RM22A, Recreation Fee Collection guidelines. This project shall install approximately twenty (20) security cameras at three (3) fee collection stations and two (2) fee collection rooms for money counting. Each fee collection area and fee collection room shall have a video digital data storage device stored in a secure area. The security system shall provide remote internet access. Both f",Cyclic maintenance
1188,SER,Southeast,SAJU,San Juan National Historic Site,park unit,San Juan National Historic Site,18.4685,-66.1205,as listed,Prepare Energy Conservation Assessment,"The park will hire a private contractor to prepare an energy conservation assessment and a survey to quantify the use of our energy resources. The first energy conservation assessment and survey was conducted in 2010. Recommendations of the survey will be implemented and the park will reassess its energy conservation strategy in 2014 to comply with SERO policy. The park will assess its current uses and needs for electric power. Also, the assessment will determine if the current energy saver alte",Recreation fees (FLREA)
1189,SER,Southeast,SAJU,San Juan National Historic Site,park unit,San Juan National Historic Site,18.4685,-66.1205,as listed,Remove and Replace Outdated Conduit and Wiring- Visitor Center and HQ Buildings,"Project consists of replacing conduit for electrical and communication cabling parkwide. Project will remove unnecessary, obsolete and damaged wire electric conduit and other wires from several buildings throughout the park. Wires and conduits that are in good condition will stay in place, damaged conduit and wire will be replaced as necessary. Conduit and cabling system will be coded and labeled for easier maintenance and safety purposes.",Cyclic maintenance
1190,SER,Southeast,SAJU,San Juan National Historic Site,park unit,San Juan National Historic Site,18.4685,-66.1205,as listed,Replace Historical Doors Santa Rosa Bastion Casemates,"The park will contract the replacement of the three wooden doors located at Santa Rosa Bastion. The doors have measurements of 130"" x 109 "" x 3 1/4"", 55"" x 83"" x 3 1/4"", and 63"" x 64"" x 3 1/4"". The doors will be replaced with historically accurate reproductions made of teak wood. The park will also replace the hinges, bolts and wooden arch where the doors are located to make the doors more secure and safe.",Recreation fees (FLREA)
1191,SER,Southeast,SAJU,San Juan National Historic Site,park unit,San Juan National Historic Site,18.4685,-66.1205,as listed,Update Historic Structure Report for Quarters 209 (Park Headquarters),"Following the guidelines in DO-28, the HSR will document the historical context, chronology of development and use, existing condition, significance, and integrity of the headquarters building, and provide recommendations and general guidance for its treatment and use.",Recreation fees (FLREA)
1192,SER,Southeast,SAJU,San Juan National Historic Site,park unit,San Juan National Historic Site,18.4685,-66.1205,as listed,Write a Historic Structure Report for Quarters 210,"Following the guidelines in DO-28, the HSR will document the historical context, chronology of development and use, existing condition, significance, and integrity of the house, and provide recommendations and general guidance for its treatment and use.",Recreation fees (FLREA)
1193,SER,Southeast,SAJU,San Juan National Historic Site,park unit,San Juan National Historic Site,18.4685,-66.1205,as listed,Write Historic Structure's Report for City Wall,Write HSR for the historic city wall.,Recreation fees (FLREA)
1194,PWR,Pacific West,SAMO,Santa Monica Mountains National Recreation Area,park unit,Santa Monica Mountains National Recreation Area,34.1104,-118.7985,as listed,Diamond X Wall - Title II,This project will rehabilitate a 390-foot section of a retaining wall at Diamond X Ranch. The wall is directly adjacent to Diamond X Ranch facility maintenance shops. The wall was originally built to protect the renovated ’5000 sq ft storage and maintenance building for the SAMO facility staff.,Repair and rehabilitation
1195,PWR,Pacific West,SAMO,Santa Monica Mountains National Recreation Area,park unit,Santa Monica Mountains National Recreation Area,34.1104,-118.7985,as listed,Purchase 2 Electric UTV's for Interp Division,Purchase 2 Electric UTV's for Interp Division,Park operations (ONPS)
1196,PWR,Pacific West,SAMO,Santa Monica Mountains National Recreation Area,park unit,Santa Monica Mountains National Recreation Area,34.1104,-118.7985,as listed,Purchase One 6 Wheeled UTV with ROPS for PSRM division,Purchase One 6 Wheeled UTV with ROPS for PSRM division,Park operations (ONPS)
1197,PWR,Pacific West,SAMO,Santa Monica Mountains National Recreation Area,park unit,Santa Monica Mountains National Recreation Area,34.1104,-118.7985,as listed,SAMO - CX Hill House Stabilization,"Hill house needs west end stabilization, foundation sinking on west end.",Park operations (ONPS)
1198,PWR,Pacific West,SAMO,Santa Monica Mountains National Recreation Area,park unit,Santa Monica Mountains National Recreation Area,34.1104,-118.7985,as listed,SAMO - CX Preservation Shop Conversion,Convert Preservation Garage into livable space.,Park operations (ONPS)
1199,PWR,Pacific West,SAMO,Santa Monica Mountains National Recreation Area,park unit,Santa Monica Mountains National Recreation Area,34.1104,-118.7985,as listed,SAMO - DX Dorm Room Conversion,Storeroom conversion into additional dorm room.,Park operations (ONPS)
1200,PWR,Pacific West,SAMO,Santa Monica Mountains National Recreation Area,park unit,Santa Monica Mountains National Recreation Area,34.1104,-118.7985,as listed,SAMO - Electrical Service Construction - Solstice Cyn & Bonsall,Trench to pull and connect electrical service wire to new location by main gate and connect to operator unit at Solstice and connect from meter to gate operator unit at Bonsall.,Park operations (ONPS)
1201,PWR,Pacific West,SAMO,Santa Monica Mountains National Recreation Area,park unit,Santa Monica Mountains National Recreation Area,34.1104,-118.7985,as listed,SAMO - RSV Beal House Kitchen Rehabilitation,Historic property needs kitchen rehabilitation,Park operations (ONPS)
1202,PWR,Pacific West,SAMO,Santa Monica Mountains National Recreation Area,park unit,Santa Monica Mountains National Recreation Area,34.1104,-118.7985,as listed,Urgent Repair of Critical Equipment - Backhoe,Repair Caterpillar Backhoe Heavy Equipment,Park operations (ONPS)
1203,NER,Northeast,SARA,Saratoga National Historical Park,park unit,Saratoga National Historical Park,42.9919,-73.6295,as listed,"Snow plowing of the park's entrance road, a cooperative contract with the City of Stillwater","The park as always had an agreement with the city of Stillwater NY to plow our entrance road. The entrance road is a through road that runs from Highway 4 to route 32. The road is used by everyone to get from one road to the other. The past agreement have worked in the past but in the most recent few years the increase snow falls, and extended snow season have made it very challenging stay below the micro purchase limit. We would like to have a contract that would remove that hurdle",Park operations (ONPS)
1204,WASO,National (WASO),SCBL,Scotts Bluff National Monument,park unit,Scotts Bluff National Monument,41.835,-103.7071,inferred from title or description,ECCD Managed Project at SCBL - CERCLA Site Investigation,SCBL Gering Road - Site Investigation at former dump site.,Other
1205,MWR,Midwest,SCBL,Scotts Bluff National Monument,park unit,Scotts Bluff National Monument,41.835,-103.7071,as listed,Paint and Repair Wagons and Handcart,"Due to weather conditions and visitor inspections, these four assets need to be repaired and painted to preserve the historical information they present. This project will rehabilitate 3 period replica wagons (Murphy, Conestoga, and Studebaker) that are static displays stationed prominently along a section of the original Oregon Trail. These interpretive media stations are the centerpiece for the majority of the parks living history programs in the peak summer months as well as a very popular at",Recreation fees (FLREA)
1206,MWR,Midwest,SCBL,Scotts Bluff National Monument,park unit,Scotts Bluff National Monument,41.835,-103.7071,as listed,SCBL Gering Road Canal Site Investigation,CERCLA Authority - Site Investigation along Gering Road Canal,Other
1207,PWR,Pacific West,SEKI,Sequoia and Kings Canyon National Parks,park unit,Sequoia and Kings Canyon National Parks,36.6856,-118.5772,as listed,Provide Water and Wastewater Laboratory Testing Services,Provide laboratory testing services for drinking water and wastewater- base plus four option years. Laboratory must be in the greater Visalia area due to sample hold times and drive times after collection.,Park operations (ONPS)
1208,SER,Southeast,SHIL,Shiloh National Military Park,park unit,Shiloh National Military Park,35.1405,-88.336,as listed,Cyclic pavement preservation in the maintenance compound parking area.,"This project would fog seal some 33,000 square feet of flexible asphalt. This area was resurfaced in 2018. The sealing of this asphalt would extend the life of this surface. This area is used totally by administration staff inside the maintenance compound",Cyclic maintenance
1209,AKR,Alaska,SITK,Sitka National Historical Park,park unit,Sitka National Historical Park,57.047,-135.3156,as listed,FY26 Restore Function to Visitor Center Upper Parking Lot Security Camera,"Contract services with qualified security company to determine cause of non-functioning security camera atop light pole in VC upper parking lot. Repair costs may be included depending on determination. No qualified contractor currently in Sitka, Alaska so travel expenses will be included.",Park operations (ONPS)
1210,AKR,Alaska,SITK,Sitka National Historical Park,park unit,Sitka National Historical Park,57.047,-135.3156,as listed,FY26 Steady State Computer and IT Hardware Replacements,"Annual purchase to replace computers (laptops & desktops), monitors, keyboards and other end user peripherals at end of life.",Park operations (ONPS)
1211,AKR,Alaska,SITK,Sitka National Historical Park,park unit,Sitka National Historical Park,57.047,-135.3156,as listed,Replace 0000600020 2018 Bobcat UTV,Replace 0000600020 2018 Bobcat UTV,Other
1212,AKR,Alaska,SITK,Sitka National Historical Park,park unit,Sitka National Historical Park,57.047,-135.3156,as listed,SITK Design Totem Pavilion,"Survey, Geotech & Design plans for Totem Pavilion",Other
1213,AKR,Alaska,SITK,Sitka National Historical Park,park unit,Sitka National Historical Park,57.047,-135.3156,as listed,SITK FY26 NW Coast Artist Textile Arts Demonstrations,1 or more artists contracted for onsite demonstrations of Northwest Coast Art at the SITK visitor center artist studios during the FY26 high visitor season (May - September),Park operations (ONPS)
1214,AKR,Alaska,SITK,Sitka National Historical Park,park unit,Sitka National Historical Park,57.047,-135.3156,as listed,SITK FY26 NW Coast Artist Woodcarving Demonstrations,1 or more artists contracted for onsite demonstrations of Northwest Coast Art at the SITK visitor center artist studios and carving shed during the FY26 high visitor season (May - September),Park operations (ONPS)
1215,AKR,Alaska,SEAN,Southeast Alaska Inventory and Monitoring Network,"office, program, network, or trail","Juneau, Alaska",58.3791,-134.7021,as listed,Aviation Services for Marine Predator Surveys,Aviation support for Marine Predator Surveys in GLBA,Park operations (ONPS)
1216,AKR,Alaska,SEAN,Southeast Alaska Inventory and Monitoring Network,"office, program, network, or trail","Juneau, Alaska",58.3791,-134.7021,as listed,Aviation Support for Glacier and Weather Monitoring in SEAK Parks,Aviation Support for Glacier and Weather Monitoring in SEAK Parks,Park operations (ONPS)
1217,AKR,Alaska,SEAN,Southeast Alaska Inventory and Monitoring Network,"office, program, network, or trail","Juneau, Alaska",58.3791,-134.7021,as listed,Equipment for Glacier and Weather Monitoring in SEAK Parks,Equipment for Glacier and Weather Monitoring,Park operations (ONPS)
1218,AKR,Alaska,SEAN,Southeast Alaska Inventory and Monitoring Network,"office, program, network, or trail","Juneau, Alaska",58.3791,-134.7021,as listed,Murrelet Monitoring Technical Assistance in GLBA,Murrelet survey monitoring technical assistance for GLBA,Park operations (ONPS)
1219,AKR,Alaska,SEAN,Southeast Alaska Inventory and Monitoring Network,"office, program, network, or trail","Juneau, Alaska",58.3791,-134.7021,as listed,Outer Coast Vessel Charter for Assessment of Coastal Resources & Monitoring in WRST & GLBA,Outer Coast Vessel Charter for Assessment of Coastal Resources & Monitoring in WRST & GLBA,Park operations (ONPS)
1220,AKR,Alaska,SEAN,Southeast Alaska Inventory and Monitoring Network,"office, program, network, or trail","Juneau, Alaska",58.3791,-134.7021,as listed,Streamflow Monitoring in SITK and KLGO,Streamflow Monitoring in SITK (Indian River) and KLGO (Taiya River),Park operations (ONPS)
1221,SER,Southeast,SERO,Southeast Regional Office,"office, program, network, or trail","Atlanta, Georgia",33.7534,-84.3925,as listed,Advance Savannah National Historic Landmark Nomination,Historic context on historic preservation to help advance additional documentation for the Savannah National Historic Landmark,Other
1222,SER,Southeast,SERO,Southeast Regional Office,"office, program, network, or trail","Atlanta, Georgia",33.7534,-84.3925,as listed,FLC IPMT Invasive Plant Management,Invasive Plant removal in a Florida/Caribbean Park (Contract 2),Park operations (ONPS)
1223,SER,Southeast,SERO,Southeast Regional Office,"office, program, network, or trail","Atlanta, Georgia",33.7534,-84.3925,as listed,FLC IPMT Invasive Plant Removal,Invasive Plant removal in a Florida/Caribbean Park (Contract 1),Park operations (ONPS)
1224,SER,Southeast,SERO,Southeast Regional Office,"office, program, network, or trail","Atlanta, Georgia",33.7534,-84.3925,as listed,GIS interns,Work with partner to support one or more interns to help he regional GIS program.,Park operations (ONPS)
1225,SER,Southeast,SERO,Southeast Regional Office,"office, program, network, or trail","Atlanta, Georgia",33.7534,-84.3925,as listed,Invasive Plant Control in South Texas,The Gulf Coast Invasive Plant Management Team will most likely support Palo Alto Battlefield National Historical Park through this acquisition through this acquisition to conduct invasive plant control operations. Invasive plant species targets and project sites will be specifically defined.,Park operations (ONPS)
1226,SER,Southeast,SERO,Southeast Regional Office,"office, program, network, or trail","Atlanta, Georgia",33.7534,-84.3925,as listed,Invasive Plant Management,Treatment throughout the FL district of GUIS,Park operations (ONPS)
1227,SER,Southeast,SERO,Southeast Regional Office,"office, program, network, or trail","Atlanta, Georgia",33.7534,-84.3925,as listed,Natural Resource Expertise,Work with a partner to establish a TA for supporting natural resource needs in SE parks by utilizing Experienced workers,Park operations (ONPS)
1228,AKR,Alaska,SWAN,Southwest Alaska Inventory and Monitoring Network,"office, program, network, or trail","Anchorage, Alaska",61.2172,-149.8862,as listed,Develop multivariate vegetation analyses,"Develop multivariate vegetation community analyses using UMAP, clustering, and distance-based algorithms",Park operations (ONPS)
1229,AKR,Alaska,SWAN,Southwest Alaska Inventory and Monitoring Network,"office, program, network, or trail","Anchorage, Alaska",61.2172,-149.8862,as listed,Nearshore Exxon Valdez Oil Spill Senior Scientist,Nearshore Exxon Valdez Oil Spill Senior Scientist option year,Other
1230,AKR,Alaska,SWAN,Southwest Alaska Inventory and Monitoring Network,"office, program, network, or trail","Anchorage, Alaska",61.2172,-149.8862,as listed,Purchase Laptops and Desktops,"Purchase up to 5 laptops, desktops, and/or ruggedized tablets via the NASA/SEWP. UII 010-000002538",Park operations (ONPS)
1231,AKR,Alaska,SWAN,Southwest Alaska Inventory and Monitoring Network,"office, program, network, or trail","Anchorage, Alaska",61.2172,-149.8862,as listed,Winter Boat Vessel Charter,Nearshore winter bird survey - boat vessel contract option year,Park operations (ONPS)
1232,AKR,Alaska,SWAN,Southwest Alaska Inventory and Monitoring Network,"office, program, network, or trail","Anchorage, Alaska",61.2172,-149.8862,as listed,Winter Boat Vessel Charter,Nearshore winter bird survey - vessel contract option year,Park operations (ONPS)
1233,NER,Northeast,STSP,Star-Spangled Banner National Historic Trail,"office, program, network, or trail","Baltimore, Maryland",39.2632,-76.5798,as listed,Updating STSP Sign Graphics,"This multi-year project will involve the revamp of the content and graphics for STSP kiosks (33) and waysides (101). Many of the original signs, created and installed between 2011-2014, have faded and are in various stages of deterioration. Additionally, the signs feature a now-defunct website, show old information on maps, and contain outdated terms in reference to the enslaved population.",Other
1234,MWR,Midwest,STGE,Ste. Genevieve National Historical Park,park unit,Ste. Genevieve National Historical Park,37.9736,-90.0416,as listed,Wilhauk HVAC installation - Back Wing,"The project is to replace a old HVAC unit in the Wilhauk House with a new Gas fired Furnace and condenser. The new unit will be placed in a spacious closet in the rear wing of the house to make it easy to connect to existing duct work. The condenser will be mounted on ""floating"" steel brackets anchored to the concrete foundation. The flue will exit with the line set to the condenser on the side of the house.",Repair and rehabilitation
1235,NER,Northeast,STEA,Steamtown National Historic Site,park unit,Steamtown National Historic Site,41.408,-75.6716,as listed,Building Automation System - Front End Program,"This project upgrades the obsolete BAS system front end. Current system has not been supported since 2017 and needs to be upgraded. Project includes upgraded programming for front end, new graphics interface, and host server.",Park operations (ONPS)
1236,NER,Northeast,STEA,Steamtown National Historic Site,park unit,Steamtown National Historic Site,41.408,-75.6716,as listed,Collection Condition Survey and Conservation Treatment of STEA Museum Collections,"This project will fund a Collection Conservation Survey (CCS) and prioritized treatment for archeology, history, natural history, and select archival collections on exhibit and in storage. The CCS will document the condition status of museum collections resulting in a narrative report detailing improvements to housing, object conditions with treatment proposals, cost estimates, and priorities for conservation treatment. The survey will also document preventative conservation needs.",Cultural resources
1237,NER,Northeast,STEA,Steamtown National Historic Site,park unit,Steamtown National Historic Site,41.408,-75.6716,as listed,DL Contract,"Establish agreement with DL regarding track use, yard use, time and materials to rent equipment",Park operations (ONPS)
1238,NER,Northeast,STEA,Steamtown National Historic Site,park unit,Steamtown National Historic Site,41.408,-75.6716,as listed,Operating Insurance,Operating Liability Insurance,Park operations (ONPS)
1239,NER,Northeast,STEA,Steamtown National Historic Site,park unit,Steamtown National Historic Site,41.408,-75.6716,as listed,Repair and Recondition 2 Pyle National K2 Steam Generators,This project has been developed to repair and recondition Pyle National K2 Steam turbine generators to their original operating condition. Steamtown will provide three Pyle National K2 Steam turbine generators. Contractor will repair a minimum of two Pyle National K2 Steam turbine generators to original operating condition. All work performed under this contract must meet original manufacturer’s specifications.,Park operations (ONPS)
1240,NER,Northeast,STEA,Steamtown National Historic Site,park unit,Steamtown National Historic Site,41.408,-75.6716,as listed,Repair Boiler for Meadow River Lumber Company #1 Shay Locomotive,This project is to purchase material for and perform repairs to the boiler for the MRLC Shay #1 locomotive.,Park operations (ONPS)
1241,NER,Northeast,STEA,Steamtown National Historic Site,park unit,Steamtown National Historic Site,41.408,-75.6716,as listed,Shay - Tires,This project is for the purchase of steel tires for the Shay locomotive.,Park operations (ONPS)
1242,NER,Northeast,STEA,Steamtown National Historic Site,park unit,Steamtown National Historic Site,41.408,-75.6716,as listed,Shay - Truck Bolster Springs,This project is for the purchase of the bolster springs for the Shay locomotive.,Park operations (ONPS)
1243,NER,Northeast,STEA,Steamtown National Historic Site,park unit,Steamtown National Historic Site,41.408,-75.6716,as listed,Technology Museum Diorama Repair,This project is for the repairs and cleaning of the Technology Museum diorama.,Park operations (ONPS)
1244,SER,Southeast,STRI,Stones River National Battlefield,park unit,Stones River National Battlefield,35.8733,-86.4336,as listed,Construct Parking Lot at Tour Stop 5 (Hazen Brigade Monument),This project seeks to create a safe parking option at the Hazen Brigade Monument (Tour Stop #5) and expand opportunities to explore the battlefield landscape via trails.,Other
1245,SER,Southeast,STRI,Stones River National Battlefield,park unit,Stones River National Battlefield,35.8733,-86.4336,as listed,Tree Planting and Cultural Landscape Repairs,"101 trees that are currently missing from Stones River National Cemetery will be replaced and mulched to promote their successful establishment. 121 aerated specimen trees will be mulched, preventing evaporation, suppressing weeds, and providing supplemental organic matter. The results meet the tree preservation objectives of the STRI National Battlefield CLR and will significantly help to restore the historic tree canopy of the cemetery. The cultural landscape and other cultural resources will",Cultural cyclic maintenance
1246,NCR,National Capital,WHHO,The White House and President's Park,park unit,The White House and President's Park,38.8969,-77.0366,as listed,Computer Replacement,Lifecycle replacement of Park computers,Not specified
1247,NCR,National Capital,WHHO,The White House and President's Park,park unit,The White House and President's Park,38.8969,-77.0366,as listed,WHHO African American History CLR,WHHO African American History CLR,Not specified
1248,NCR,National Capital,WHHO,The White House and President's Park,park unit,The White House and President's Park,38.8969,-77.0366,as listed,WHHO ALTEL Bus & Truck Repairs (FY25) Rollover,,Not specified
1249,MWR,Midwest,THRO,Theodore Roosevelt National Park,park unit,Theodore Roosevelt National Park,46.9558,-103.463,as listed,Cultural Resources Compliance and Assistance to Midwest Region Facilities Projects - Prepare Treatment Plan for Riverbend Overlook Shelter,This project will produce a condition assessment and treatment plan for the North Unit (NU) Riverbend Overlook Shelter. The site is comprised of a 458 square feet log timber and sandstone structure that is reached by a 612 linear feet gravel trail traversing sloping terrain. The shelter and trail were constructed in 1938 by the Civilian Conservation Corps (CCC).,Cultural cyclic maintenance
1250,MWR,Midwest,THRO,Theodore Roosevelt National Park,park unit,Theodore Roosevelt National Park,46.9558,-103.463,as listed,Directional Boring Insertion of Government Furnished Conduit,Work will entail installation of NPS furnished Duraliner Conduit by directional boring in developed landscape in the park housing area in Medora.,Park housing
1251,MWR,Midwest,THRO,Theodore Roosevelt National Park,park unit,Theodore Roosevelt National Park,46.9558,-103.463,as listed,Perform Tree Maintenance Services for Visitor Safety,Hazard Tree Maintenance,Park operations (ONPS)
1252,MWR,Midwest,THRO,Theodore Roosevelt National Park,park unit,Theodore Roosevelt National Park,46.9558,-103.463,as listed,Procure Iridium Data for GPS Collars,"GPS collars are deployed on elk at the park, in support of Resource Management operations. Iridium service (data exchange) must be procured to enable ongoing use of the devices.",Park operations (ONPS)
1253,NER,Northeast,THCO,Thomas Cole National Historic Site,park unit,"Catskill, New York",42.2258,-73.8615,as listed,Repair Historic Fence and Stone Base,Make needed repairs and repaint wood portion of fence and reset displaced portions of dry stone base of reproduction fence and stone wall constructed in 2011.,Cyclic maintenance
1254,NER,Northeast,EDIS,Thomas Edison National Historical Park,park unit,Thomas Edison National Historical Park,40.7857,-74.2398,as listed,Clean and rehouse open metal phonograph discs,"Hire a conservator to conserve and rehouse approximately 15 metal discs per treatment/storage protocol developed in PMIS-320530-A. Generate a comprehensive treatment report including full photo-documentation (before, during, after treatment).",Other
1255,NER,Northeast,EDIS,Thomas Edison National Historical Park,park unit,Thomas Edison National Historical Park,40.7857,-74.2398,as listed,Conserve Historic Concrete Museum Objects at Thomas Edison National Historical Park,Hire a qualified conservator to survey and conserve 5 historic concrete objects including two concrete funerary lanterns and their associated bronze plaques; also an Edison concrete slab (includes producing an object survey and 5 treatment reports),Other
1256,NER,Northeast,EDIS,Thomas Edison National Historical Park,park unit,Thomas Edison National Historical Park,40.7857,-74.2398,as listed,"Conserve the Desks of Thomas and Mina Edison Exhibited in the Living Room in Edison's Home, Glenmont","Contract conservator to survey two desks and conserve them (on-site) structurally stabilizing them and addressing condition issues such as scratches, water damage, failing veneer, and releasing glue/failing joinery; produce condition and treatment reports/survey.",Other
1257,NER,Northeast,EDIS,Thomas Edison National Historical Park,park unit,Thomas Edison National Historical Park,40.7857,-74.2398,as listed,"Design - Replace Missing Historic Newel Post Fixture on Staircase in Edison's Home, Glenmont","Hire contractor to design missing newel post lamp replacement. The historic main staircase has one beaded light fixture attached to a newel post on the first-floor landing. Historically, an additional light fixture was attached to the newel post on the second-floor landing but is no longer present. Project will entail hiring a company that specializes in reproduction lighting design to recreate the light fixture and its beaded shade, copying the existing fixture on the first floor.",Recreation fees (FLREA)
1258,IMR,Intermountain,TICA,Timpanogos Cave National Monument,park unit,Timpanogos Cave National Monument,40.4404,-111.7094,as listed,TICA Rock House water heater replacement,"Replace failing water heater unit in Rock House, which is the Resource Management Office building",Park operations (ONPS)
1259,IMR,Intermountain,TICA,Timpanogos Cave National Monument,park unit,Timpanogos Cave National Monument,40.4404,-111.7094,as listed,TICA Seasonal Housing water heater replacement,Replace failing water heater unit,Park operations (ONPS)
1260,SER,Southeast,TIMU,Timucuan Ecological and Historic Preserve,park unit,Timucuan Ecological and Historic Preserve,30.4757,-81.4521,as listed,Thomas Creek Invasive Plant Treatment,"Roughly 77 acres of the Thomas Creek area will be treated for invasive species including Triadica sebifera, Eichhornia crassipes, and Ludwigia peruviana",Park operations (ONPS)
1261,IMR,Intermountain,TONT,Tonto National Monument,park unit,Tonto National Monument,33.6484,-111.1136,as listed,Rehabilitate Residential Quarters 19 FY20,"his project is for the rehabilitation of Quarters 19. Work will update the electrical system, replace of 100 linear feet (lf) of plumbing, replace window blinds, exterior screen doors, bathroom sinks and vanities, light fixtures, kitchen appliances, Heating Ventilation Air Conditioning (HVAC) ducting and vent covers, re-frame the doorway at the laundry room and kitchen, trim work and drywall repair, painting of interior finishes, refinishing of all interior doors, upgrade insulation, etc..",Repair and rehabilitation
1262,IMR,Intermountain,TUMA,Tumacacori National Historical Park,park unit,Tumacacori National Historical Park,31.5726,-111.0476,as listed,Install Fire Protection Systems and Renovate Electrical Systems in Historical Buildings,"This project accomplishes several goals by implementing the Value Analysis (VA) preferred design alternative to provide NPS required fire detection and suppression systems in three historic buildings. The Visitors Center, which is a National Historic Landmark. The Boundey House which is on the National Register, and the Single-Family Residence built in 1932. Fire detection systems will be installed in all three buildings. Three-phase power will be installed at the visitor center to support a low",Repair and rehabilitation
1263,IMR,Intermountain,TUMA,Tumacacori National Historical Park,park unit,Tumacacori National Historical Park,31.5726,-111.0476,as listed,Install New Water Mains and Sprinkler Systems for Fire Suppression in Multiple Buildings.,"This project implements the site work portion of the recent 2020 Value Analysis (VA) preferred design alternative by installing the critical infrastructure needed to protect three historic buildings from fire. This includes civil work and excavation to replace the water supply lines, conduit and wiring needed to support the new fire system. The replacement of 3 fire hydrants and the addition of 2 new hydrants. The replacement of 2 existing domestic water pumps, and the addition of a new fire pump",Repair and rehabilitation
1264,IMR,Intermountain,TUMA,Tumacacori National Historical Park,park unit,Tumacacori National Historical Park,31.5726,-111.0476,as listed,Tittle 3 Services for PMIS 191113A Install New Water Mains and Sprinkler Systems for Fire Suppression in Multiple Buildings.,Tittle 3 Services for PMIS 191113A Install New Water Mains and Sprinkler Systems for Fire Suppression in Multiple Buildings.,Repair and rehabilitation
1265,IMR,Intermountain,TUMA,Tumacacori National Historical Park,park unit,Tumacacori National Historical Park,31.5726,-111.0476,as listed,TUMA & CAGR Parkwide Termite Treatment Service,"Inspect for, Treatment of, and Prevention of Termite Infestation in Park Buildings at both TUMA & CAGR.",Park operations (ONPS)
1266,SER,Southeast,TUAI,Tuskegee Airmen National Historic Site,park unit,Tuskegee Airmen National Historic Site,32.4549,-85.6786,as listed,TUAI NHS Cyclic Paint (8) Buildings at Airmen Site,"TUAI NHS Cyclic Paint (8) Buildings at Airmen Site. This work will complete exterior trim paint of (6) Buildings and interior trim paint (2) Hanger buildings 1 and 2. This project will help preserve the history of the Tuskegee Airmen, assist with telling our TUAI story, and keep the building preserved throughout history for our visitor experience.",Cyclic maintenance
1267,SER,Southeast,TUIN,Tuskegee Institute National Historic Site,park unit,Tuskegee Institute National Historic Site,32.4303,-85.7048,as listed,TUIN Headquarters Remodel Renovation 2026,"NPS Headquarters Remodel Housing upgrades $108,000.00, Equipment/Safety Rentals $30,000.00, Remove and Replace Windows $137,500.00, Remove main level carpet and refinish hardwood flooring $45,000.00, New Kitchen Cabinets and Countertops $40,000.00, Pocket Door Leading into Kitchen $2,500.00, Sheetrock Ceiling Main Level and Basement $48,000.00, LED Ceiling Can Style Lights $50,000.00, Remodel Blue Bathroom $25,000.00, Interior Painting $15,000.00, Electrical/Appliances $20,000.00, ETC.",Cyclic maintenance
1268,SER,Southeast,TUIN,Tuskegee Institute National Historic Site,park unit,Tuskegee Institute National Historic Site,32.4303,-85.7048,as listed,TUIN NPS Maintenance Building Remodel Renovation 2026,"Mobilization $3,000.00 Management/Housing $45,000.00 Equipment/Safety Rentals $15,000.00 Remodel 2 Bathrooms include corner shower and open shower $50,000.00 Remove and Replace in Closet Deep Hallway Sink $1,200.00 Remove and Replace VCT Flooring $32,000.00 Provide 2 Barn Style Sliding Doors use existing doors $2,000.00 Interior Paint $10,000.00 Exterior Paint $8,000.00",Cyclic maintenance
1269,IMR,Intermountain,TUZI,Tuzigoot National Monument,park unit,Tuzigoot National Monument,34.7739,-112.0283,as listed,Replace Wayside Panels Along TUZI Trails,"This project will complete the fabrication and installation of 29 interpretive wayside exhibits along the Tuzigoot Pueblo Trail, Marsh Overlook Trail, and the Tavasci Marsh Trail System, replacing 21 existing panels of outdated information and add an additional 8 new waysides, including stands. This project will also address issues with 25 small, vegetation focused waysides that are currently damaged, out of date, or no longer pertaining to vegetation that has died and unable to replace.",Recreation fees (FLREA)
1270,WASO,National (WASO),USPP,U.S. Park Police,"office, program, network, or trail","Washington, DC",38.8764,-77.0335,as listed,5.56mm Rifle Ammunition for the US Park Police,"The US Park Police has a requirement to purchase 5.56mm ammunition from FBI contract number 15F06721D0002625 which is a mandatory contract according to COTI 143.08-02. After the FY25 ammunition purchases, USPP was informed that it should purchase its ammunition via contracts awarded by ConOps National and not use the ConOps Strategic consolidated ammunition purchases. This ammunition is a critical component of the USPP's efforts under EO 14333 to hire and train an additional 450 USPP officers.",Park operations (ONPS)
1271,WASO,National (WASO),USPP,U.S. Park Police,"office, program, network, or trail","Washington, DC",38.8764,-77.0335,as listed,Abrasive Blasting and New Paint for USPP NYFO Marine Patrol Unit Vessels,"The US Park Police (USPP) New York Field Office (NYFO) Marine Patrol Unit (MPU) has a requirement to perform abrasive blasting to two MPU marine vessels to remove old paint, barnacles, rust, and contaminants from their hulls and then repaint the hulls with new paint. This is a critical process in marine maintenance.",Park operations (ONPS)
1272,WASO,National (WASO),USPP,U.S. Park Police,"office, program, network, or trail","Washington, DC",38.8764,-77.0335,as listed,Acquisition of Additional Canine Working Dogs and Training for the US Park Police,"The US Park Police has a requirement to acquire additional canine working dogs and training for the US Park Police Canine Unit. The USPP Canine Unit requires additional patrol dogs that are trained and skilled in tracking, handler protection, off-leash obedience, criminal apprehension, and article, area and building search. This is an Administrative Priority.",Park operations (ONPS)
1273,WASO,National (WASO),USPP,U.S. Park Police,"office, program, network, or trail","Washington, DC",38.8764,-77.0335,as listed,Additional Trunked Radio Channels for USPP NYFO,"The US Park Police (USPP) New York Field Office (NYFO) has a requirement to add two trunked radio channels to the USPP radio system. A trunked radio system is a sophisticated, computer-controlled radio network that efficiently manages a pool of shared radio frequencies among many user groups by dynamically assigning channels. These trunked channels will add these trunked channels to the radio workstations in the USPP NYFO Dispatch Center.",Park operations (ONPS)
1274,WASO,National (WASO),USPP,U.S. Park Police,"office, program, network, or trail","Washington, DC",38.8764,-77.0335,as listed,All Terrain Vehicle (ATV) for the USPP NYFO,The US Park Police (USPP) New York Field Office (NYFO) has a requirement for two All-Terrain Vehicles (ATVs) with police equipment for the Jamaica Bay Unit (JBU) located on Floyd Bennett Field in Brooklyn.,Park operations (ONPS)
1275,WASO,National (WASO),USPP,U.S. Park Police,"office, program, network, or trail","Washington, DC",38.8764,-77.0335,as listed,All Terrain Vehicle (ATV) for the USPP WMA HMP Unit,"The US Park Police Horse Mounted Patrol (HMP) Unit in Washington, DC has a requirement for an All-Terrain Vehicle (ATV) to accommodate moving hay, sawdust, feed, barn supplies, shuttling personnel and equipment, and to assist in the cleaning of horse manure from the streets.",Park operations (ONPS)
1276,WASO,National (WASO),USPP,U.S. Park Police,"office, program, network, or trail","Washington, DC",38.8764,-77.0335,as listed,CCTV / Video Surveillance System (VSS) for the USPP Anacostia Operations Facility (AOF),"The US Park Police (USPP) has a requirement for lifecycle replacement of the CCTV / Video Surveillance System (VSS) at its Anacostia Operations Facility (AOF). The current VSS is outdated and no longer meets the operational, technical, or compliance requirements of a Level 3 facility as defined by the ISC. Requirement is dependent upon final decisions/funding regarding the construction/rehab of USPP facilities from funds provided thru EO 14333.",Park operations (ONPS)
1277,WASO,National (WASO),USPP,U.S. Park Police,"office, program, network, or trail","Washington, DC",38.8764,-77.0335,as listed,CCTV Cameras at Fort Washington Park (FOWA),The US Park Police (USPP) New York Field Office (NYFO) has a requirement for the purchase and installation of at least four CCTV surveillance cameras to provide day and night surveillance at the Fort Washington Park (FOWA). FOWA is no longer monitored by NPS guard force personnel. Two cameras at each entrance are necessary to record vehicles entering and exiting FOWA.,Park operations (ONPS)
1278,WASO,National (WASO),USPP,U.S. Park Police,"office, program, network, or trail","Washington, DC",38.8764,-77.0335,as listed,DC Dispatch Operations Center AIS Software Upgrade for P25 Integration,The USPP DC Dispatch Operations Center has a requirement to upgrade its existing AIS Software for mandatory P25 law enforcement radio integration.,Park operations (ONPS)
1279,WASO,National (WASO),USPP,U.S. Park Police,"office, program, network, or trail","Washington, DC",38.8764,-77.0335,as listed,DC Dispatch Operations Center Desktop Computer Replacement,"All the USPP Dispatch Operations Centers (DC, NYFO, and SFFO) have a requirement to upgrade their existing desktop computers. The recent deployment of the new Mark 43 Law Enforcement Resource Management System (RMS) requires additional RAM and processing speed than what exists in the current outdated desktops being used in the USPP Dispatch Operations Center.",Park operations (ONPS)
1280,WASO,National (WASO),USPP,U.S. Park Police,"office, program, network, or trail","Washington, DC",38.8764,-77.0335,as listed,Electronic Citation Warning System for the US Park Police,"The US Park Police (USPP) has a requirement to purchase an Electronic Citation Warning System (ECWS) and mobile printers to begin using e-Citation technology available to USPP personnel through the Mark 43 System. ECWS is designed to streamline the process of issuing citations through electronic printing, data collection, and integration which will increase operational accuracy and efficiency and safety on the roads.",Park operations (ONPS)
1281,WASO,National (WASO),USPP,U.S. Park Police,"office, program, network, or trail","Washington, DC",38.8764,-77.0335,as listed,Evidence Tracker (E-Tracker) Database Transfer to New Mark 43 RMS,"The USPP has a requirement to transfer the data residing within the Evidence Tracker (E-Tracker) System database to the new Mark 43 Law Enforcement Resource Management System (RMS). Prior to the deployment of the new Mark 43 RMS, the USPP maintained its evidence database on the E-Tracker System. Since the E-Tracker is a proprietary system, the USPP needs a contract to assist in the transfer of the data.",Park operations (ONPS)
1282,WASO,National (WASO),USPP,U.S. Park Police,"office, program, network, or trail","Washington, DC",38.8764,-77.0335,as listed,FirstNet Authority Broadband Network Subscriptions,"The US Park Police (USPP) has a requirement to establish services using FirstNet Authority which is a nationwide broadband network dedicated exclusively for public safety use, providing a secure, reliable, high-speed network, which offers a suite of voice, data and video streaming push to talk capabilities, so law enforcement officers can talk and share data more efficiently. FirstNet offers vetted and secured law enforcement apps, along with dedicated deployable assets for major events, etc.",Park operations (ONPS)
1283,WASO,National (WASO),USPP,U.S. Park Police,"office, program, network, or trail","Washington, DC",38.8764,-77.0335,as listed,Harley Davidson Electra Glide Police Motorcycles for the US Park Police,"The US Park Police (USPP) has a requirement for a lifecycle replacement of five Harley Davidson Electra Glide Police Motorcycles for its USPP Motors Unit. The USPP Motors Unit enhances public safety and traffic enforcement through proactive patrol and rapid response capabilities. The USPP Motors Unit strives to reduce accidents, promote roadway safety, and provide reliable escorts and dignitary protection.",Park operations (ONPS)
1284,WASO,National (WASO),USPP,U.S. Park Police,"office, program, network, or trail","Washington, DC",38.8764,-77.0335,as listed,Installation of a Data Circuit to Support USPP Training at the FLETC Cheltenham,"The USPP has a requirement to install a data circuit to support USPP training requirements at the Federal Law Enforcement Training Center (FLETC) facility located in Cheltenham, MD. The data circuit will be installed at FLETC Cheltenham's Building 1 and will be used to provide sufficient bandwidth to support all the USPP's training of its new officers. FLETC Cheltenham does not have insufficient bandwidth to support USPP's requirements.",Park operations (ONPS)
1285,WASO,National (WASO),USPP,U.S. Park Police,"office, program, network, or trail","Washington, DC",38.8764,-77.0335,as listed,"Installation of a Fence with Gate to Protect the Generator, Radio Tower, and HVAC System at USPP NYFO","The US Park Police (USPP) New York Field Office (NYFO) has a requirement to install a fence with a gate to protect the generator, radio tower, and HVAC system at the USPP NYFO. The installation of a fence will help protect this vital equipment from tampering or vandalism by the public.",Park operations (ONPS)
1286,WASO,National (WASO),USPP,U.S. Park Police,"office, program, network, or trail","Washington, DC",38.8764,-77.0335,as listed,Lifecycle Replacement of Duty Rifles for the US Park Police,"The US Park Police (USPP) has a requirement to conduct a lifecycle replacement of obsolete rifles in support of the mission of USPP officers. The intent of the contract would be to purchase from a family of 5.56 x 45mm semi-automatic duty rifles, replacement parts, and armorer training.",Park operations (ONPS)
1287,WASO,National (WASO),USPP,U.S. Park Police,"office, program, network, or trail","Washington, DC",38.8764,-77.0335,as listed,Lifecycle Replacement of Level 1 Civil Disturbance Unit (CDU) Equipment for US Park Police,The US Park Police (USPP) has a requirement to purchase lifecycle replacement of various Level 1 Civil Disturbance Unit (CDU) equipment and supplies designed to assist law enforcement agencies maintain public safety during protests and riots.,Park operations (ONPS)
1288,WASO,National (WASO),USPP,U.S. Park Police,"office, program, network, or trail","Washington, DC",38.8764,-77.0335,as listed,LiveScan Cabinet Fingerprint/Palmprint Systems for the US Park Police,"The US Park Police (USPP) has a requirement to purchase at least two replacement IDEMIA LiveScan Cabinet Tenprint/Palmprint Systems with compatible color printers for USPP District Stations. The IDEMIA LiveScan System is used to capture biometric data for law enforcement purposes. The IDEMIA LiveScan System supports multi-modal biometric data capture and enrollment including fingerprints, palm prints, and facial images and interacts with the Washington, DC Metropolitan Police Department.",Park operations (ONPS)
1289,WASO,National (WASO),USPP,U.S. Park Police,"office, program, network, or trail","Washington, DC",38.8764,-77.0335,as listed,Marine Buoys and Fenders for the USPP NYFO Marine Patrol Unit,"The US Park Police (USPP) New York Field Office (NYFO) Marine Patrol Unit (MPU) has a requirement to purchase marine buoys and fenders which are crucial for protecting boats and ensuring safe docking. Fenders are cushions that protect boats from damage caused by docks or other vessels. Buoys are floating devices used for navigation and mooring, marking key locations in the water.",Park operations (ONPS)
1290,WASO,National (WASO),USPP,U.S. Park Police,"office, program, network, or trail","Washington, DC",38.8764,-77.0335,as listed,Mobile Command Vehicle for the US Park Police,"The US Park Police (USPP) has a requirement for an updated law enforcement mobile command vehicle to serve as a centralized hub for coordination, communication, and decision-making during emergencies and significant major events. These vehicles are equipped with advance technology and communication systems, providing a secure and comfortable environment for command personnel, facilitating real time communication among various agencies.",Park operations (ONPS)
1291,WASO,National (WASO),USPP,U.S. Park Police,"office, program, network, or trail","Washington, DC",38.8764,-77.0335,as listed,"Mobile Data Terminal Pedestals, Vehicle Mounts and Docking Stations for USPP LE Vehicles","The US Park Police (USPP) has a requirement to purchase and install Mobile Data Terminal (MDT) pedestals, vehicle mounts, and docking stations into approximately 200 USPP law enforcement vehicles that still require this equipment or to be installed in new USPP vehicles being purchased and/or leased to support USPP law enforcement operations required under EO 14252 and EO 14333.",Park operations (ONPS)
1292,WASO,National (WASO),USPP,U.S. Park Police,"office, program, network, or trail","Washington, DC",38.8764,-77.0335,as listed,Next Generation 911 System for the US Park Police,"The US Park Police (USPP) has a requirement for a Next Generation 911 (NG911) digital, internet protocol (IP) based system that will replace the analog 911 system currently being used in its USPP Dispatch Operations Centers (DOCs). It will enhance emergency number services to create a faster, more resilient system that allows voice, photos, videos, and text message to flow seamlessly from the public to the 911 network. Efforts to acquire the NG911 will involve coordination with DoT and 911.gov",Park operations (ONPS)
1293,WASO,National (WASO),USPP,U.S. Park Police,"office, program, network, or trail","Washington, DC",38.8764,-77.0335,as listed,Night Vision Goggles for US Park Police SWAT Operations,The US Park Police (USPP) has a requirement for the purchase of night vision goggles to be used during USPP SWAT law enforcement operations.,Park operations (ONPS)
1294,WASO,National (WASO),USPP,U.S. Park Police,"office, program, network, or trail","Washington, DC",38.8764,-77.0335,as listed,Pepperball Launchers and Supplies for the US Park Police,The US Park Police (USPP) in the Washington Metropolitan Area (WMA) and the New York Field Office (NYFO) have a requirement for the purchase of non-lethal Pepperball Launchers and supplies for USPP law enforcement operations.,Park operations (ONPS)
1295,WASO,National (WASO),USPP,U.S. Park Police,"office, program, network, or trail","Washington, DC",38.8764,-77.0335,as listed,Physical Access Control Systems (PACS) for the US Park Police,"The US Park Police (USPP) has a requirement for Physical Access Control Systems (PACS) at its Anacostia Operations Facility (AOF), District 2 Station (D2), and District 3 Station (D3) to control and monitor access to sensitive areas such as evidence rooms, armories, detention spaces, data center, etc. Reduces risks of unauthorized access and theft. Requirement is dependent upon final decisions/funding regarding the construction/rehab of USPP facilities from funds provided thru EO 14333.",Park operations (ONPS)
1296,WASO,National (WASO),USPP,U.S. Park Police,"office, program, network, or trail","Washington, DC",38.8764,-77.0335,as listed,Purchase and Installation of PIT Equipment on Selected USPP LE Vehicles,"Pursuant to EO 14252, the USPP has a requirement to purchase and install Precision Immobilization Technique (PIT) equipment on selected USPP law enforcement vehicles. A PIT maneuver is a law enforcement pursuit tactic in which a pursuing vehicle suddenly laterally strikes the side-rear of the pursued vehicle, thus causing the pursued vehicle to swing around and come to an unplanned stop.",Park operations (ONPS)
1297,WASO,National (WASO),USPP,U.S. Park Police,"office, program, network, or trail","Washington, DC",38.8764,-77.0335,as listed,Purchase and Lifecycle Replacement of RADAR and LIDAR for the US Park Police,The US Park Police (USPP) has the requirement to purchase and conduct a lifecycle replacement of aging RADAR and LIDAR used as speed detection tools to measure the speed of vehicles. RADAR uses radio detection and ranging while LIDAR uses laser light detection and ranging which is more precise. The purchase of handheld and dash-mounted RADAR and LIDAR systems will be used in the USPP's execution of EO 14252 and 14333.,Park operations (ONPS)
1298,WASO,National (WASO),USPP,U.S. Park Police,"office, program, network, or trail","Washington, DC",38.8764,-77.0335,as listed,Sidecars for Harley Davidson Electra Glide Police Motorcycles for the US Park Police,"The US Park Police (USPP) has a requirement for the production and installation of sidecar packages for at least 10 Harley Davidson Electra Glide Police Motorcycles in the USPP Motors Fleet that do not have a sidecar package. Harley Davidson no longer manufactures police sidecars for its motorcycles. Therefore, a contract must be awarded to a company that is able to manufacture and install sidecar packages for the USPP Motors Fleet.",Park operations (ONPS)
1299,WASO,National (WASO),USPP,U.S. Park Police,"office, program, network, or trail","Washington, DC",38.8764,-77.0335,as listed,Temporary Structure for USPP AOF / D5 to Accommodate Additional USPP Officers,"USPP has a requirement for a temporary structure near the current USPP AOF/D5 to accommodate an additional 100 to 150 USPP officers being hired pursuant to EO 14252, EO 14333, and EO 14339. The temporary structure's estimated size is 10,000 square feet. The USPP has provided its requirements to DSC and floorplans are being developed. The temporary structure also requires all utilities, furniture, IT, communications, alarms, parking, security fences, etc.",Park operations (ONPS)
1300,WASO,National (WASO),USPP,U.S. Park Police,"office, program, network, or trail","Washington, DC",38.8764,-77.0335,as listed,Temporary Structure for USPP D1 (Central District Station),"USPP has a requirement for a temporary structure near the current USPP D1 (Central District Station) to accommodate an additional 100 to 150 USPP officers being hired pursuant to EO 14252, EO 14333, and EO 14339. The temporary structure's estimated size is 10,000 square feet. The USPP has provided its requirements to DSC and floorplans are being developed. The temporary structure also requires all utilities, furniture, IT, communications, alarms, parking, security fences, etc.",Park operations (ONPS)
1301,WASO,National (WASO),USPP,U.S. Park Police,"office, program, network, or trail","Washington, DC",38.8764,-77.0335,as listed,Upfitting of USPP Vehicles with Law Enforcement Emergency Equipment,"The US Park Police (USPP) Washington Metropolitan Area (WMA) has a requirement to upfit numerous USPP-owned and GSA leased law enforcement vehicles with emergency equipment, to include lighting and sirens. The lack of proper emergency equipment is a safety concern and the upfitting of these USPP vehicles will allow for proper emergency response.",Park operations (ONPS)
1302,WASO,National (WASO),USPP,U.S. Park Police,"office, program, network, or trail","Washington, DC",38.8764,-77.0335,as listed,US Park Police Requirement for a New Ammunition Storage Bunker at USPP AOF,The US Park Police has a requirement for a new Ammunition Storage Bunker at the USPP Anacostia Operations Facility (AOF) to replace a current ammunition storage bunker that has degraded to an unacceptable condition causing water intrusion and pest/vermin infestations. The new Ammunition Storage Bunker would consist of a 40'X8' Modified Shipping Container placed on a concrete block pier foundation with electrical connections and physical security alarms.,Park operations (ONPS)
1303,WASO,National (WASO),USPP,U.S. Park Police,"office, program, network, or trail","Washington, DC",38.8764,-77.0335,as listed,USDA NAL Fiber Installation Upgrade to Support USPP Radio Communications,"The USPP has a requirement to install upgraded fiber optic cable at the USDA National Agricultural Library (NAL) to support USPP radio communications. The USPP has a radio receiver and antenna on the roof of the USDA NAL. The USPP needs to install new fiber optic cable from the basement of the building to the roof. Without this upgrade, the USPP will no longer have radio communication ability in that area to support law enforcement operations.",Park operations (ONPS)
1304,WASO,National (WASO),USPP,U.S. Park Police,"office, program, network, or trail","Washington, DC",38.8764,-77.0335,as listed,USPP Basic Officer Protection Equipment,"The USPP has a requirement to obtain personal protection equipment to be used by its officers during demonstrations and law enforcement operations. The personal protection equipment includes helmets, arm guards, elbow guards, groin guards, thigh guards and shin guards. The USPP requires sufficient personal protection equipment for all its new USPP officers hired pursuant to EO 14339 and to replace any damaged equipment being used by incumbent USPP officers.",Park operations (ONPS)
1305,WASO,National (WASO),USPP,U.S. Park Police,"office, program, network, or trail","Washington, DC",38.8764,-77.0335,as listed,USPP Dress A Blouses and Rain Jackets,"The USPP has a requirement to purchase Dress A Blouses and Rain Jackets for all the new USPP officers being hired pursuant to Executive Orders 14252, 14333, and 14339. The USPP Dress A Blouses and required Rain Jackets are not available on the enterprise DOI Uniform Contract awarded to Workwear Outfitters.",Park operations (ONPS)
1306,WASO,National (WASO),USPP,U.S. Park Police,"office, program, network, or trail","Washington, DC",38.8764,-77.0335,as listed,USPP Medical Examinations for Officers,"The USPP is transiting away from HHS FOH for its medical examination services and requires a task order be issued using the DOI's IDIQ for Medical Examination Services. These medical examinations are for both the new USPP officers being hired pursuant to EOs 14252, 14333 and 14339 and also all the incumbent USPP officers.",Park operations (ONPS)
1307,WASO,National (WASO),USPP,U.S. Park Police,"office, program, network, or trail","Washington, DC",38.8764,-77.0335,as listed,USPP Requirement for a Secondary Internet Service,The US Park Police (USPP) has a requirement for a secondary internet service for law enforcement partner use and to provide a backup internet capability when the primary network has failed.,Park operations (ONPS)
1308,MWR,Midwest,ULSG,Ulysses S. Grant National Historic Site,park unit,Ulysses S. Grant National Historic Site,38.5518,-90.3517,as listed,Replace Deficient Sections of Aggregate Sidewalk,This project is for replacing approximately 500 sqft of broken aggregate sidewalks surrounding Grants home. The broken sections of sidewalk are causing a safety hazard for staff and visitors.,Park operations (ONPS)
1309,NER,Northeast,VAFO,Valley Forge National Historical Park,park unit,Valley Forge National Historical Park,40.1005,-75.4447,as listed,Rehabilitate the Thomas House - Natural Resources Office,Rehabilitate the Thomas House - Natural Resources Office,Park operations (ONPS)
1310,NER,Northeast,VAFO,Valley Forge National Historical Park,park unit,Valley Forge National Historical Park,40.1005,-75.4447,as listed,Residential HVAC Maintenance Contract - Exercise and Fund Option Year 1,Residential HVAC Maintenance Contract - Exercise and Fund Option Year 1,Park operations (ONPS)
1311,NER,Northeast,VAMA,Vanderbilt Mansion National Historic Site,park unit,Vanderbilt Mansion National Historic Site,41.7976,-73.9418,as listed,Construct New Septic System for Vanderbilt Visitor Center,"Construct new septic system for Vanderbilt Visitor Center. Sever from existing Mansion septic. New system to be approximately 2,500 gallons and located to the north of the Visitor Center. Raise basement waste lines to basement to ceiling height to minimize depth required for new system (currently waste lines run below the basement floor.",Cyclic maintenance
1312,NCR,National Capital,VIVE,Vietnam Veterans Memorial,park unit,Vietnam Veterans Memorial,38.8909,-77.0477,as listed,Conserve Paper Objects in the VIVE Museum Collection,"Conserve 104 paper objects and 6 photo albums identified as priority 1 or 2 in the 2020 Collections Condition Survey. Objects will be cleaned of mold/mildew, staining will be reduced, components will be replaced to eliminate acidic or deteriorating elements, mends and losses will be repaired, and objects will be stabilized. Archival storage enclosures will be purchased to improve storage conditions.",Not specified
1313,SER,Southeast,VICR,Virgin Islands Coral Reef National Monument,park unit,Virgin Islands Coral Reef National Monument,18.2797,-64.7039,as listed,Virgin Islands Coral Reef National Monument General Management Planning,"Virgin Islands Coral Reef National Monument intends to undertake efforts towards developing a General Management Plan as outlined in its enabling legislation. Contracting needs associated with these efforts may include supplies and/or services such as printing, permitting assistance and public meeting elements .",Other
1314,SER,Southeast,VIIS,Virgin Islands National Park,park unit,Virgin Islands National Park,18.3439,-64.7399,as listed,Annaberg Wayside Installation,to install the Annaberg wayside,Park operations (ONPS)
1315,SER,Southeast,VIIS,Virgin Islands National Park,park unit,Virgin Islands National Park,18.3439,-64.7399,as listed,Caneel Bay Resort Records Digitization Project of Over-sized Plans and Maps (1950s-2010s) from Resort Planning and Management,"VIIS will contract the digitization of 500 over-sized plans and maps to archival standards. The records were created during 70-years of Caneel Bay Resort planning and management. The resort was destroyed by 2017 Hurricanes Irma and Maria. These maps will be made available to potential contractors for the redevelopment of the Caneel Bay Resort. Also, the park will establish the capability to scan or photograph the remaining 1,500 Caneel Bay Resort plans through an in-house digitization program.",Concession franchise fees
1316,SER,Southeast,VIIS,Virgin Islands National Park,park unit,Virgin Islands National Park,18.3439,-64.7399,as listed,CANEEL BAY SECURITY GATE,FY-2025 This contract will provide a new gate plus installation at the Caneel Bay resort.,Park operations (ONPS)
1317,SER,Southeast,VIIS,Virgin Islands National Park,park unit,Virgin Islands National Park,18.3439,-64.7399,as listed,CANEEL ELECTRICAL POWER,INSTALLATION OF TEMPORARY POWER FOR CANEEL BAY,Park operations (ONPS)
1318,SER,Southeast,VIIS,Virgin Islands National Park,park unit,Virgin Islands National Park,18.3439,-64.7399,as listed,Caneel Environmental,Services for the Caneel environmental assessments,Park operations (ONPS)
1319,SER,Southeast,VIIS,Virgin Islands National Park,park unit,Virgin Islands National Park,18.3439,-64.7399,as listed,CANEEL SECURITY SERVICES,SECURITY SERVICES FOR CANEEL BAY FRONT GATE,Park operations (ONPS)
1320,SER,Southeast,VIIS,Virgin Islands National Park,park unit,Virgin Islands National Park,18.3439,-64.7399,as listed,Cinnamon Bay Parking Lot Lighting,Purchase materials for parking lot lighting,Park operations (ONPS)
1321,SER,Southeast,VIIS,Virgin Islands National Park,park unit,Virgin Islands National Park,18.3439,-64.7399,as listed,Cinnamon Bay Parking Lot Lighting Installation,To procure services to install the parking lot lighting materials.,Park operations (ONPS)
1322,SER,Southeast,VIIS,Virgin Islands National Park,park unit,Virgin Islands National Park,18.3439,-64.7399,as listed,CULVERT GUT CLEANING HOUSING & ONPS,CLEAN GUTTERINGS ON HOUSING UNITS AND INSTALL GUTTERING COVERS.,Park housing
1323,SER,Southeast,VIIS,Virgin Islands National Park,park unit,Virgin Islands National Park,18.3439,-64.7399,as listed,Drone for VRP,"Purchase of a drone to be used for Law Enforcement, SAR, etc.",Park operations (ONPS)
1324,SER,Southeast,VIIS,Virgin Islands National Park,park unit,Virgin Islands National Park,18.3439,-64.7399,as listed,HOUSING CLEANING SERVICES,"CLEANING SERVICES ON A ""AS NEEDED BASIS""",Park operations (ONPS)
1325,SER,Southeast,VIIS,Virgin Islands National Park,park unit,Virgin Islands National Park,18.3439,-64.7399,as listed,HOUSING KEY SYSTEM,RE-CORE HOUSING LOCKS FOR ALL 22 HOUSING UNITS,Park operations (ONPS)
1326,SER,Southeast,VIIS,Virgin Islands National Park,park unit,Virgin Islands National Park,18.3439,-64.7399,as listed,Land Clearance,Services to maintain vegetation 30 feet away from structures,Park operations (ONPS)
1327,SER,Southeast,VIIS,Virgin Islands National Park,park unit,Virgin Islands National Park,18.3439,-64.7399,as listed,Laptops Purchase FY 26,"GIS Computer for Resource Management - $4,573.70 Pro Rugged Laptops (4x$3,143.43) - $12,573.72",Park operations (ONPS)
1328,SER,Southeast,VIIS,Virgin Islands National Park,park unit,Virgin Islands National Park,18.3439,-64.7399,as listed,Lindpoint Housing Generator AE Service,Design to reconnect existing generator,Park operations (ONPS)
1329,SER,Southeast,VIIS,Virgin Islands National Park,park unit,Virgin Islands National Park,18.3439,-64.7399,as listed,Living History Program,Annaberg Living History Program,Park operations (ONPS)
1330,SER,Southeast,VIIS,Virgin Islands National Park,park unit,Virgin Islands National Park,18.3439,-64.7399,as listed,Mortar Analysis from 18th-Century Caneel Bay Estate,"This project involves analyses of 14 mortar samples collected from the masonry structures in the 18th-century Durloe Estate, located within the Caneel Bay Historic District. Analyses will characterize the physical, chemical, and mineralogical properties of the mortar used in the construction of these historic structures. The results will support historic preservation and restoration efforts by guiding compatible mortar selection for any future stabilization or rehabilitation activities.",Park operations (ONPS)
1331,SER,Southeast,VIIS,Virgin Islands National Park,park unit,Virgin Islands National Park,18.3439,-64.7399,as listed,Purchase UTV for Maintenance and Law Enforcement,"This project involves the acquisition of a Utility Terrain Vehicle (UTV) to support both maintenance operations and law enforcement activities within the park. The UTV will provide a versatile, off-road capable platform to enhance mobility, efficiency, and safety for personnel in rugged or remote areas.",Recreation fees (FLREA)
1332,SER,Southeast,VIIS,Virgin Islands National Park,park unit,Virgin Islands National Park,18.3439,-64.7399,as listed,Removal of Drums from Caneel,"Contractor to remove >100 55 gallon drums from the Caneel property. Drums include transformer oil, gas, diesel, motor oil, etc. Drums and material shall be removed to a facility that can legal accept the content.",Park operations (ONPS)
1333,SER,Southeast,VIIS,Virgin Islands National Park,park unit,Virgin Islands National Park,18.3439,-64.7399,as listed,Road Signs,Replacement of existing signs,Park operations (ONPS)
1334,SER,Southeast,VIIS,Virgin Islands National Park,park unit,Virgin Islands National Park,18.3439,-64.7399,as listed,SOLAR BATTERIES FOR VC AND RMS BUILDING,"PURCHASE AND INSTALL SOLAR BATTERIES FOR NEW RMS BUILDINGS, AND VC",Park operations (ONPS)
1335,SER,Southeast,VIIS,Virgin Islands National Park,park unit,Virgin Islands National Park,18.3439,-64.7399,as listed,SOLAR FOR HOUSING UNITS NEW AND EXISTING,Upgrade solar for existing units and add to new buildings.,Park operations (ONPS)
1336,SER,Southeast,VIIS,Virgin Islands National Park,park unit,Virgin Islands National Park,18.3439,-64.7399,as listed,TRUNK /HAWKNEST RENOVATION,RENOVATION FOR TRUNK BAY AND HAWKNEST BEACH,Park operations (ONPS)
1337,SER,Southeast,VIIS,Virgin Islands National Park,park unit,Virgin Islands National Park,18.3439,-64.7399,as listed,Welding Services,"Welding services for NPS to include but not limited to repairs, fabrication and installation to heavy equipment, vehicles, vessels and facilities",Park operations (ONPS)
1338,SER,Southeast,VIIS,Virgin Islands National Park,park unit,Virgin Islands National Park,18.3439,-64.7399,as listed,Wood Chipper Procurement,Purchase a Wood Chipper to use parkwide.,Park operations (ONPS)
1339,WASO,National (WASO),VRP,Visitor and Resource Protection directorate,"office, program, network, or trail","NPS headquarters, Washington, DC",38.8939,-77.0427,as listed,,test,Park operations (ONPS)
1340,WASO,National (WASO),VRP,Visitor and Resource Protection directorate,"office, program, network, or trail","NPS headquarters, Washington, DC",38.8939,-77.0427,as listed,BARC Mapping,Post fire mapping software,Other
1341,WASO,National (WASO),VRP,Visitor and Resource Protection directorate,"office, program, network, or trail","NPS headquarters, Washington, DC",38.8939,-77.0427,as listed,Developmental Pilot,Pilot training,Other
1342,WASO,National (WASO),VRP,Visitor and Resource Protection directorate,"office, program, network, or trail","NPS headquarters, Washington, DC",38.8939,-77.0427,as listed,DFAM - Esri Velocity,BPA Call for Velocity software - $20K,Park operations (ONPS)
1343,WASO,National (WASO),VRP,Visitor and Resource Protection directorate,"office, program, network, or trail","NPS headquarters, Washington, DC",38.8939,-77.0427,as listed,FFI Web Conversion,Monitoring software application,Other
1344,WASO,National (WASO),VRP,Visitor and Resource Protection directorate,"office, program, network, or trail","NPS headquarters, Washington, DC",38.8939,-77.0427,as listed,LETC - Armory storage,Storage system to properly organize and store firearms,Park operations (ONPS)
1345,WASO,National (WASO),VRP,Visitor and Resource Protection directorate,"office, program, network, or trail","NPS headquarters, Washington, DC",38.8939,-77.0427,as listed,LETC-Judgment Pistol Shooting Simulator,The VirTra V-100 is a portable single-screen judgment pistol and use of force simulator.,To be determined
1346,WASO,National (WASO),VRP,Visitor and Resource Protection directorate,"office, program, network, or trail","NPS headquarters, Washington, DC",38.8939,-77.0427,as listed,ORM - Adobe Creative Cloud,Adobe suite of tools to process training content including video production and audio editing,Park operations (ONPS)
1347,WASO,National (WASO),VRP,Visitor and Resource Protection directorate,"office, program, network, or trail","NPS headquarters, Washington, DC",38.8939,-77.0427,as listed,ORM - Bruker Tracer 5g XRF analyzer (IH Equipment),"Bruker Tracer 5g XRF analyzer with field deployment accessories and NPS operations applicable calibrations. (These calibrations are the instrument setups, not the routine regular calibrations. No annual calibration needed for this analyzer.)",Park operations (ONPS)
1348,WASO,National (WASO),VRP,Visitor and Resource Protection directorate,"office, program, network, or trail","NPS headquarters, Washington, DC",38.8939,-77.0427,as listed,ORM - Ergonomics Assessment and Training,"Professional Ergonomics Assessment for NPS Fee Booth Operations and training to address findings/controls for field staff (including noise reduction), design of future booths",Park operations (ONPS)
1349,WASO,National (WASO),VRP,Visitor and Resource Protection directorate,"office, program, network, or trail","NPS headquarters, Washington, DC",38.8939,-77.0427,as listed,ORM - Gasmet GT5000 Portable FTIR Multi-Gas Analyzer,"Gasmet GT5000 Portable FTIR Multi-Gas Analyzer with field deployable configurations, For field deployment to identify and monitor harmful gas concentrations that could cause injury or death to personnel responding to natural disasters, chemical spills, wildland fire and structural fire incidents as well as the many other austere environments.",Park operations (ONPS)
1350,WASO,National (WASO),VRP,Visitor and Resource Protection directorate,"office, program, network, or trail","NPS headquarters, Washington, DC",38.8939,-77.0427,as listed,ORM - Medical Surveillance to solve occ health issues,"Rhabdo solutions, surveys to inform prevention strategies",Park operations (ONPS)
1351,WASO,National (WASO),VRP,Visitor and Resource Protection directorate,"office, program, network, or trail","NPS headquarters, Washington, DC",38.8939,-77.0427,as listed,ORM - Occ Health monitoring solutions for incident response/disaster recovery,"Equipment rental for monitoring conditions at disaster sites (fire, severe weather, flood, etc.) with option years included",Park operations (ONPS)
1352,WASO,National (WASO),VRP,Visitor and Resource Protection directorate,"office, program, network, or trail","NPS headquarters, Washington, DC",38.8939,-77.0427,as listed,ORM - OL/ORM SPE/GAR cards,Quick series printed pocket cards illustrating the Operational Risk Management Process,Park operations (ONPS)
1353,WASO,National (WASO),VRP,Visitor and Resource Protection directorate,"office, program, network, or trail","NPS headquarters, Washington, DC",38.8939,-77.0427,as listed,ORM - Risk Management App,Risk Management App Development - OL with SPE/GAR,Park operations (ONPS)
1354,WASO,National (WASO),VRP,Visitor and Resource Protection directorate,"office, program, network, or trail","NPS headquarters, Washington, DC",38.8939,-77.0427,as listed,ORM - Root Cause Analysis Training,"Training to aid NPS employees in conducting root cause analysis (virtual or live, multiple sessions, vendor led)",Park operations (ONPS)
1355,WASO,National (WASO),VRP,Visitor and Resource Protection directorate,"office, program, network, or trail","NPS headquarters, Washington, DC",38.8939,-77.0427,as listed,ORM - Study of dermal exposures from wildfire ash,Assessment of biological exposure indices for contaminant exsorption during incident response,Park operations (ONPS)
1356,WASO,National (WASO),VRP,Visitor and Resource Protection directorate,"office, program, network, or trail","NPS headquarters, Washington, DC",38.8939,-77.0427,as listed,ORM- IH data collection and assessments,BPA call order for IH data collection,Park operations (ONPS)
1357,WASO,National (WASO),VRP,Visitor and Resource Protection directorate,"office, program, network, or trail","NPS headquarters, Washington, DC",38.8939,-77.0427,as listed,Peppershock Media Productions,Audio Visual/ pod cast production,Other
1358,WASO,National (WASO),VRP,Visitor and Resource Protection directorate,"office, program, network, or trail","NPS headquarters, Washington, DC",38.8939,-77.0427,as listed,Starlink Services,Provide and maintain Starlink activations for 6 units,Park operations (ONPS)
1359,WASO,National (WASO),VRP,Visitor and Resource Protection directorate,"office, program, network, or trail","NPS headquarters, Washington, DC",38.8939,-77.0427,as listed,Web Based Webservice with Forest Service,For Lessons Learned,Other
1360,MWR,Midwest,VOYA,Voyageurs National Park,park unit,Voyageurs National Park,48.4657,-92.8855,as listed,2nd cycle computer purchase,2nd cycle computer purchase,Park operations (ONPS)
1361,MWR,Midwest,VOYA,Voyageurs National Park,park unit,Voyageurs National Park,48.4657,-92.8855,as listed,VOYA Replace 1 Maintenance Utility Vehicle,Replace 1 Maintenance Utility Vehicle,Park operations (ONPS)
1362,IMR,Intermountain,WACO,Waco Mammoth National Monument,park unit,Waco Mammoth National Monument,31.6049,-97.1762,as listed,Building Security Access,Building Security Access,To be determined
1363,IMR,Intermountain,WACO,Waco Mammoth National Monument,park unit,Waco Mammoth National Monument,31.6049,-97.1762,as listed,Rehabilitate Walkway Railings and Add Shield Barrier,Rehabilitate Walkway Railings and Add Shield Barrier,Repair and rehabilitation
1364,IMR,Intermountain,WACA,Walnut Canyon National Monument,park unit,Walnut Canyon National Monument,35.1666,-111.5036,as listed,2026 Rehab of Cubicle Walls at Park Headquarters,Purchase and installation of office cubicle walls,Park operations (ONPS)
1365,PWR,Pacific West,WAPA,War in the Pacific National Historical Park,park unit,War in the Pacific National Historical Park,13.3897,144.6546,as listed,Supply Solar Bollard Lights,"Supply 400 commercially available Solar Bollard Light fixtures and deliver to War in the Pacific National Historical Park, Guam",Park operations (ONPS)
1366,WASO,National (WASO),WASO,Washington Support Office,"office, program, network, or trail","NPS headquarters, Washington, DC",38.8939,-77.0427,as listed,ECCB BLRV Slater Mill EECA SAP and EECA 5NER3461,"ECCB Blackstone River Valley NHP Slater Mill Historic Site EDL#5NER3461 Prepare a CERCLA Engineering Evaluation Cost Analysis (EECA) Sampling and Analysis Plan, EECA Report, Action Memo/NFR, and Optional Removal Design Report",Other
1367,WASO,National (WASO),WASO,Washington Support Office,"office, program, network, or trail","NPS headquarters, Washington, DC",38.8939,-77.0427,as listed,"ECCB GATE Callahead Site SI SAPP/QAPP, SI Report, and RSE Report","ECCB Gateway National Recreation Area, Callahead Site. Finalize Sampling and Analysis Plan, Prepare Quality Assurance Project Plan, Site Inspection Report, and Removal Site Evaluation Report",Park operations (ONPS)
1368,WASO,National (WASO),WASO,Washington Support Office,"office, program, network, or trail","NPS headquarters, Washington, DC",38.8939,-77.0427,as listed,ECCB GATE Callahead Site Technical Services,"ECCB Gateway National Recreation Area, Callahead Site. Award contract for Technical Services to support negotiations with State/PRP and CERCLA and SURPA cases.",Park operations (ONPS)
1369,WASO,National (WASO),WASO,Washington Support Office,"office, program, network, or trail","NPS headquarters, Washington, DC",38.8939,-77.0427,as listed,"ECCB NERI Brookside FR EECA Approval Memo, NFA Memo, or NTCRA Action Memo","ECCB New River Gorge NP, Brookside Firing Range EDL#5NER3312 Exercise optional tasks on BPA Order 140P2124F0203 for Engineering Evaluation Cost Analysis Approval Memo, No Further Action Memo, or Non-Time Critical Removal Action Memo.",Park operations (ONPS)
1370,WASO,National (WASO),WASO,Washington Support Office,"office, program, network, or trail","NPS headquarters, Washington, DC",38.8939,-77.0427,as listed,ECCB RICH Fort Darling Landfill Site Technical Services,"ECCB, Richmond Battlefield Park, Fort Darling Landfill Site EDL#5NER108 Award contract for Negotiations with PRP, Remedial Design, and Remedial Action Oversight",Central Hazardous Materials Fund
1371,WASO,National (WASO),WASO,Washington Support Office,"office, program, network, or trail","NPS headquarters, Washington, DC",38.8939,-77.0427,as listed,HFC Software Systems development,"Develop project management, reporting, and tracking system for the Harpers Ferry Center within the SharePoint platform or using a COTS product that integrates with the Microsoft Platform. May also develop other product special planning tools based on existing applications based on FileMaker Pro.",Park operations (ONPS)
1372,WASO,National (WASO),WASO,Washington Support Office,"office, program, network, or trail","NPS headquarters, Washington, DC",38.8939,-77.0427,as listed,Train interpreters across all NPS units to produce strategic plans,The contractor will train interpreters in a learn-do method to produce strategic plans for their parks' interpretive programs. All training will occur via video conference in cohort models. Participants will learn methods of strategic planning specific to interpretation. Participants will produce viable strategic plans for their operations as a result.,Park operations (ONPS)
1373,IMR,Intermountain,WABA,Washita Battlefield National Historic Site,park unit,Washita Battlefield National Historic Site,35.6208,-99.7045,as listed,WABA Maintenance Building Reconstruction Design Development (DD) and Construction Documents (CD),This component covers the DD and CD phase of the reconstruction project.,Disaster supplemental
1374,AKR,Alaska,WEAR,Western Arctic National Parklands,"office, program, network, or trail","Kotzebue, Alaska",66.8926,-162.6052,as listed,"Replace Exterior Windows in Three Housing Units - 4-Plex, Duplex 297, Residence 297B","In the summer of FY27, the National Park Service (NPS) Maintenance team will replace outdated and inefficient double-paned windows in three housing units at WEAR. This project will involve the complete removal and disposal of old windows, installation of new triple-pane energy-efficient window units, and the addition of weatherproofing measures to extend the durability and performance of the windows in extreme weather conditions.",Cyclic maintenance
1375,PWR,Pacific West,WHIS,Whiskeytown National Recreation Area,park unit,Whiskeytown National Recreation Area,40.6163,-122.6127,as listed,Title II – Construct WES School Administration Building,Title II construction document services for building design of new Whiskeytown Environmental School administration building.,Other
1376,PWR,Pacific West,WHIS,Whiskeytown National Recreation Area,park unit,Whiskeytown National Recreation Area,40.6163,-122.6127,as listed,Title II – Construct WES School Buildings (Cabins),Title II construction document services for building design of new Whiskeytown Environmental School cabins.,Other
1377,PWR,Pacific West,WHIS,Whiskeytown National Recreation Area,park unit,Whiskeytown National Recreation Area,40.6163,-122.6127,as listed,Title II – Rehabilitate Utilities Infrastructure at Whiskeytown Environmental School,"Title II construction document services for water, electrical, and sewer lines and road improvements.",Repair and rehabilitation
1378,IMR,Intermountain,WHSA,White Sands National Park,park unit,White Sands National Park,32.7648,-106.326,as listed,"Complete Compliance, Design, Repair, Replacement VC Interp Exhibit","This multi-year project will be a contracted design-build project to replace broken and worn components of the visitor center interpretive exhibits. This project will repair visitor center exhibits after 10 years of use to maintain quality visitor experience, add brand new exhibits from international significant research occurring in the park, and address safety concerns of broken components.",Recreation fees (FLREA)
1379,IMR,Intermountain,WHSA,White Sands National Park,park unit,White Sands National Park,32.7648,-106.326,as listed,Correct Park Identification Signs,This project will continue the process of updating park identification signs and the restoration of a historic identification sign that sits within the historic district at White Sands National Park. Installing new administration building sign and the movement of an existing national park sign to a more accessible location within the park district.,Recreation fees (FLREA)
1380,IMR,Intermountain,WHSA,White Sands National Park,park unit,White Sands National Park,32.7648,-106.326,as listed,Holloman_-_Refuse_Water_Support_-_WHSA,Option Year 4 - IAA_P20PG00344_-_Holloman_-_Refuse_Water_Support_-_WHSA,Park operations (ONPS)
1381,IMR,Intermountain,WHSA,White Sands National Park,park unit,White Sands National Park,32.7648,-106.326,as listed,Replace and Install Fence at Water and Waste Water Areas,This project will replace the fence at the sewage lagoons and add a fence at pumphouse and water tank. The fence at the sewage lagoons is beyond their useful life and the new fence is required to protect critical infrastructure at the pumphouse and water tank locations.,Recreation fees (FLREA)
1382,IMR,Intermountain,WHSA,White Sands National Park,park unit,White Sands National Park,32.7648,-106.326,as listed,"Replace Bathtubs and Repair Tile Walls in Quarters 1,2,3","Replace bathtubs in Historic Quarters 1, 2 and 3. Reuse as much tile as possible and re-tile bathtub walls. Replace fixtures for shower, faucets & drains.",Cyclic maintenance
1383,IMR,Intermountain,WHSA,White Sands National Park,park unit,White Sands National Park,32.7648,-106.326,as listed,Secure Storage Unit for Interpretive,To secure a lease of an off-site storage facility within driving distance of the park for use by the interpretive division. Multiple option years will be included in the requirement.,Park operations (ONPS)
1384,IMR,Intermountain,WHSA,White Sands National Park,park unit,White Sands National Park,32.7648,-106.326,as listed,UTV replacement,Replacement of UTV,Park operations (ONPS)
1385,MWR,Midwest,WIHO,William Howard Taft National Historic Site,park unit,William Howard Taft National Historic Site,39.1197,-84.5078,as listed,A/E Design for Construct Retaining Wall & Remove Old Parking Area,"Design Retaining Wall to stabilize dirt protecting Historic Stone Wall and remove old parking area. Design work also includes design work for entrance gate and stone column, and Carriage Road (see PMISs 258186 and 331572).",Repair and rehabilitation
1386,MWR,Midwest,WICR,Wilson's Creek National Battlefield,park unit,Wilson's Creek National Battlefield,37.0997,-93.4092,as listed,: Maximize Visitor Understanding with Critical Conservation Treatment to General Sigel Artifacts,"Funding will provide contract labor and shipping costs to provide professional conservation treatment to a framed officer’s commission, presentation sword and scabbard, and pistol belonging to Major General Franz Sigel, U.S. Army. These artifacts are scheduled to be displayed in the exhibit gallery on a rotating basis. Conservation will preserve these enduring symbols for future generations.",Park operations (ONPS)
1387,MWR,Midwest,WICR,Wilson's Creek National Battlefield,park unit,Wilson's Creek National Battlefield,37.0997,-93.4092,as listed,Hempstead flag preservation,"Funding will provide contract labor, travel costs and shipping costs to provide professional conservation treatment to one Civil War era flag. The flag is scheduled to be displayed on a specially constructed flag wall on a rotating basis. Textile conservation will preserve these enduring symbols for future generations. Flags were pieces of art, important symbols, and a means of communication on the battlefield. They were symbols of the bond that existed between local communities and their soldi",Park operations (ONPS)
1388,MWR,Midwest,WICR,Wilson's Creek National Battlefield,park unit,Wilson's Creek National Battlefield,37.0997,-93.4092,as listed,Remove and Replace Rail Fence Throughout the Park Phase 1 / LRF MAT Youth,"This project in conjunction with PMIS projects 342239 and 342241 will provide the funding for labor and materials to replace 15,472 LF of 8 rail, split rail fence on Wilson€™s Creek National Battlefield. Due to the amount of time it takes to make and acquire this much split rail; this project will cover 1/3 of the total rail to be replaced on the battlefield. Project will be completed by MAT/Youth.",Other
1389,MWR,Midwest,WICR,Wilson's Creek National Battlefield,park unit,Wilson's Creek National Battlefield,37.0997,-93.4092,as listed,Replace Failing Gates to Park Administrative and I&M Offices,"Funding would provide contract labor, equipment, and materials to repoint brick motor joints of two existing gates that provide access to administrative offices. These gates are composed of approximately 520 square feet of brick, consisting of four 12 feet tall 2’ by 2’ columns and four 4.5 feet tall 2’ by 2’ columns; two retaining walls 18’ long by 2’ tall, 2’ thick and two retaining walls 18’ long by 4’ tall, 2’ thick. In addition to the repointing there is approximately 45% of the existing br",Repair and rehabilitation
1390,NCR,National Capital,WOTR,Wolf Trap National Park for the Performing Arts,park unit,Wolf Trap National Park for the Performing Arts,38.9379,-77.2637,as listed,Cyclic Replacement of Pneumatic Controls,"Replace pneumatic controls with appropriate wired connections for controlling fans, louvers and dampers. Devices are still supplied by rubber piping, plastic tubing or metal tube that control or adjust their operations. These control inputs used to come from either the Heating, Ventilation, and Air Conditioning (HVAC) system controller or Fire Detection System. Devices now are not functioning because they are not controlled.",Not specified
1391,NCR,National Capital,WOTR,Wolf Trap National Park for the Performing Arts,park unit,Wolf Trap National Park for the Performing Arts,38.9379,-77.2637,as listed,Cyclic Technical Tree Work,"This project is for periodic pruning and the technical removal of hazardous trees and limbs in and adjacent to public and administrative use areas. A certified arborist on the park staff performs a condition assessment several times a year, and after all major storm events to identify trees that pose a risk to visitors and employees.",Not specified
1392,NCR,National Capital,WOTR,Wolf Trap National Park for the Performing Arts,park unit,Wolf Trap National Park for the Performing Arts,38.9379,-77.2637,as listed,Install New Light Poles and Bases - East Lot,"Replacement of East Lot light poles due to age and deterioration of anchor bolts and electrical wiring. This will also include concrete bases and wiring from panel box to the poles. This project consists of removing 27 – 12ft. light poles with 4 light heads, transformer base, and 27– 30” diameter concrete anchor bases. 9 of these poles have specialized lighting features.",Not specified
1393,NCR,National Capital,WOTR,Wolf Trap National Park for the Performing Arts,park unit,Wolf Trap National Park for the Performing Arts,38.9379,-77.2637,as listed,Repair Guard Rail - Main Gate Circle,This project is to replace and repair the Guard Rail that surrounds the are of the Dimple of Main Gate Circle.,Not specified
1394,NCR,National Capital,WOTR,Wolf Trap National Park for the Performing Arts,park unit,Wolf Trap National Park for the Performing Arts,38.9379,-77.2637,as listed,WOTR Custodial Services Opt yr 2,Executing Opt yr 2 of Custodial Contract,Not specified
1395,NCR,National Capital,WOTR,Wolf Trap National Park for the Performing Arts,park unit,Wolf Trap National Park for the Performing Arts,38.9379,-77.2637,as listed,WOTR Golf Carts Opt 2 -,Execution of opt yr 2 for Golf Carts at Wolf Trap NPFPA,Not specified
1396,NCR,National Capital,WOTR,Wolf Trap National Park for the Performing Arts,park unit,Wolf Trap National Park for the Performing Arts,38.9379,-77.2637,as listed,WOTR Mowing Base + 4 yrs,Mowing contract for Wolf Trap NPFPA,Not specified
1397,NCR,National Capital,WOTR,Wolf Trap National Park for the Performing Arts,park unit,Wolf Trap National Park for the Performing Arts,38.9379,-77.2637,as listed,WOTR Replace Failing LED Houselight Fixtures,"Replace LED fixtures, which are essential for carrying out the park's mission of live performing arts.",Not specified
1398,NCR,National Capital,WOTR,Wolf Trap National Park for the Performing Arts,park unit,Wolf Trap National Park for the Performing Arts,38.9379,-77.2637,as listed,WOTR Trash Services base + 4 yrs,Trash services contract for Wolf Trap NPFPA,Not specified
1399,AKR,Alaska,WRST,Wrangell-St. Elias National Park and Preserve,park unit,Wrangell-St. Elias National Park and Preserve,61.2156,-143.866,as listed,Inspection of lifts and hoists in park,Annual inspection of hoists and lifts in the park,Park operations (ONPS)
1400,AKR,Alaska,WRST,Wrangell-St. Elias National Park and Preserve,park unit,Wrangell-St. Elias National Park and Preserve,61.2156,-143.866,as listed,Purchase Helical Pile Attachment and Supplies for Bollard Project,Purchase attachment and Supplies,Park operations (ONPS)
1401,AKR,Alaska,WRST,Wrangell-St. Elias National Park and Preserve,park unit,Wrangell-St. Elias National Park and Preserve,61.2156,-143.866,as listed,Rental of construction equipment,Rental of Construction equipment for trail projects,Cyclic maintenance
1402,AKR,Alaska,WRST,Wrangell-St. Elias National Park and Preserve,park unit,Wrangell-St. Elias National Park and Preserve,61.2156,-143.866,as listed,Replace ATV,Replace two atv's,Park operations (ONPS)
1403,AKR,Alaska,WRST,Wrangell-St. Elias National Park and Preserve,park unit,Wrangell-St. Elias National Park and Preserve,61.2156,-143.866,as listed,Replace Hazardous Containment Units for Safely Staging Waste,This project will purchase appropriately lined and spill-proof containers for the storing and staging of routinely generated hazardous waste.,Other
1404,AKR,Alaska,WRST,Wrangell-St. Elias National Park and Preserve,park unit,Wrangell-St. Elias National Park and Preserve,61.2156,-143.866,as listed,Replace UTV's,Replace two UTV's,Park operations (ONPS)
1405,AKR,Alaska,WRST,Wrangell-St. Elias National Park and Preserve,park unit,Wrangell-St. Elias National Park and Preserve,61.2156,-143.866,as listed,Replace UTV's,purchase utv's,Park operations (ONPS)
1406,AKR,Alaska,WRST,Wrangell-St. Elias National Park and Preserve,park unit,Wrangell-St. Elias National Park and Preserve,61.2156,-143.866,as listed,Trailer Replacement,Replace Park utility trailer,Park operations (ONPS)
1407,IMR,Intermountain,YELL,Yellowstone National Park,park unit,Yellowstone National Park,44.583,-110.4901,as listed,Barricades Task Order,Barricades Task Order,To be determined
1408,IMR,Intermountain,YELL,Yellowstone National Park,park unit,Yellowstone National Park,44.583,-110.4901,as listed,Bison Processing,Contracting services to process bison in a slaughter facility,Concession franchise fees
1409,IMR,Intermountain,YELL,Yellowstone National Park,park unit,Yellowstone National Park,44.583,-110.4901,as listed,Bison Shipment to Slaughter,Contract to obtain services to ship live bison to slaughter facility,Concession franchise fees
1410,IMR,Intermountain,YELL,Yellowstone National Park,park unit,Yellowstone National Park,44.583,-110.4901,as listed,Bison Telonics sheep and deer collars,repair deer and bighorn sheep radio collars,Park operations (ONPS)
1411,IMR,Intermountain,YELL,Yellowstone National Park,park unit,Yellowstone National Park,44.583,-110.4901,as listed,Campground Rehabilitation,Campground Rehabilitation,To be determined
1412,IMR,Intermountain,YELL,Yellowstone National Park,park unit,Yellowstone National Park,44.583,-110.4901,as listed,Copier Maintenance Agreement for Yellowstone National Park,"maintenance on twenty (20) Xerox, Canon and HP copiers. The quantity of copiers is subject to change.",Park operations (ONPS)
1413,IMR,Intermountain,YELL,Yellowstone National Park,park unit,Yellowstone National Park,44.583,-110.4901,as listed,Fishing Bridge Fisheries Dock Repairs Continued,Fishing Bridge Fisheries Dock Repairs,To be determined
1414,IMR,Intermountain,YELL,Yellowstone National Park,park unit,Yellowstone National Park,44.583,-110.4901,as listed,Grant Contractor RV Court Laundry Building,Grant Contractor RV Court Laundry Building,To be determined
1415,IMR,Intermountain,YELL,Yellowstone National Park,park unit,Yellowstone National Park,44.583,-110.4901,as listed,Install Street Signs across the park,Install street signs across the park to help locate buildings for service calls across Divisions.,Other
1416,IMR,Intermountain,YELL,Yellowstone National Park,park unit,Yellowstone National Park,44.583,-110.4901,as listed,Lava Creek Soda Butte Trail Bridge Purchase,Lava Creek Soda Butte Trail Bridge Purchase,To be determined
1417,IMR,Intermountain,YELL,Yellowstone National Park,park unit,Yellowstone National Park,44.583,-110.4901,as listed,New and replacement Wash Houses for contractor RV sites across the park.,"We are in need of wash house facilities for our contractors and employees living in the NPS ran RV sites. Facilities to include, laundry facilities, showers, and restrooms.",Other
1418,IMR,Intermountain,YELL,Yellowstone National Park,park unit,Yellowstone National Park,44.583,-110.4901,as listed,Pest Management Exclusion & Repair,Pest Management Exclusion & Repair,To be determined
1419,IMR,Intermountain,YELL,Yellowstone National Park,park unit,Yellowstone National Park,44.583,-110.4901,as listed,Purchase Boardwalk Buggies,Purchase Boardwalk Buggies,To be determined
1420,IMR,Intermountain,YELL,Yellowstone National Park,park unit,Yellowstone National Park,44.583,-110.4901,as listed,Purchase of Regulatory Signs,Park wide purchase of signs for regulatory compliance,Other
1421,IMR,Intermountain,YELL,Yellowstone National Park,park unit,Yellowstone National Park,44.583,-110.4901,as listed,"Purchase Picnic Tables, Bear Boxes, Fire Rings","Purchase Picnic Tables, Bear Boxes, Fire Rings",To be determined
1422,IMR,Intermountain,YELL,Yellowstone National Park,park unit,Yellowstone National Park,44.583,-110.4901,as listed,Purchase replacement skid steer Unit and attachments For Lake,"A replacement wheeled skid steer is needed at Lake Proper along with necessary attachments. This unit is needed to maintain the roadside ditches, clear snow for spring opening, maintain the horse corrals, and perform the general maintenance needs of the Lake Proper Sub-District",Other
1423,IMR,Intermountain,YELL,Yellowstone National Park,park unit,Yellowstone National Park,44.583,-110.4901,as listed,Purchase UTV's,Purchase UTV's for park campground maintenance,To be determined
1424,IMR,Intermountain,YELL,Yellowstone National Park,park unit,Yellowstone National Park,44.583,-110.4901,as listed,Rehab Lake Wash House,"Rehab existing wash house, furnace, showers, restroom, and laundry.",Cyclic maintenance
1425,IMR,Intermountain,YELL,Yellowstone National Park,park unit,Yellowstone National Park,44.583,-110.4901,as listed,Replace Yellowstone Center for Resources (YCR) roof and sprinkler system,Replace Yellowstone Center for Resources (YCR) roof and sprinkler system.,Other
1426,IMR,Intermountain,YELL,Yellowstone National Park,park unit,Yellowstone National Park,44.583,-110.4901,as listed,RV Contractor Courts Utilities Upgrades,RV Contractor Courts Utilities Upgrades,To be determined
1427,IMR,Intermountain,YELL,Yellowstone National Park,park unit,Yellowstone National Park,44.583,-110.4901,as listed,Scene of Action (SOA) Repeaters,"Three new SOA repeaters for WL Fire, SAR, Incidents, etc. Replace EOL SOA",To be determined
1428,IMR,Intermountain,YELL,Yellowstone National Park,park unit,Yellowstone National Park,44.583,-110.4901,as listed,Seagull Dorm interior and exterior renovation,Renovate Seagull dorm to increase housing for NPS employees,Other
1429,IMR,Intermountain,YELL,Yellowstone National Park,park unit,Yellowstone National Park,44.583,-110.4901,as listed,Six Land Mobile Radio Repeater Shelters,"6'x6'x8' walk-in shelter, 40-foot tower, electrical, faraday grounding, flight to deliver to the summit of Mount Holmes, Top Notch, Sheridan, Survey Peak, Purple Mountain, and Druid. To build LE/Admin radio channels and protect equipment.",To be determined
1430,IMR,Intermountain,YELL,Yellowstone National Park,park unit,Yellowstone National Park,44.583,-110.4901,as listed,Vault Toilet at Canyon Corals,A vault toilet is needed for Back Country operations at the Canyon Corals,Other
1431,IMR,Intermountain,YELL,Yellowstone National Park,park unit,Yellowstone National Park,44.583,-110.4901,as listed,Wildlife Health Life Tech Corp,Optional year attached to service contract to clean and calibrate lab equipment,To be determined
1432,IMR,Intermountain,YELL,Yellowstone National Park,park unit,Yellowstone National Park,44.583,-110.4901,as listed,"YELL 9""-inch 2 ply toilet paper","Toilet Paper: 9""Inch "" 2 Ply, Quantity 2500 Cases, 12 / 9"" rolls per case, 50 Cases per pallet. To be delivered between Feb 1st and July 1st, 2026 (Due to space constraints this order will be delivered in two shipments)",Park operations (ONPS)
1433,IMR,Intermountain,YELL,Yellowstone National Park,park unit,Yellowstone National Park,44.583,-110.4901,as listed,YELL : Heavy Duty Wiping Towels,"Heavy Duty Wiping Towels: Quantity 300 Cases, 5 Bx Per Case, 60 Cases per pallet, to be delivered by April 1st, 2026",Park operations (ONPS)
1434,IMR,Intermountain,YELL,Yellowstone National Park,park unit,Yellowstone National Park,44.583,-110.4901,as listed,YELL Armored Car Service,"Transportation, pickup and delivery contract by armored courier service of cash in entrance and campground fees from 10 National Park Service locations to the Federal Reserve Bank in Bozeman, Montana. Funds are transported by armored courier year-round.",Recreation fees (FLREA)
1435,IMR,Intermountain,YELL,Yellowstone National Park,park unit,Yellowstone National Park,44.583,-110.4901,as listed,YELL Consolidated Computer Buy,computer replacement cycle for FY26,Concession franchise fees
1436,IMR,Intermountain,YELL,Yellowstone National Park,park unit,Yellowstone National Park,44.583,-110.4901,as listed,YELL Door Access Control Upgrades,"Bring Yellowstone door access up to date, allowing use of PIV Cards",Concession franchise fees
1437,IMR,Intermountain,YELL,Yellowstone National Park,park unit,Yellowstone National Park,44.583,-110.4901,as listed,YELL Household TP,"Toilet Paper: 2 Ply 4"" x 3-3/4"", Quantity 350 cases, 500 Sheets per roll, 96 / rolls per case, 20 Cases per pallet. To be delivered by March 1st, 2026",Park operations (ONPS)
1438,IMR,Intermountain,YELL,Yellowstone National Park,park unit,Yellowstone National Park,44.583,-110.4901,as listed,"Yell PR Bridge Maintenance (cleaning, maint, etc)","Yell PR Bridge Maintenance (cleaning, maint, etc)",To be determined
1439,IMR,Intermountain,YELL,Yellowstone National Park,park unit,Yellowstone National Park,44.583,-110.4901,as listed,"Yell PR Hazard Tree Inspection, Removal, & Plant","Yell PR Hazard Tree Inspection, Removal, & Plant",To be determined
1440,IMR,Intermountain,YELL,Yellowstone National Park,park unit,Yellowstone National Park,44.583,-110.4901,as listed,YELL PR Purchase a commercial washing machine,Yellowstone Purchase with delivery using GSA Advantage(Mandatory Source) Milnor Heavy duty washing machine • Milnor Model 30022VRJ Commercial Washer Extractor OR EQUAL,Other
1441,IMR,Intermountain,YELL,Yellowstone National Park,park unit,Yellowstone National Park,44.583,-110.4901,as listed,Yell PR Purchase Steel Plates,Purchase steel plates for bridge maintenance.,To be determined
1442,IMR,Intermountain,YELL,Yellowstone National Park,park unit,Yellowstone National Park,44.583,-110.4901,as listed,Yell PR Purchase Wood Post products.,Purchase wood posts for fences.,To be determined
1443,IMR,Intermountain,YELL,Yellowstone National Park,park unit,Yellowstone National Park,44.583,-110.4901,as listed,Yell PR Request for Information Underground Storage Tanks and programs for fuel distribution,Yell PR Request for Information Underground Storage Tanks and program for fuel distribution,To be determined
1444,IMR,Intermountain,YELL,Yellowstone National Park,park unit,Yellowstone National Park,44.583,-110.4901,as listed,Yell PR Small Asphalt Laydown Machine,Yell PR Small Asphalt Laydown Machine,To be determined
1445,IMR,Intermountain,YELL,Yellowstone National Park,park unit,Yellowstone National Park,44.583,-110.4901,as listed,YELL Replace Entrance Station Security Systems,Replace security cameras at entrance stations.,Recreation fees (FLREA)
1446,IMR,Intermountain,YELL,Yellowstone National Park,park unit,Yellowstone National Park,44.583,-110.4901,as listed,YELL Sylvan Pass Weather Station Installation,Procure weather station to support avalanche forecasting on Sylvan Pass along the park's East Entrance Road.,Concession franchise fees
1447,IMR,Intermountain,YELL,Yellowstone National Park,park unit,Yellowstone National Park,44.583,-110.4901,as listed,YELL: 55 Gallon Garbage Bags,"55 Gallon Garbage Bags: Quantity 200 Bx, to be delivered by April 1st, 2026",Park operations (ONPS)
1448,IMR,Intermountain,YELL,Yellowstone National Park,park unit,Yellowstone National Park,44.583,-110.4901,as listed,YELL: Diesel Exhaust Fluid,"Yellowstone: Diesel Exhaust Fluid 2.5 Gallon Box, Quantity 1200 Bx, 80 Box per pallet, 15 Pallets, to be delivered by Feb 1st, 2026",Park operations (ONPS)
1449,IMR,Intermountain,YELL,Yellowstone National Park,park unit,Yellowstone National Park,44.583,-110.4901,as listed,YELL: Hand Sanitizer,"Hand Sanitizer Refill Bags: Quantity 550 Cases, 8 refill bags per case, 80 cases per pallet, to be delivered by March 1st, 2026",Park operations (ONPS)
1450,IMR,Intermountain,YELL,Yellowstone National Park,park unit,Yellowstone National Park,44.583,-110.4901,as listed,YELL: Hand Soap,"Hand Soap refill: Quantity 550 Cases, 4 Bottles per Case, 100 Cases per pallet, To be delivered by March 1st 2026",Park operations (ONPS)
1451,IMR,Intermountain,YELL,Yellowstone National Park,park unit,Yellowstone National Park,44.583,-110.4901,as listed,Yellowstone Arrowhead Wi-Fi Expansion,Arrowhead Access points for expanding NPS Wi-Fi Network at multiple locations throughout Yellowstone.,Concession franchise fees
1452,PWR,Pacific West,YOSE,Yosemite National Park,park unit,Yosemite National Park,37.8413,-119.5428,inferred from title or description,CS - Condition Assessment – YOSE003,"This contract is for professional services to assess the condition, maintenance, and capital improvement needs of NPS-owned facilities for the next concession contract. This is crucial for compliance with the 1998 Concession Management Improvement Act (54 U.S.C. §§ 101911–101926), which mandates safeguards for resource protection and reasonable profit opportunities. Specialized expertise is needed for objective assessments.",Concession franchise fees
1453,PWR,Pacific West,YOSE,Yosemite National Park,park unit,Yosemite National Park,37.8413,-119.5428,as listed,Design and Install Wahhoga Utility Connections,"This project supports the reestablishment of tribal education, stewardship, and healing on the ancestral Indian village of Wahhoga in Yosemite Valley. This effort will restore access to necessary infrastructure for the continuation of traditional cultural connections to ancestral homelands. The project will design and construct the following: - Restore code-compliant water distribution - Restore sanitary wastewater system - Provide electricity and connectivity",Other
1454,PWR,Pacific West,YOSE,Yosemite National Park,park unit,Yosemite National Park,37.8413,-119.5428,as listed,Expand Public Wi-Fi in Five Areas of Yosemite National Park,"Establish new Public Wi-Fi access points in Yosemite Valley, El Portal, Wawona, Crane Flat, and Tuolumne. This project will replace the current underground Wi-Fi infrastructure with transmitters that include mesh node hardware at strategic locations to increase Wi-Fi coverage and capacity for visitors as well as operational support. This project will purchase the equipment only. Park Telecommunication Specialists and IT Specialists will install equipment.",Recreation fees (FLREA)
1455,PWR,Pacific West,YOSE,Yosemite National Park,park unit,Yosemite National Park,37.8413,-119.5428,as listed,Purchase of Bear Proof Trash and Recycling Receptacles,Purchase of bear proof trash and recycling receptacles to support bear safety in public areas parkwide,Cyclic maintenance
1456,PWR,Pacific West,YOSE,Yosemite National Park,park unit,Yosemite National Park,37.8413,-119.5428,as listed,Purchase of Furniture for Parkwide Residences,"Purchase of furniture (tables, chairs, couches, mattresses and other moveable furnishings) to maintain housing at an acceptable level.",Park housing
1457,PWR,Pacific West,YOSE,Yosemite National Park,park unit,Yosemite National Park,37.8413,-119.5428,as listed,Purchase of Hydraulic Lift Gates for Pick-Up Trucks,This requirement would be for the purchase of hydraulic lift gates (Tommy Gates or similar) for GSA vehicles for parkwide operations.,Park operations (ONPS)
1458,PWR,Pacific West,YOSE,Yosemite National Park,park unit,Yosemite National Park,37.8413,-119.5428,as listed,Purchase of Window Blinds,Purchase of window and door blinds to support parkwide operations,Park housing
1459,PWR,Pacific West,YUCH,Yukon-Charley Rivers National Preserve,park unit,Yukon-Charley Rivers National Preserve,65.0586,-143.1363,as listed,Coal Creek Fuel Tank Clean and Refurbish,Contract for a vendor to clean and refurbish Jet A fuel tank #8 at Coal Creek.,Park operations (ONPS)
1460,PWR,Pacific West,YUCH,Yukon-Charley Rivers National Preserve,park unit,Yukon-Charley Rivers National Preserve,65.0586,-143.1363,as listed,Fire - Computer Replacement,"Replacement of computers (laptops) to ensure compliance with DOI lifecycle replacement based on expiration of warranty. Project includes replacement of docking stations, monitors, and other necessary workstation needs. Ensure fire management staff have necessary IT equipment to support and respond to incidents across the Nation. Subject to available funds.",Other
1461,PWR,Pacific West,YUCH,Yukon-Charley Rivers National Preserve,park unit,Yukon-Charley Rivers National Preserve,65.0586,-143.1363,as listed,Fire - New enclosed with secondary containment flammable liquid shed,Purchase a new enclosed with secondary containment flammable liquid shed to improve inventory and control of flammable liquids to comply with OSHA and other safety regulations. Subject to funding available funds.,To be determined
1462,PWR,Pacific West,YUCH,Yukon-Charley Rivers National Preserve,park unit,Yukon-Charley Rivers National Preserve,65.0586,-143.1363,as listed,Fire - New portable and mobile wildland fire radios with accessories,Purchase new approved portable and mobile wildland fire radios with accessories to ensure wildland firefighters have the necessary communication equipment to safely engage in incident response. Request for IT Spend plan approval will be submitted. Subject to fund availability.,To be determined
1463,PWR,Pacific West,YUCH,Yukon-Charley Rivers National Preserve,park unit,Yukon-Charley Rivers National Preserve,65.0586,-143.1363,as listed,Fire - New skidsteer for mechanical fuel treatments,Purchase a new tracked skid steer with masticating head to conduct vegetation (wildland fuels) mitigation work to protect NPS and neighboring infrastructure from wildland fire. Subject to fund availability.,To be determined
1464,PWR,Pacific West,YUCH,Yukon-Charley Rivers National Preserve,park unit,Yukon-Charley Rivers National Preserve,65.0586,-143.1363,as listed,Fire - Purchase enclose trailer to provide fire and aviation support,Purchase an enclose trailer to support transportation of wildland fire and aviation equipment to support wildland fire response and vegetation (wildland fuels) mitigation work. Subject to available funds.,To be determined
1465,PWR,Pacific West,YUCH,Yukon-Charley Rivers National Preserve,park unit,Yukon-Charley Rivers National Preserve,65.0586,-143.1363,as listed,Fire - Purchase new 2000 gal Jet A Fuel tank for Dahl Creek airstrip,Purchase a skid mounted self contained 2000 gallon Jet A Fuel tank with necessary accessories to deliver fuel from tank to aircraft. Procurement should include delivery of the tank and any permitting requirements. Subject to fund availability,To be determined
1466,PWR,Pacific West,YUCH,Yukon-Charley Rivers National Preserve,park unit,Yukon-Charley Rivers National Preserve,65.0586,-143.1363,as listed,Fire - Purchase new Heavy duty trailer,Purchase a new heavy duty trailer that may tilt to support transportation of heavy equipment to projects sites to conduct vegetation (wildland fuels) mitigation work to protect NPS and neighboring infrastructure from wildland fire. Accessories will be needed such as weather tight and lockable job boxes for equipment maintenance and operation needs. Subject to available funds.,To be determined
1467,PWR,Pacific West,YUCH,Yukon-Charley Rivers National Preserve,park unit,Yukon-Charley Rivers National Preserve,65.0586,-143.1363,as listed,Fire - Replacement Flight Helmets,Replace flight helmets to reduce overall operating costs due to less inspection frequency and maintenance training requirements. Subject to available funds.,To be determined
1468,PWR,Pacific West,YUCH,Yukon-Charley Rivers National Preserve,park unit,Yukon-Charley Rivers National Preserve,65.0586,-143.1363,as listed,Fire - Replacement of boat with trailer,"Replacement of boat (vessel) with jet and/ propeller motor with trailer used to transport wildland firefighters to incidents and vegetation (wildland fuels) mitigation sites. This purchase would replace a boat that is approximately 25 years old. Accessories needed will include safety equipment, anchor, tie downs, spare trailer tire, boat cover, bimini, marine and wildland fire approved radios, and GPS unit, etc. Subject to available funds.",To be determined
1469,PWR,Pacific West,YUCH,Yukon-Charley Rivers National Preserve,park unit,Yukon-Charley Rivers National Preserve,65.0586,-143.1363,as listed,Fire - Replacement of UTV,Replacement of approximately 15 year old UTV which service dealers can no longer repair due to lack of part availability. UTV is used to transport wildland firefighters in remote areas of Alaska to aid in wildland fire response and vegetations (wildland fuels) mitigations projects. Purchase may include new trailer rated to transport UTV and other necessary safety equipment and supplies. Subject to fund availability.,To be determined
1470,PWR,Pacific West,YUCH,Yukon-Charley Rivers National Preserve,park unit,Yukon-Charley Rivers National Preserve,65.0586,-143.1363,as listed,Fire - Replacement snow machines,Replace 4 snow machines for winter access to conduct vegetation (wildland fuels) mitigation to protect NPS and neighboring infrastructure from wildland fire. Snow machines are necessary to access project sites in remote areas of Alaska. Accessories will be required to include safety equipment and storage for transporting hundreds of miles from the nearest road. Subject to fund availability.,To be determined
1471,PWR,Pacific West,YUCH,Yukon-Charley Rivers National Preserve,park unit,Yukon-Charley Rivers National Preserve,65.0586,-143.1363,as listed,Fire - Supply and Deliver of Aviation Fuel (Jet A and AvGas),BPA was created in 2025 to deliver and supply fuel to remote fuel sites through NPS Alaska Region. Delivery of aviation fuel will require road side or aerial access to fuel sites. Procurement should include delivery of fuel and the fuel itself. Aviation fuel is necessary to support access to NPS units to respond to wildland fires and other missions using fixed wing and rotor wing aircraft. Access to these sites is typically limited to Q4. Subject to fund availability and operational need.,To be determined
1472,PWR,Pacific West,YUCH,Yukon-Charley Rivers National Preserve,park unit,Yukon-Charley Rivers National Preserve,65.0586,-143.1363,as listed,Hearing Conservation Testing,Annual Hearing Conservation Program Testing (period of performance May-September 2026) to catch permanent and seasonal hires required to be on the Parks Hearing Conservation Program,Park operations (ONPS)
1473,PWR,Pacific West,YUCH,Yukon-Charley Rivers National Preserve,park unit,Yukon-Charley Rivers National Preserve,65.0586,-143.1363,as listed,Laptop replacements,Replace outdated computers,Park operations (ONPS)
1474,PWR,Pacific West,YUCH,Yukon-Charley Rivers National Preserve,park unit,Yukon-Charley Rivers National Preserve,65.0586,-143.1363,as listed,Replace Two Outdated Outboard Motors on Munson Landing Craft,Replace Two Outdated Outboard Motors on Munson Landing Craft,Other
1475,PWR,Pacific West,YUCH,Yukon-Charley Rivers National Preserve,park unit,Yukon-Charley Rivers National Preserve,65.0586,-143.1363,as listed,Utility Boat,A aluminum utility boat capable of operating in shallow water utilizing an outboard motor with a jet foot or an inboard motor with a jet drive. The boat will have a capacity to transport at least six people and their field gear. The boat will be able to be operated without a Coast Guard license.,Park operations (ONPS)
1476,IMR,Intermountain,ZION,Zion National Park,park unit,Zion National Park,37.2795,-113.0457,as listed,Construct Greenhouse and Vegetation Program Facilities,"Construction of new facilities for the vegetation program including headhouse (office), greenhouse, shade structure, and grow field. Current structures are failing largely due to settling soils. The layout of the facilities with operations that put a lot of water (shade house and grow field) up slope of the headhouse and greenhouse likely exacerbate the problem. As such the whole operation needs to be address collectively.",Concession franchise fees
1477,IMR,Intermountain,ZION,Zion National Park,park unit,Zion National Park,37.2795,-113.0457,as listed,Construct Greenhouse and Vegetation Program Facilities,"This project is for the design and construction of new facilities for the vegetation program including headhouse (office), greenhouse, shade structure, and grow field. Current structures are failing largely due to settling soils. The layout of the facilities with operations that put a lot of water (shade house and grow field) up slope of the headhouse and greenhouse likely exacerbate the problem. As such the whole operation needs to be address collectively. This project includes site survey and",Concession franchise fees
1478,IMR,Intermountain,ZION,Zion National Park,park unit,Zion National Park,37.2795,-113.0457,as listed,Crawford Dam Removal and Diversion Headgate Replacement,"The Crawford Diversion Dam is severely undercut and presents a considerable imminent life safety issue to visitors recreating in the river. Further, the dam is a barrier to upstream fish movement and maintenance of the diversion headgate in its current position poses a challenge. This project will remove the dam, thus removing the imminent life safety hazard, allow for free upstream fish movement and relocate the headgate in a new location the improve its maintainability.",Interagency agreement
1479,IMR,Intermountain,ZION,Zion National Park,park unit,Zion National Park,37.2795,-113.0457,as listed,Furnish New South Campground Fee and Wilderness Building,"Furnish the newly constructed South Campground Fee and Wilderness Office (estimated completion March 2026) creating workspaces, storage, etc. This office is 2000 square feet that requires new desks, counters, tables, chairs, shelving, copier machine, cabinets and other office equipment in order to be functional.",Concession franchise fees
1480,IMR,Intermountain,ZION,Zion National Park,park unit,Zion National Park,37.2795,-113.0457,as listed,Perform Heavy Brush Removal at Frontcountry Maintained Landscapes,"SERVICES for: Annual work to address heavy brush growth in South Campground, Watchman Campground, Visitor Center Plaza, Museum, and the Nature Center.",Recreation fees (FLREA)
1481,IMR,Intermountain,ZION,Zion National Park,park unit,Zion National Park,37.2795,-113.0457,as listed,Rehabilitate Historic Pioneer Irrigation Ditches,"This project will provide funding to conduct cyclical maintenance and rehabilitation on two National Register-listed irrigation ditches in Zion Canyon: Flannigan and Crawford. Moneys would be used every four years to address recurring deficiencies brought on by poor soil types, gopher tunnels, decaying trees & vegetation, river intrusion, and standard erosion. Work will include repair or replacement of sections of concrete ditches and earthen ditches; removal of intruding vegetation and decaying",Cyclic maintenance
1482,IMR,Intermountain,ZION,Zion National Park,park unit,Zion National Park,37.2795,-113.0457,as listed,Rehabilitate Human History Museum Parking Lot and Plaza,"This project will rehabilitate the lower parking lot at the Human History Museum to better serve tour buses by realigning parking spaces and installing 325 linear feet (LF) of additional curbing and 1,500 square feet (SF) of sidewalk. A 2,500 SF accessible path will be added for visitors coming to the museum on buses to be able to access the facility. Sections of the 8,000 SF exposed-aggregate plaza around the museum will be repaired and replaced.",Recreation fees (FLREA)
1483,IMR,Intermountain,ZION,Zion National Park,park unit,Zion National Park,37.2795,-113.0457,as listed,Remove Gabions to Restore Wild & Scenic Virgin River,"Component to remove site features necessary for gabion removal including Emerald Pools parking area, electrical utility lines, and trees",Inflation Reduction Act
1484,IMR,Intermountain,ZION,Zion National Park,park unit,Zion National Park,37.2795,-113.0457,as listed,Repair Exterior of Historic Pine Creek Superintendent's Residence,"This project will accomplish deferred maintenance for an important, highly visible, actively interpreted historic structure, locally referred to as the First Superintendent’s Residence. All proposed work efforts will occur on exterior surfaces and features of the structure. This project will include repairing the stone entrance paths and patios, restoration of all of the exterior windows and doors, and repairs to exterior wood trim. Extensive repairs for the exterior masonry also needed.",Recreation fees (FLREA)
1485,IMR,Intermountain,ZION,Zion National Park,park unit,Zion National Park,37.2795,-113.0457,as listed,Repair Tread and Construct Footbridge on Chinle Trail,This component is for materials to repair tread and construct footbridge on Chinle Trail.,Recreation fees (FLREA)
1486,IMR,Intermountain,ZION,Zion National Park,park unit,Zion National Park,37.2795,-113.0457,as listed,Replace Highway Signage for Large Vehicle Reroute,"Contract to replace existing signage regarding vehicle size restrictions through Zion National Park, which will be changing on June 7th.",Other
1487,IMR,Intermountain,ZION,Zion National Park,park unit,Zion National Park,37.2795,-113.0457,as listed,"Repoint, Repair and Construct Masonry Structures Throughout Zion National Park",Materials for project,Recreation fees (FLREA)
1488,IMR,Intermountain,ZION,Zion National Park,park unit,Zion National Park,37.2795,-113.0457,as listed,Upgrade Components Shooting Range and Landing Zone,"Pave landing zone and range area in Zion National Park to provide a landing zone free of small rocks and other projectiles. Paving the range will provide a weed and rock free training area for firearms instruction and qualifications. This project will also replace the existing shade structure and leaking, unattractive conex-boxes that currently house helicopter equipment and firearms training equipment, with a more substantial, water and rodent proof facility.",Concession franchise fees
1489,IMR,Intermountain,ZION,Zion National Park,park unit,Zion National Park,37.2795,-113.0457,as listed,Zion Rehab Nature Center Exterior & Interior,"This project includes washing & repointing exterior stone; washing, preparing, & painting exterior wood features to include siding, soffits, windows, doors, and all trim; Washing & repointing interior stone surfaces; washing interior wood surfaces; washing, patching & painting drywall surfaces; repairing sub-floor & replacing laminate flooring; repainting or re-staining surfaces.",Recreation fees (FLREA)
1490,IMR,Intermountain,ZION,Zion National Park,park unit,Zion National Park,37.2795,-113.0457,as listed,ZION Soil Mixer,"Procurement of a soil mixer that will be used for unique soil mixes for re-vegetation efforts throughout ZION as well as CEBR, PISP, BRCA, CARE, GOSP, and other DOI units.",Recreation fees (FLREA)
1491,IMR,Intermountain,ZION,Zion National Park,park unit,Zion National Park,37.2795,-113.0457,as listed,ZION Turbo Turf Hydroseeder,"The Turbo Turf HM-400_T will be used for reseeding and re-vegetation efforts throughout ZION and will be available for similar re-vegetation projects for other parks in the region such as CEBR, GOSP, BRCA, CARE, and PISP.",Recreation fees (FLREA)
1492,IMR,Intermountain,ZION,Zion National Park,park unit,Zion National Park,37.2795,-113.0457,as listed,ZION-HACH Water Monitoring Equipment Technical Service Agreement-Option Year 1,"Zion National Park has a need to contract the required inspection, calibration, servicing, and preventative maintenance of its public water systems HACH monitoring equipment.",Other
